-- phpMyAdmin SQL Dump
-- version 3.5.3
-- http://www.phpmyadmin.net
--
-- 主机: 10.4.26.93
-- 生成日期: 2015 年 08 月 11 日 17:29
-- 服务器版本: 5.1.73-0ubuntu0.10.04.1
-- PHP 版本: 5.3.6-13ubuntu3.10

SET SQL_MODE="NO_AUTO_VALUE_ON_ZERO";
SET time_zone = "+00:00";


/*!40101 SET @OLD_CHARACTER_SET_CLIENT=@@CHARACTER_SET_CLIENT */;
/*!40101 SET @OLD_CHARACTER_SET_RESULTS=@@CHARACTER_SET_RESULTS */;
/*!40101 SET @OLD_COLLATION_CONNECTION=@@COLLATION_CONNECTION */;
/*!40101 SET NAMES utf8 */;

--
-- 数据库: `d3eff4db223d64c76b1228abb16facb89`
--

-- --------------------------------------------------------

--
-- 表的结构 `area`
--

CREATE TABLE IF NOT EXISTS `area` (
  `id` int(11) NOT NULL AUTO_INCREMENT,
  `code` int(11) DEFAULT NULL,
  `levelinfo` int(11) DEFAULT NULL,
  `lft` int(11) DEFAULT NULL,
  `name` varchar(255) DEFAULT NULL,
  `rgt` int(11) DEFAULT NULL,
  `sortnum` int(11) DEFAULT NULL,
  `pid` int(11) DEFAULT NULL,
  PRIMARY KEY (`id`),
  KEY `FK_b1fm7qk6b3kqescrgun3nsh5w` (`pid`)
) ENGINE=InnoDB  DEFAULT CHARSET=utf8 AUTO_INCREMENT=2993 ;

--
-- 转存表中的数据 `area`
--

INSERT INTO `area` (`id`, `code`, `levelinfo`, `lft`, `name`, `rgt`, `sortnum`, `pid`) VALUES
(1, NULL, 1, 1, '中国', 5984, 0, NULL),
(2, 1, 2, 2, '北京', 35, NULL, 1),
(3, 2, 2, 36, '上海', 61, NULL, 1),
(4, 3, 2, 62, '天津', 91, NULL, 1),
(5, 4, 2, 92, '重庆', 165, NULL, 1),
(6, 5, 2, 166, '黑龙江', 361, NULL, 1),
(7, 6, 2, 362, '吉林', 489, NULL, 1),
(8, 7, 2, 490, '辽宁', 635, NULL, 1),
(9, 8, 2, 636, '内蒙古', 911, NULL, 1),
(10, 9, 2, 912, '河北', 1235, NULL, 1),
(11, 10, 2, 1236, '山西', 1483, NULL, 1),
(12, 11, 2, 1484, '陕西', 1709, NULL, 1),
(13, 12, 2, 1710, '山东', 1989, NULL, 1),
(14, 13, 2, 1990, '新疆', 2229, NULL, 1),
(15, 14, 2, 2230, '西藏', 2403, NULL, 1),
(16, 15, 2, 2404, '青海', 2523, NULL, 1),
(17, 16, 2, 2524, '甘肃', 2725, NULL, 1),
(18, 17, 2, 2726, '宁夏', 2779, NULL, 1),
(19, 18, 2, 2780, '河南', 3065, NULL, 1),
(20, 19, 2, 3066, '江苏', 3249, NULL, 1),
(21, 20, 2, 3250, '湖北', 3469, NULL, 1),
(22, 21, 2, 3470, '浙江', 3653, NULL, 1),
(23, 22, 2, 3654, '安徽', 3863, NULL, 1),
(24, 23, 2, 3864, '福建', 4031, NULL, 1),
(25, 35, 2, 4032, '钓鱼岛', 4037, NULL, 1),
(26, 24, 2, 4038, '江西', 4251, NULL, 1),
(27, 25, 2, 4252, '湖南', 4487, NULL, 1),
(28, 26, 2, 4488, '贵州', 4685, NULL, 1),
(29, 27, 2, 4686, '四川', 5061, NULL, 1),
(30, 28, 2, 5062, '广东', 5325, NULL, 1),
(31, 29, 2, 5326, '云南', 5623, NULL, 1),
(32, 30, 2, 5624, '广西', 5839, NULL, 1),
(33, 31, 2, 5840, '海南', 5925, NULL, 1),
(34, 32, 2, 5926, '香港', 5935, NULL, 1),
(35, 33, 2, 5936, '澳门', 5945, NULL, 1),
(36, 34, 2, 5946, '台湾', 5983, NULL, 1),
(37, 101, 3, 3, '北京', 34, NULL, 2),
(38, 201, 3, 37, '上海', 60, NULL, 3),
(39, 301, 3, 63, '天津', 90, NULL, 4),
(40, 401, 3, 93, '重庆', 164, NULL, 5),
(41, 501, 3, 167, '哈尔滨', 194, NULL, 6),
(42, 502, 3, 195, '齐齐哈尔', 216, NULL, 6),
(43, 503, 3, 217, '牡丹江', 232, NULL, 6),
(44, 504, 3, 233, '佳木斯', 248, NULL, 6),
(45, 505, 3, 249, '绥化', 270, NULL, 6),
(46, 506, 3, 271, '黑河', 284, NULL, 6),
(47, 507, 3, 285, '大兴安岭', 300, NULL, 6),
(48, 508, 3, 301, '伊春', 312, NULL, 6),
(49, 509, 3, 313, '大庆', 324, NULL, 6),
(50, 510, 3, 325, '七台河', 330, NULL, 6),
(51, 511, 3, 331, '鸡西', 340, NULL, 6),
(52, 512, 3, 341, '鹤岗', 348, NULL, 6),
(53, 513, 3, 349, '双鸭山', 360, NULL, 6),
(54, 601, 3, 363, '长春', 376, NULL, 7),
(55, 602, 3, 377, '吉林', 390, NULL, 7),
(56, 603, 3, 391, '延边', 414, NULL, 7),
(57, 604, 3, 415, '四平', 426, NULL, 7),
(58, 605, 3, 427, '通化', 440, NULL, 7),
(59, 606, 3, 441, '白城', 452, NULL, 7),
(60, 607, 3, 453, '辽源', 460, NULL, 7),
(61, 608, 3, 461, '松原', 472, NULL, 7),
(62, 609, 3, 473, '白山', 488, NULL, 7),
(63, 701, 3, 491, '沈阳', 502, NULL, 8),
(64, 702, 3, 503, '大连', 518, NULL, 8),
(65, 703, 3, 519, '鞍山', 528, NULL, 8),
(66, 704, 3, 529, '抚顺', 538, NULL, 8),
(67, 705, 3, 539, '本溪', 546, NULL, 8),
(68, 706, 3, 547, '丹东', 556, NULL, 8),
(69, 707, 3, 557, '锦州', 568, NULL, 8),
(70, 708, 3, 569, '营口', 576, NULL, 8),
(71, 709, 3, 577, '阜新', 582, NULL, 8),
(72, 710, 3, 583, '辽阳', 592, NULL, 8),
(73, 711, 3, 593, '铁岭', 604, NULL, 8),
(74, 712, 3, 605, '朝阳', 616, NULL, 8),
(75, 713, 3, 617, '盘锦', 624, NULL, 8),
(76, 714, 3, 625, '葫芦岛', 634, NULL, 8),
(77, 801, 3, 637, '呼和浩特', 652, NULL, 9),
(78, 802, 3, 653, '包头', 668, NULL, 9),
(79, 803, 3, 669, '乌海', 672, NULL, 9),
(80, 804, 3, 673, '乌兰察布', 696, NULL, 9),
(81, 805, 3, 697, '通辽', 720, NULL, 9),
(82, 806, 3, 721, '赤峰', 750, NULL, 9),
(83, 807, 3, 751, '鄂尔多斯', 776, NULL, 9),
(84, 808, 3, 777, '巴彦淖尔', 798, NULL, 9),
(85, 809, 3, 799, '锡林郭勒', 830, NULL, 9),
(86, 810, 3, 831, '呼伦贝尔', 864, NULL, 9),
(87, 811, 3, 865, '兴安盟', 884, NULL, 9),
(88, 812, 3, 885, '阿拉善盟', 910, NULL, 9),
(89, 901, 3, 913, '石家庄', 950, NULL, 10),
(90, 902, 3, 951, '保定', 998, NULL, 10),
(91, 903, 3, 999, '张家口', 1028, NULL, 10),
(92, 904, 3, 1029, '承德', 1048, NULL, 10),
(93, 905, 3, 1049, '唐山', 1074, NULL, 10),
(94, 906, 3, 1075, '廊坊', 1094, NULL, 10),
(95, 907, 3, 1095, '沧州', 1126, NULL, 10),
(96, 908, 3, 1127, '衡水', 1150, NULL, 10),
(97, 909, 3, 1151, '邢台', 1186, NULL, 10),
(98, 910, 3, 1187, '邯郸', 1220, NULL, 10),
(99, 911, 3, 1221, '秦皇岛', 1234, NULL, 10),
(100, 1001, 3, 1237, '太原', 1252, NULL, 11),
(101, 1002, 3, 1253, '大同', 1270, NULL, 11),
(102, 1003, 3, 1271, '阳泉', 1278, NULL, 11),
(103, 1004, 3, 1279, '晋中', 1304, NULL, 11),
(104, 1005, 3, 1305, '长治', 1328, NULL, 11),
(105, 1006, 3, 1329, '晋城', 1342, NULL, 11),
(106, 1007, 3, 1343, '临汾', 1378, NULL, 11),
(107, 1008, 3, 1379, '运城', 1406, NULL, 11),
(108, 1009, 3, 1407, '朔州', 1420, NULL, 11),
(109, 1010, 3, 1421, '忻州', 1452, NULL, 11),
(110, 1011, 3, 1453, '吕梁', 1482, NULL, 11),
(111, 1101, 3, 1485, '西安', 1500, NULL, 12),
(112, 1102, 3, 1501, '咸阳', 1526, NULL, 12),
(113, 1103, 3, 1527, '延安', 1554, NULL, 12),
(114, 1104, 3, 1555, '榆林', 1582, NULL, 12),
(115, 1105, 3, 1583, '渭南', 1606, NULL, 12),
(116, 1106, 3, 1607, '商洛', 1624, NULL, 12),
(117, 1107, 3, 1625, '安康', 1646, NULL, 12),
(118, 1108, 3, 1647, '汉中', 1670, NULL, 12),
(119, 1109, 3, 1671, '宝鸡', 1694, NULL, 12),
(120, 1110, 3, 1695, '铜川', 1704, NULL, 12),
(121, 1111, 3, 1705, '杨凌', 1708, NULL, 12),
(122, 1201, 3, 1711, '济南', 1724, NULL, 13),
(123, 1202, 3, 1725, '青岛', 1740, NULL, 13),
(124, 1203, 3, 1741, '淄博', 1758, NULL, 13),
(125, 1204, 3, 1759, '德州', 1782, NULL, 13),
(126, 1205, 3, 1783, '烟台', 1806, NULL, 13),
(127, 1206, 3, 1807, '潍坊', 1826, NULL, 13),
(128, 1207, 3, 1827, '济宁', 1850, NULL, 13),
(129, 1208, 3, 1851, '泰安', 1862, NULL, 13),
(130, 1209, 3, 1863, '临沂', 1884, NULL, 13),
(131, 1210, 3, 1885, '菏泽', 1904, NULL, 13),
(132, 1211, 3, 1905, '滨州', 1920, NULL, 13),
(133, 1212, 3, 1921, '东营', 1932, NULL, 13),
(134, 1213, 3, 1933, '威海', 1946, NULL, 13),
(135, 1214, 3, 1947, '枣庄', 1958, NULL, 13),
(136, 1215, 3, 1959, '日照', 1966, NULL, 13),
(137, 1216, 3, 1967, '莱芜', 1970, NULL, 13),
(138, 1217, 3, 1971, '聊城', 1988, NULL, 13),
(139, 1301, 3, 1991, '乌鲁木齐', 2004, NULL, 14),
(140, 1302, 3, 2005, '克拉玛依', 2012, NULL, 14),
(141, 1303, 3, 2013, '石河子', 2020, NULL, 14),
(142, 1304, 3, 2021, '昌吉', 2040, NULL, 14),
(143, 1305, 3, 2041, '吐鲁番', 2048, NULL, 14),
(144, 1306, 3, 2049, '巴州', 2076, NULL, 14),
(145, 1307, 3, 2077, '阿拉尔', 2080, NULL, 14),
(146, 1308, 3, 2081, '阿克苏', 2100, NULL, 14),
(147, 1309, 3, 2101, '喀什', 2126, NULL, 14),
(148, 1310, 3, 2127, '伊犁', 2150, NULL, 14),
(149, 1311, 3, 2151, '塔城', 2168, NULL, 14),
(150, 1312, 3, 2169, '哈密', 2176, NULL, 14),
(151, 1313, 3, 2177, '和田', 2192, NULL, 14),
(152, 1314, 3, 2193, '阿勒泰', 2208, NULL, 14),
(153, 1315, 3, 2209, '克州', 2218, NULL, 14),
(154, 1316, 3, 2219, '博州', 2228, NULL, 14),
(155, 1401, 3, 2231, '拉萨', 2248, NULL, 15),
(156, 1402, 3, 2249, '日喀则', 2288, NULL, 15),
(157, 1403, 3, 2289, '山南', 2318, NULL, 15),
(158, 1404, 3, 2319, '林芝', 2334, NULL, 15),
(159, 1405, 3, 2335, '昌都', 2358, NULL, 15),
(160, 1406, 3, 2359, '那曲', 2380, NULL, 15),
(161, 1407, 3, 2381, '阿里', 2402, NULL, 15),
(162, 1501, 3, 2405, '西宁', 2414, NULL, 16),
(163, 1502, 3, 2415, '海东', 2432, NULL, 16),
(164, 1503, 3, 2433, '黄南', 2444, NULL, 16),
(165, 1504, 3, 2445, '海南', 2458, NULL, 16),
(166, 1505, 3, 2459, '果洛', 2476, NULL, 16),
(167, 1506, 3, 2477, '玉树', 2490, NULL, 16),
(168, 1507, 3, 2491, '海西', 2504, NULL, 16),
(169, 1508, 3, 2505, '海北', 2516, NULL, 16),
(170, 1509, 3, 2517, '格尔木', 2522, NULL, 16),
(171, 1601, 3, 2525, '兰州', 2534, NULL, 17),
(172, 1602, 3, 2535, '定西', 2552, NULL, 17),
(173, 1603, 3, 2553, '平凉', 2570, NULL, 17),
(174, 1604, 3, 2571, '庆阳', 2590, NULL, 17),
(175, 1605, 3, 2591, '武威', 2600, NULL, 17),
(176, 1606, 3, 2601, '金昌', 2606, NULL, 17),
(177, 1607, 3, 2607, '张掖', 2620, NULL, 17),
(178, 1608, 3, 2621, '酒泉', 2636, NULL, 17),
(179, 1609, 3, 2637, '天水', 2654, NULL, 17),
(180, 1610, 3, 2655, '陇南', 2674, NULL, 17),
(181, 1611, 3, 2675, '临夏', 2690, NULL, 17),
(182, 1612, 3, 2691, '甘南', 2708, NULL, 17),
(183, 1613, 3, 2709, '白银', 2720, NULL, 17),
(184, 1614, 3, 2721, '嘉峪关', 2724, NULL, 17),
(185, 1701, 3, 2727, '银川', 2736, NULL, 18),
(186, 1702, 3, 2737, '石嘴山', 2748, NULL, 18),
(187, 1703, 3, 2749, '吴忠', 2758, NULL, 18),
(188, 1704, 3, 2759, '固原', 2770, NULL, 18),
(189, 1705, 3, 2771, '中卫', 2778, NULL, 18),
(190, 1801, 3, 2781, '郑州', 2798, NULL, 19),
(191, 1802, 3, 2799, '安阳', 2810, NULL, 19),
(192, 1803, 3, 2811, '新乡', 2828, NULL, 19),
(193, 1804, 3, 2829, '许昌', 2840, NULL, 19),
(194, 1805, 3, 2841, '平顶山', 2858, NULL, 19),
(195, 1806, 3, 2859, '信阳', 2878, NULL, 19),
(196, 1807, 3, 2879, '南阳', 2904, NULL, 19),
(197, 1808, 3, 2905, '开封', 2916, NULL, 19),
(198, 1809, 3, 2917, '洛阳', 2940, NULL, 19),
(199, 1810, 3, 2941, '商丘', 2958, NULL, 19),
(200, 1811, 3, 2959, '焦作', 2974, NULL, 19),
(201, 1812, 3, 2975, '鹤壁', 2982, NULL, 19),
(202, 1813, 3, 2983, '濮阳', 2994, NULL, 19),
(203, 1814, 3, 2995, '周口', 3016, NULL, 19),
(204, 1815, 3, 3017, '漯河', 3024, NULL, 19),
(205, 1816, 3, 3025, '驻马店', 3046, NULL, 19),
(206, 1817, 3, 3047, '三门峡', 3060, NULL, 19),
(207, 1818, 3, 3061, '济源', 3064, NULL, 19),
(208, 1901, 3, 3067, '南京', 3082, NULL, 20),
(209, 1902, 3, 3083, '无锡', 3092, NULL, 20),
(210, 1903, 3, 3093, '镇江', 3104, NULL, 20),
(211, 1904, 3, 3105, '苏州', 3120, NULL, 20),
(212, 1905, 3, 3121, '南通', 3136, NULL, 20),
(213, 1906, 3, 3137, '扬州', 3150, NULL, 20),
(214, 1907, 3, 3151, '盐城', 3170, NULL, 20),
(215, 1908, 3, 3171, '徐州', 3186, NULL, 20),
(216, 1909, 3, 3187, '淮安', 3202, NULL, 20),
(217, 1910, 3, 3203, '连云港', 3214, NULL, 20),
(218, 1911, 3, 3215, '常州', 3224, NULL, 20),
(219, 1912, 3, 3225, '泰州', 3236, NULL, 20),
(220, 1913, 3, 3237, '宿迁', 3248, NULL, 20),
(221, 2001, 3, 3251, '武汉', 3264, NULL, 21),
(222, 2002, 3, 3265, '襄阳', 3282, NULL, 21),
(223, 2003, 3, 3283, '鄂州', 3288, NULL, 21),
(224, 2004, 3, 3289, '孝感', 3304, NULL, 21),
(225, 2005, 3, 3305, '黄冈', 3326, NULL, 21),
(226, 2006, 3, 3327, '黄石', 3340, NULL, 21),
(227, 2007, 3, 3341, '咸宁', 3354, NULL, 21),
(228, 2008, 3, 3355, '荆州', 3372, NULL, 21),
(229, 2009, 3, 3373, '宜昌', 3396, NULL, 21),
(230, 2010, 3, 3397, '恩施', 3414, NULL, 21),
(231, 2011, 3, 3415, '十堰', 3434, NULL, 21),
(232, 2012, 3, 3435, '神农架', 3438, NULL, 21),
(233, 2013, 3, 3439, '随州', 3444, NULL, 21),
(234, 2014, 3, 3445, '荆门', 3456, NULL, 21),
(235, 2015, 3, 3457, '天门', 3460, NULL, 21),
(236, 2016, 3, 3461, '仙桃', 3464, NULL, 21),
(237, 2017, 3, 3465, '潜江', 3468, NULL, 21),
(238, 2101, 3, 3471, '杭州', 3488, NULL, 22),
(239, 2102, 3, 3489, '湖州', 3498, NULL, 22),
(240, 2103, 3, 3499, '嘉兴', 3512, NULL, 22),
(241, 2104, 3, 3513, '宁波', 3532, NULL, 22),
(242, 2105, 3, 3533, '绍兴', 3544, NULL, 22),
(243, 2106, 3, 3545, '台州', 3568, NULL, 22),
(244, 2107, 3, 3569, '温州', 3588, NULL, 22),
(245, 2108, 3, 3589, '丽水', 3608, NULL, 22),
(246, 2109, 3, 3609, '金华', 3626, NULL, 22),
(247, 2110, 3, 3627, '衢州', 3640, NULL, 22),
(248, 2111, 3, 3641, '舟山', 3652, NULL, 22),
(249, 2201, 3, 3655, '合肥', 3668, NULL, 23),
(250, 2202, 3, 3669, '蚌埠', 3678, NULL, 23),
(251, 2203, 3, 3679, '芜湖', 3690, NULL, 23),
(252, 2204, 3, 3691, '淮南', 3698, NULL, 23),
(253, 2205, 3, 3699, '马鞍山', 3708, NULL, 23),
(254, 2206, 3, 3709, '安庆', 3728, NULL, 23),
(255, 2207, 3, 3729, '宿州', 3740, NULL, 23),
(256, 2208, 3, 3741, '阜阳', 3754, NULL, 23),
(257, 2209, 3, 3755, '亳州', 3764, NULL, 23),
(258, 2210, 3, 3765, '黄山', 3782, NULL, 23),
(259, 2211, 3, 3783, '滁州', 3798, NULL, 23),
(260, 2212, 3, 3799, '淮北', 3804, NULL, 23),
(261, 2213, 3, 3805, '铜陵', 3808, NULL, 23),
(262, 2214, 3, 3809, '宣城', 3824, NULL, 23),
(263, 2215, 3, 3825, '六安', 3838, NULL, 23),
(264, 2216, 3, 3839, '巢湖', 3850, NULL, 23),
(265, 2217, 3, 3851, '池州', 3862, NULL, 23),
(266, 2301, 3, 3865, '福州', 3884, NULL, 24),
(267, 2302, 3, 3885, '厦门', 3890, NULL, 24),
(268, 2303, 3, 3891, '宁德', 3910, NULL, 24),
(269, 2304, 3, 3911, '莆田', 3926, NULL, 24),
(270, 2305, 3, 3927, '泉州', 3946, NULL, 24),
(271, 2307, 3, 3947, '漳州', 3968, NULL, 24),
(272, 2308, 3, 3969, '龙岩', 3984, NULL, 24),
(273, 2309, 3, 3985, '三明', 4008, NULL, 24),
(274, 2310, 3, 4009, '南平', 4030, NULL, 24),
(275, 3501, 3, 4033, '钓鱼岛', 4036, NULL, 25),
(276, 2401, 3, 4039, '南昌', 4052, NULL, 26),
(277, 2402, 3, 4053, '九江', 4076, NULL, 26),
(278, 2403, 3, 4077, '上饶', 4102, NULL, 26),
(279, 2404, 3, 4103, '抚州', 4126, NULL, 26),
(280, 2405, 3, 4127, '宜春', 4148, NULL, 26),
(281, 2406, 3, 4149, '吉安', 4176, NULL, 26),
(282, 2407, 3, 4177, '赣州', 4214, NULL, 26),
(283, 2408, 3, 4215, '景德镇', 4222, NULL, 26),
(284, 2409, 3, 4223, '萍乡', 4236, NULL, 26),
(285, 2410, 3, 4237, '新余', 4242, NULL, 26),
(286, 2411, 3, 4243, '鹰潭', 4250, NULL, 26),
(287, 2501, 3, 4253, '长沙', 4264, NULL, 27),
(288, 2502, 3, 4265, '湘潭', 4272, NULL, 27),
(289, 2503, 3, 4273, '株洲', 4284, NULL, 27),
(290, 2504, 3, 4285, '衡阳', 4304, NULL, 27),
(291, 2505, 3, 4305, '郴州', 4328, NULL, 27),
(292, 2506, 3, 4329, '常德', 4346, NULL, 27),
(293, 2507, 3, 4347, '益阳', 4360, NULL, 27),
(294, 2508, 3, 4361, '娄底', 4372, NULL, 27),
(295, 2509, 3, 4373, '邵阳', 4394, NULL, 27),
(296, 2510, 3, 4395, '岳阳', 4408, NULL, 27),
(297, 2511, 3, 4409, '张家界', 4418, NULL, 27),
(298, 2512, 3, 4419, '怀化', 4444, NULL, 27),
(299, 2514, 3, 4445, '永州', 4468, NULL, 27),
(300, 2515, 3, 4469, '湘西', 4486, NULL, 27),
(301, 2601, 3, 4489, '贵阳', 4512, NULL, 28),
(302, 2602, 3, 4513, '遵义', 4544, NULL, 28),
(303, 2603, 3, 4545, '安顺', 4558, NULL, 28),
(304, 2604, 3, 4559, '黔南', 4584, NULL, 28),
(305, 2605, 3, 4585, '黔东南', 4618, NULL, 28),
(306, 2606, 3, 4619, '铜仁', 4640, NULL, 28),
(307, 2607, 3, 4641, '毕节', 4658, NULL, 28),
(308, 2608, 3, 4659, '六盘水', 4666, NULL, 28),
(309, 2609, 3, 4667, '黔西南', 4684, NULL, 28),
(310, 2701, 3, 4687, '成都', 4718, NULL, 29),
(311, 2702, 3, 4719, '攀枝花', 4728, NULL, 29),
(312, 2703, 3, 4729, '自贡', 4736, NULL, 29),
(313, 2704, 3, 4737, '绵阳', 4754, NULL, 29),
(314, 2705, 3, 4755, '南充', 4770, NULL, 29),
(315, 2706, 3, 4771, '达州', 4788, NULL, 29),
(316, 2707, 3, 4789, '遂宁', 4796, NULL, 29),
(317, 2708, 3, 4797, '广安', 4808, NULL, 29),
(318, 2709, 3, 4809, '巴中', 4818, NULL, 29),
(319, 2710, 3, 4819, '泸州', 4832, NULL, 29),
(320, 2711, 3, 4833, '宜宾', 4854, NULL, 29),
(321, 2712, 3, 4855, '内江', 4866, NULL, 29),
(322, 2713, 3, 4867, '资阳', 4876, NULL, 29),
(323, 2714, 3, 4877, '乐山', 4896, NULL, 29),
(324, 2715, 3, 4897, '眉山', 4910, NULL, 29),
(325, 2716, 3, 4911, '凉山', 4948, NULL, 29),
(326, 2717, 3, 4949, '雅安', 4966, NULL, 29),
(327, 2718, 3, 4967, '甘孜', 5004, NULL, 29),
(328, 2719, 3, 5005, '阿坝', 5034, NULL, 29),
(329, 2720, 3, 5035, '德阳', 5048, NULL, 29),
(330, 2721, 3, 5049, '广元', 5060, NULL, 29),
(331, 2801, 3, 5063, '广州', 5074, NULL, 30),
(332, 2802, 3, 5075, '韶关', 5098, NULL, 30),
(333, 2803, 3, 5099, '惠州', 5110, NULL, 30),
(334, 2804, 3, 5111, '梅州', 5128, NULL, 30),
(335, 2805, 3, 5129, '汕头', 5138, NULL, 30),
(336, 2806, 3, 5139, '深圳', 5142, NULL, 30),
(337, 2807, 3, 5143, '珠海', 5150, NULL, 30),
(338, 2808, 3, 5151, '佛山', 5162, NULL, 30),
(339, 2809, 3, 5163, '肇庆', 5178, NULL, 30),
(340, 2810, 3, 5179, '湛江', 5200, NULL, 30),
(341, 2811, 3, 5201, '江门', 5218, NULL, 30),
(342, 2812, 3, 5219, '河源', 5232, NULL, 30),
(343, 2813, 3, 5233, '清远', 5250, NULL, 30),
(344, 2814, 3, 5251, '云浮', 5262, NULL, 30),
(345, 2815, 3, 5263, '潮州', 5270, NULL, 30),
(346, 2816, 3, 5271, '东莞', 5274, NULL, 30),
(347, 2817, 3, 5275, '中山', 5278, NULL, 30),
(348, 2818, 3, 5279, '阳江', 5288, NULL, 30),
(349, 2819, 3, 5289, '揭阳', 5300, NULL, 30),
(350, 2820, 3, 5301, '茂名', 5314, NULL, 30),
(351, 2821, 3, 5315, '汕尾', 5324, NULL, 30),
(352, 2901, 3, 5327, '昆明', 5354, NULL, 31),
(353, 2902, 3, 5355, '大理', 5380, NULL, 31),
(354, 2903, 3, 5381, '红河', 5408, NULL, 31),
(355, 2904, 3, 5409, '曲靖', 5428, NULL, 31),
(356, 2905, 3, 5429, '保山', 5440, NULL, 31),
(357, 2906, 3, 5441, '文山', 5458, NULL, 31),
(358, 2907, 3, 5459, '玉溪', 5478, NULL, 31),
(359, 2908, 3, 5479, '楚雄', 5500, NULL, 31),
(360, 2909, 3, 5501, '普洱', 5524, NULL, 31),
(361, 2910, 3, 5525, '昭通', 5548, NULL, 31),
(362, 2911, 3, 5549, '临沧', 5566, NULL, 31),
(363, 2912, 3, 5567, '怒江', 5580, NULL, 31),
(364, 2913, 3, 5581, '迪庆', 5590, NULL, 31),
(365, 2914, 3, 5591, '丽江', 5600, NULL, 31),
(366, 2915, 3, 5601, '德宏', 5614, NULL, 31),
(367, 2916, 3, 5615, '西双版纳', 5622, NULL, 31),
(368, 3001, 3, 5625, '南宁', 5642, NULL, 32),
(369, 3002, 3, 5643, '崇左', 5658, NULL, 32),
(370, 3003, 3, 5659, '柳州', 5674, NULL, 32),
(371, 3004, 3, 5675, '来宾', 5688, NULL, 32),
(372, 3005, 3, 5689, '桂林', 5716, NULL, 32),
(373, 3006, 3, 5717, '梧州', 5730, NULL, 32),
(374, 3007, 3, 5731, '贺州', 5740, NULL, 32),
(375, 3008, 3, 5741, '贵港', 5748, NULL, 32),
(376, 3009, 3, 5749, '玉林', 5762, NULL, 32),
(377, 3010, 3, 5763, '百色', 5788, NULL, 32),
(378, 3011, 3, 5789, '钦州', 5796, NULL, 32),
(379, 3012, 3, 5797, '河池', 5820, NULL, 32),
(380, 3013, 3, 5821, '北海', 5828, NULL, 32),
(381, 3014, 3, 5829, '防城港', 5838, NULL, 32),
(382, 3101, 3, 5841, '海口', 5844, NULL, 33),
(383, 3102, 3, 5845, '三亚', 5848, NULL, 33),
(384, 3103, 3, 5849, '东方', 5852, NULL, 33),
(385, 3104, 3, 5853, '临高', 5856, NULL, 33),
(386, 3105, 3, 5857, '澄迈', 5860, NULL, 33),
(387, 3106, 3, 5861, '儋州', 5864, NULL, 33),
(388, 3107, 3, 5865, '昌江', 5868, NULL, 33),
(389, 3108, 3, 5869, '白沙', 5872, NULL, 33),
(390, 3109, 3, 5873, '琼中', 5876, NULL, 33),
(391, 3110, 3, 5877, '定安', 5880, NULL, 33),
(392, 3111, 3, 5881, '屯昌', 5884, NULL, 33),
(393, 3112, 3, 5885, '琼海', 5888, NULL, 33),
(394, 3113, 3, 5889, '文昌', 5892, NULL, 33),
(395, 3114, 3, 5893, '保亭', 5896, NULL, 33),
(396, 3115, 3, 5897, '万宁', 5900, NULL, 33),
(397, 3116, 3, 5901, '陵水', 5904, NULL, 33),
(398, 3117, 3, 5905, '西沙', 5908, NULL, 33),
(399, 3118, 3, 5909, '南沙岛', 5912, NULL, 33),
(400, 3119, 3, 5913, '乐东', 5916, NULL, 33),
(401, 3120, 3, 5917, '五指山', 5920, NULL, 33),
(402, 3121, 3, 5921, '中沙', 5924, NULL, 33),
(403, 3201, 3, 5927, '香港', 5934, NULL, 34),
(404, 3301, 3, 5937, '澳门', 5944, NULL, 35),
(405, 3401, 3, 5947, '台北', 5956, NULL, 36),
(406, 3402, 3, 5957, '高雄', 5968, NULL, 36),
(407, 3404, 3, 5969, '台中', 5982, NULL, 36),
(408, 101010100, 4, 4, '北京', 5, NULL, 37),
(409, 101010200, 4, 6, '海淀', 7, NULL, 37),
(410, 101010300, 4, 8, '朝阳', 9, NULL, 37),
(411, 101010400, 4, 10, '顺义', 11, NULL, 37),
(412, 101010500, 4, 12, '怀柔', 13, NULL, 37),
(413, 101010600, 4, 14, '通州', 15, NULL, 37),
(414, 101010700, 4, 16, '昌平', 17, NULL, 37),
(415, 101010800, 4, 18, '延庆', 19, NULL, 37),
(416, 101010900, 4, 20, '丰台', 21, NULL, 37),
(417, 101011000, 4, 22, '石景山', 23, NULL, 37),
(418, 101011100, 4, 24, '大兴', 25, NULL, 37),
(419, 101011200, 4, 26, '房山', 27, NULL, 37),
(420, 101011300, 4, 28, '密云', 29, NULL, 37),
(421, 101011400, 4, 30, '门头沟', 31, NULL, 37),
(422, 101011500, 4, 32, '平谷', 33, NULL, 37),
(423, 101020100, 4, 38, '上海', 39, NULL, 38),
(424, 101020200, 4, 40, '闵行', 41, NULL, 38),
(425, 101020300, 4, 42, '宝山', 43, NULL, 38),
(426, 101020500, 4, 44, '嘉定', 45, NULL, 38),
(427, 101020600, 4, 46, '浦东新区', 47, NULL, 38),
(428, 101020700, 4, 48, '金山', 49, NULL, 38),
(429, 101020800, 4, 50, '青浦', 51, NULL, 38),
(430, 101020900, 4, 52, '松江', 53, NULL, 38),
(431, 101021000, 4, 54, '奉贤', 55, NULL, 38),
(432, 101021100, 4, 56, '崇明', 57, NULL, 38),
(433, 101021200, 4, 58, '徐汇', 59, NULL, 38),
(434, 101030100, 4, 64, '天津', 65, NULL, 39),
(435, 101030200, 4, 66, '武清', 67, NULL, 39),
(436, 101030300, 4, 68, '宝坻', 69, NULL, 39),
(437, 101030400, 4, 70, '东丽', 71, NULL, 39),
(438, 101030500, 4, 72, '西青', 73, NULL, 39),
(439, 101030600, 4, 74, '北辰', 75, NULL, 39),
(440, 101030700, 4, 76, '宁河', 77, NULL, 39),
(441, 101030800, 4, 78, '汉沽', 79, NULL, 39),
(442, 101030900, 4, 80, '静海', 81, NULL, 39),
(443, 101031000, 4, 82, '津南', 83, NULL, 39),
(444, 101031100, 4, 84, '塘沽', 85, NULL, 39),
(445, 101031200, 4, 86, '大港', 87, NULL, 39),
(446, 101031400, 4, 88, '蓟县', 89, NULL, 39),
(447, 101040100, 4, 94, '重庆', 95, NULL, 40),
(448, 101040200, 4, 96, '永川', 97, NULL, 40),
(449, 101040300, 4, 98, '合川', 99, NULL, 40),
(450, 101040400, 4, 100, '南川', 101, NULL, 40),
(451, 101040500, 4, 102, '江津', 103, NULL, 40),
(452, 101040600, 4, 104, '万盛', 105, NULL, 40),
(453, 101040700, 4, 106, '渝北', 107, NULL, 40),
(454, 101040800, 4, 108, '北碚', 109, NULL, 40),
(455, 101040900, 4, 110, '巴南', 111, NULL, 40),
(456, 101041000, 4, 112, '长寿', 113, NULL, 40),
(457, 101041100, 4, 114, '黔江', 115, NULL, 40),
(458, 101041300, 4, 116, '万州', 117, NULL, 40),
(459, 101041400, 4, 118, '涪陵', 119, NULL, 40),
(460, 101041500, 4, 120, '开县', 121, NULL, 40),
(461, 101041600, 4, 122, '城口', 123, NULL, 40),
(462, 101041700, 4, 124, '云阳', 125, NULL, 40),
(463, 101041800, 4, 126, '巫溪', 127, NULL, 40),
(464, 101041900, 4, 128, '奉节', 129, NULL, 40),
(465, 101042000, 4, 130, '巫山', 131, NULL, 40),
(466, 101042100, 4, 132, '潼南', 133, NULL, 40),
(467, 101042200, 4, 134, '垫江', 135, NULL, 40),
(468, 101042300, 4, 136, '梁平', 137, NULL, 40),
(469, 101042400, 4, 138, '忠县', 139, NULL, 40),
(470, 101042500, 4, 140, '石柱', 141, NULL, 40),
(471, 101042600, 4, 142, '大足', 143, NULL, 40),
(472, 101042700, 4, 144, '荣昌', 145, NULL, 40),
(473, 101042800, 4, 146, '铜梁', 147, NULL, 40),
(474, 101042900, 4, 148, '璧山', 149, NULL, 40),
(475, 101043000, 4, 150, '丰都', 151, NULL, 40),
(476, 101043100, 4, 152, '武隆', 153, NULL, 40),
(477, 101043200, 4, 154, '彭水', 155, NULL, 40),
(478, 101043300, 4, 156, '綦江', 157, NULL, 40),
(479, 101043400, 4, 158, '酉阳', 159, NULL, 40),
(480, 101043600, 4, 160, '秀山', 161, NULL, 40),
(481, 101043700, 4, 162, '沙坪坝', 163, NULL, 40),
(482, 101050101, 4, 168, '哈尔滨', 169, NULL, 41),
(483, 101050102, 4, 170, '双城', 171, NULL, 41),
(484, 101050103, 4, 172, '呼兰', 173, NULL, 41),
(485, 101050104, 4, 174, '阿城', 175, NULL, 41),
(486, 101050105, 4, 176, '宾县', 177, NULL, 41),
(487, 101050106, 4, 178, '依兰', 179, NULL, 41),
(488, 101050107, 4, 180, '巴彦', 181, NULL, 41),
(489, 101050108, 4, 182, '通河', 183, NULL, 41),
(490, 101050109, 4, 184, '方正', 185, NULL, 41),
(491, 101050110, 4, 186, '延寿', 187, NULL, 41),
(492, 101050111, 4, 188, '尚志', 189, NULL, 41),
(493, 101050112, 4, 190, '五常', 191, NULL, 41),
(494, 101050113, 4, 192, '木兰', 193, NULL, 41),
(495, 101050201, 4, 196, '齐齐哈尔', 197, NULL, 42),
(496, 101050202, 4, 198, '讷河', 199, NULL, 42),
(497, 101050203, 4, 200, '龙江', 201, NULL, 42),
(498, 101050204, 4, 202, '甘南', 203, NULL, 42),
(499, 101050205, 4, 204, '富裕', 205, NULL, 42),
(500, 101050206, 4, 206, '依安', 207, NULL, 42),
(501, 101050207, 4, 208, '拜泉', 209, NULL, 42),
(502, 101050208, 4, 210, '克山', 211, NULL, 42),
(503, 101050209, 4, 212, '克东', 213, NULL, 42),
(504, 101050210, 4, 214, '泰来', 215, NULL, 42),
(505, 101050301, 4, 218, '牡丹江', 219, NULL, 43),
(506, 101050302, 4, 220, '海林', 221, NULL, 43),
(507, 101050303, 4, 222, '穆棱', 223, NULL, 43),
(508, 101050304, 4, 224, '林口', 225, NULL, 43),
(509, 101050305, 4, 226, '绥芬河', 227, NULL, 43),
(510, 101050306, 4, 228, '宁安', 229, NULL, 43),
(511, 101050307, 4, 230, '东宁', 231, NULL, 43),
(512, 101050401, 4, 234, '佳木斯', 235, NULL, 44),
(513, 101050402, 4, 236, '汤原', 237, NULL, 44),
(514, 101050403, 4, 238, '抚远', 239, NULL, 44),
(515, 101050404, 4, 240, '桦川', 241, NULL, 44),
(516, 101050405, 4, 242, '桦南', 243, NULL, 44),
(517, 101050406, 4, 244, '同江', 245, NULL, 44),
(518, 101050407, 4, 246, '富锦', 247, NULL, 44),
(519, 101050501, 4, 250, '绥化', 251, NULL, 45),
(520, 101050502, 4, 252, '肇东', 253, NULL, 45),
(521, 101050503, 4, 254, '安达', 255, NULL, 45),
(522, 101050504, 4, 256, '海伦', 257, NULL, 45),
(523, 101050505, 4, 258, '明水', 259, NULL, 45),
(524, 101050506, 4, 260, '望奎', 261, NULL, 45),
(525, 101050507, 4, 262, '兰西', 263, NULL, 45),
(526, 101050508, 4, 264, '青冈', 265, NULL, 45),
(527, 101050509, 4, 266, '庆安', 267, NULL, 45),
(528, 101050510, 4, 268, '绥棱', 269, NULL, 45),
(529, 101050601, 4, 272, '黑河', 273, NULL, 46),
(530, 101050602, 4, 274, '嫩江', 275, NULL, 46),
(531, 101050603, 4, 276, '孙吴', 277, NULL, 46),
(532, 101050604, 4, 278, '逊克', 279, NULL, 46),
(533, 101050605, 4, 280, '五大连池', 281, NULL, 46),
(534, 101050606, 4, 282, '北安', 283, NULL, 46),
(535, 101050701, 4, 286, '大兴安岭', 287, NULL, 47),
(536, 101050702, 4, 288, '塔河', 289, NULL, 47),
(537, 101050703, 4, 290, '漠河', 291, NULL, 47),
(538, 101050704, 4, 292, '呼玛', 293, NULL, 47),
(539, 101050705, 4, 294, '呼中', 295, NULL, 47),
(540, 101050706, 4, 296, '新林', 297, NULL, 47),
(541, 101050708, 4, 298, '加格达奇', 299, NULL, 47),
(542, 101050801, 4, 302, '伊春', 303, NULL, 48),
(543, 101050802, 4, 304, '乌伊岭', 305, NULL, 48),
(544, 101050803, 4, 306, '五营', 307, NULL, 48),
(545, 101050804, 4, 308, '铁力', 309, NULL, 48),
(546, 101050805, 4, 310, '嘉荫', 311, NULL, 48),
(547, 101050901, 4, 314, '大庆', 315, NULL, 49),
(548, 101050902, 4, 316, '林甸', 317, NULL, 49),
(549, 101050903, 4, 318, '肇州', 319, NULL, 49),
(550, 101050904, 4, 320, '肇源', 321, NULL, 49),
(551, 101050905, 4, 322, '杜尔伯特', 323, NULL, 49),
(552, 101051002, 4, 326, '七台河', 327, NULL, 50),
(553, 101051003, 4, 328, '勃利', 329, NULL, 50),
(554, 101051101, 4, 332, '鸡西', 333, NULL, 51),
(555, 101051102, 4, 334, '虎林', 335, NULL, 51),
(556, 101051103, 4, 336, '密山', 337, NULL, 51),
(557, 101051104, 4, 338, '鸡东', 339, NULL, 51),
(558, 101051201, 4, 342, '鹤岗', 343, NULL, 52),
(559, 101051202, 4, 344, '绥滨', 345, NULL, 52),
(560, 101051203, 4, 346, '萝北', 347, NULL, 52),
(561, 101051301, 4, 350, '双鸭山', 351, NULL, 53),
(562, 101051302, 4, 352, '集贤', 353, NULL, 53),
(563, 101051303, 4, 354, '宝清', 355, NULL, 53),
(564, 101051304, 4, 356, '饶河', 357, NULL, 53),
(565, 101051305, 4, 358, '友谊', 359, NULL, 53),
(566, 101060101, 4, 364, '长春', 365, NULL, 54),
(567, 101060102, 4, 366, '农安', 367, NULL, 54),
(568, 101060103, 4, 368, '德惠', 369, NULL, 54),
(569, 101060104, 4, 370, '九台', 371, NULL, 54),
(570, 101060105, 4, 372, '榆树', 373, NULL, 54),
(571, 101060106, 4, 374, '双阳', 375, NULL, 54),
(572, 101060201, 4, 378, '吉林', 379, NULL, 55),
(573, 101060202, 4, 380, '舒兰', 381, NULL, 55),
(574, 101060203, 4, 382, '永吉', 383, NULL, 55),
(575, 101060204, 4, 384, '蛟河', 385, NULL, 55),
(576, 101060205, 4, 386, '磐石', 387, NULL, 55),
(577, 101060206, 4, 388, '桦甸', 389, NULL, 55),
(578, 101060301, 4, 392, '延吉', 393, NULL, 56),
(579, 101060302, 4, 394, '敦化', 395, NULL, 56),
(580, 101060303, 4, 396, '安图', 397, NULL, 56),
(581, 101060304, 4, 398, '汪清', 399, NULL, 56),
(582, 101060305, 4, 400, '和龙', 401, NULL, 56),
(583, 101060307, 4, 402, '龙井', 403, NULL, 56),
(584, 101060308, 4, 404, '珲春', 405, NULL, 56),
(585, 101060309, 4, 406, '图们', 407, NULL, 56),
(586, 101060310, 4, 408, '松江', 409, NULL, 56),
(587, 101060312, 4, 410, '延边', 411, NULL, 56),
(588, 101060313, 4, 412, '二道', 413, NULL, 56),
(589, 101060401, 4, 416, '四平', 417, NULL, 57),
(590, 101060402, 4, 418, '双辽', 419, NULL, 57),
(591, 101060403, 4, 420, '梨树', 421, NULL, 57),
(592, 101060404, 4, 422, '公主岭', 423, NULL, 57),
(593, 101060405, 4, 424, '伊通', 425, NULL, 57),
(594, 101060501, 4, 428, '通化', 429, NULL, 58),
(595, 101060502, 4, 430, '梅河口', 431, NULL, 58),
(596, 101060503, 4, 432, '柳河', 433, NULL, 58),
(597, 101060504, 4, 434, '辉南', 435, NULL, 58),
(598, 101060505, 4, 436, '集安', 437, NULL, 58),
(599, 101060506, 4, 438, '通化县', 439, NULL, 58),
(600, 101060601, 4, 442, '白城', 443, NULL, 59),
(601, 101060602, 4, 444, '洮南', 445, NULL, 59),
(602, 101060603, 4, 446, '大安', 447, NULL, 59),
(603, 101060604, 4, 448, '镇赉', 449, NULL, 59),
(604, 101060605, 4, 450, '通榆', 451, NULL, 59),
(605, 101060701, 4, 454, '辽源', 455, NULL, 60),
(606, 101060702, 4, 456, '东丰', 457, NULL, 60),
(607, 101060703, 4, 458, '东辽', 459, NULL, 60),
(608, 101060801, 4, 462, '松原', 463, NULL, 61),
(609, 101060802, 4, 464, '乾安', 465, NULL, 61),
(610, 101060803, 4, 466, '前郭', 467, NULL, 61),
(611, 101060804, 4, 468, '长岭', 469, NULL, 61),
(612, 101060805, 4, 470, '扶余', 471, NULL, 61),
(613, 101060901, 4, 474, '白山', 475, NULL, 62),
(614, 101060902, 4, 476, '靖宇', 477, NULL, 62),
(615, 101060903, 4, 478, '临江', 479, NULL, 62),
(616, 101060904, 4, 480, '东岗', 481, NULL, 62),
(617, 101060905, 4, 482, '长白', 483, NULL, 62),
(618, 101060906, 4, 484, '抚松', 485, NULL, 62),
(619, 101060907, 4, 486, '江源', 487, NULL, 62),
(620, 101070101, 4, 492, '沈阳', 493, NULL, 63),
(621, 101070103, 4, 494, '辽中', 495, NULL, 63),
(622, 101070104, 4, 496, '康平', 497, NULL, 63),
(623, 101070105, 4, 498, '法库', 499, NULL, 63),
(624, 101070106, 4, 500, '新民', 501, NULL, 63),
(625, 101070201, 4, 504, '大连', 505, NULL, 64),
(626, 101070202, 4, 506, '瓦房店', 507, NULL, 64),
(627, 101070203, 4, 508, '金州', 509, NULL, 64),
(628, 101070204, 4, 510, '普兰店', 511, NULL, 64),
(629, 101070205, 4, 512, '旅顺', 513, NULL, 64),
(630, 101070206, 4, 514, '长海', 515, NULL, 64),
(631, 101070207, 4, 516, '庄河', 517, NULL, 64),
(632, 101070301, 4, 520, '鞍山', 521, NULL, 65),
(633, 101070302, 4, 522, '台安', 523, NULL, 65),
(634, 101070303, 4, 524, '岫岩', 525, NULL, 65),
(635, 101070304, 4, 526, '海城', 527, NULL, 65),
(636, 101070401, 4, 530, '抚顺', 531, NULL, 66),
(637, 101070402, 4, 532, '新宾', 533, NULL, 66),
(638, 101070403, 4, 534, '清原', 535, NULL, 66),
(639, 101070404, 4, 536, '章党', 537, NULL, 66),
(640, 101070501, 4, 540, '本溪', 541, NULL, 67),
(641, 101070502, 4, 542, '本溪县', 543, NULL, 67),
(642, 101070504, 4, 544, '桓仁', 545, NULL, 67),
(643, 101070601, 4, 548, '丹东', 549, NULL, 68),
(644, 101070602, 4, 550, '凤城', 551, NULL, 68),
(645, 101070603, 4, 552, '宽甸', 553, NULL, 68),
(646, 101070604, 4, 554, '东港', 555, NULL, 68),
(647, 101070701, 4, 558, '锦州', 559, NULL, 69),
(648, 101070702, 4, 560, '凌海', 561, NULL, 69),
(649, 101070704, 4, 562, '义县', 563, NULL, 69),
(650, 101070705, 4, 564, '黑山', 565, NULL, 69),
(651, 101070706, 4, 566, '北镇', 567, NULL, 69),
(652, 101070801, 4, 570, '营口', 571, NULL, 70),
(653, 101070802, 4, 572, '大石桥', 573, NULL, 70),
(654, 101070803, 4, 574, '盖州', 575, NULL, 70),
(655, 101070901, 4, 578, '阜新', 579, NULL, 71),
(656, 101070902, 4, 580, '彰武', 581, NULL, 71),
(657, 101071001, 4, 584, '辽阳', 585, NULL, 72),
(658, 101071002, 4, 586, '辽阳县', 587, NULL, 72),
(659, 101071003, 4, 588, '灯塔', 589, NULL, 72),
(660, 101071004, 4, 590, '弓长岭', 591, NULL, 72),
(661, 101071101, 4, 594, '铁岭', 595, NULL, 73),
(662, 101071102, 4, 596, '开原', 597, NULL, 73),
(663, 101071103, 4, 598, '昌图', 599, NULL, 73),
(664, 101071104, 4, 600, '西丰', 601, NULL, 73),
(665, 101071105, 4, 602, '调兵山', 603, NULL, 73),
(666, 101071201, 4, 606, '朝阳', 607, NULL, 74),
(667, 101071203, 4, 608, '凌源', 609, NULL, 74),
(668, 101071204, 4, 610, '喀左', 611, NULL, 74),
(669, 101071205, 4, 612, '北票', 613, NULL, 74),
(670, 101071207, 4, 614, '建平县', 615, NULL, 74),
(671, 101071301, 4, 618, '盘锦', 619, NULL, 75),
(672, 101071302, 4, 620, '大洼', 621, NULL, 75),
(673, 101071303, 4, 622, '盘山', 623, NULL, 75),
(674, 101071401, 4, 626, '葫芦岛', 627, NULL, 76),
(675, 101071402, 4, 628, '建昌', 629, NULL, 76),
(676, 101071403, 4, 630, '绥中', 631, NULL, 76),
(677, 101071404, 4, 632, '兴城', 633, NULL, 76),
(678, 101080101, 4, 638, '呼和浩特', 639, NULL, 77),
(679, 101080102, 4, 640, '土左旗', 641, NULL, 77),
(680, 101080103, 4, 642, '托县', 643, NULL, 77),
(681, 101080104, 4, 644, '和林', 645, NULL, 77),
(682, 101080105, 4, 646, '清水河', 647, NULL, 77),
(683, 101080106, 4, 648, '呼市郊区', 649, NULL, 77),
(684, 101080107, 4, 650, '武川', 651, NULL, 77),
(685, 101080201, 4, 654, '包头', 655, NULL, 78),
(686, 101080202, 4, 656, '白云鄂博', 657, NULL, 78),
(687, 101080203, 4, 658, '满都拉', 659, NULL, 78),
(688, 101080204, 4, 660, '土右旗', 661, NULL, 78),
(689, 101080205, 4, 662, '固阳', 663, NULL, 78),
(690, 101080206, 4, 664, '达茂旗', 665, NULL, 78),
(691, 101080207, 4, 666, '希拉穆仁', 667, NULL, 78),
(692, 101080301, 4, 670, '乌海', 671, NULL, 79),
(693, 101080401, 4, 674, '集宁', 675, NULL, 80),
(694, 101080402, 4, 676, '卓资', 677, NULL, 80),
(695, 101080403, 4, 678, '化德', 679, NULL, 80),
(696, 101080404, 4, 680, '商都', 681, NULL, 80),
(697, 101080406, 4, 682, '兴和', 683, NULL, 80),
(698, 101080407, 4, 684, '凉城', 685, NULL, 80),
(699, 101080408, 4, 686, '察右前旗', 687, NULL, 80),
(700, 101080409, 4, 688, '察右中旗', 689, NULL, 80),
(701, 101080410, 4, 690, '察右后旗', 691, NULL, 80),
(702, 101080411, 4, 692, '四子王旗', 693, NULL, 80),
(703, 101080412, 4, 694, '丰镇', 695, NULL, 80),
(704, 101080501, 4, 698, '通辽', 699, NULL, 81),
(705, 101080502, 4, 700, '舍伯吐', 701, NULL, 81),
(706, 101080503, 4, 702, '科左中旗', 703, NULL, 81),
(707, 101080504, 4, 704, '科左后旗', 705, NULL, 81),
(708, 101080505, 4, 706, '青龙山', 707, NULL, 81),
(709, 101080506, 4, 708, '开鲁', 709, NULL, 81),
(710, 101080507, 4, 710, '库伦', 711, NULL, 81),
(711, 101080508, 4, 712, '奈曼', 713, NULL, 81),
(712, 101080509, 4, 714, '扎鲁特', 715, NULL, 81),
(713, 101080510, 4, 716, '高力板', 717, NULL, 81),
(714, 101080511, 4, 718, '巴雅尔吐胡硕', 719, NULL, 81),
(715, 101080601, 4, 722, '赤峰', 723, NULL, 82),
(716, 101080603, 4, 724, '阿鲁旗', 725, NULL, 82),
(717, 101080604, 4, 726, '浩尔吐', 727, NULL, 82),
(718, 101080605, 4, 728, '巴林左旗', 729, NULL, 82),
(719, 101080606, 4, 730, '巴林右旗', 731, NULL, 82),
(720, 101080607, 4, 732, '林西', 733, NULL, 82),
(721, 101080608, 4, 734, '克什克腾', 735, NULL, 82),
(722, 101080609, 4, 736, '翁牛特', 737, NULL, 82),
(723, 101080610, 4, 738, '岗子', 739, NULL, 82),
(724, 101080611, 4, 740, '喀喇沁', 741, NULL, 82),
(725, 101080612, 4, 742, '八里罕', 743, NULL, 82),
(726, 101080613, 4, 744, '宁城', 745, NULL, 82),
(727, 101080614, 4, 746, '敖汉', 747, NULL, 82),
(728, 101080615, 4, 748, '宝国吐', 749, NULL, 82),
(729, 101080701, 4, 752, '鄂尔多斯', 753, NULL, 83),
(730, 101080703, 4, 754, '达拉特', 755, NULL, 83),
(731, 101080704, 4, 756, '准格尔', 757, NULL, 83),
(732, 101080705, 4, 758, '鄂前旗', 759, NULL, 83),
(733, 101080706, 4, 760, '河南', 761, NULL, 83),
(734, 101080707, 4, 762, '伊克乌素', 763, NULL, 83),
(735, 101080708, 4, 764, '鄂托克', 765, NULL, 83),
(736, 101080709, 4, 766, '杭锦旗', 767, NULL, 83),
(737, 101080710, 4, 768, '乌审旗', 769, NULL, 83),
(738, 101080711, 4, 770, '伊金霍洛', 771, NULL, 83),
(739, 101080712, 4, 772, '乌审召', 773, NULL, 83),
(740, 101080713, 4, 774, '东胜', 775, NULL, 83),
(741, 101080801, 4, 778, '临河', 779, NULL, 84),
(742, 101080802, 4, 780, '五原', 781, NULL, 84),
(743, 101080803, 4, 782, '磴口', 783, NULL, 84),
(744, 101080804, 4, 784, '乌前旗', 785, NULL, 84),
(745, 101080805, 4, 786, '大佘太', 787, NULL, 84),
(746, 101080806, 4, 788, '乌中旗', 789, NULL, 84),
(747, 101080807, 4, 790, '乌后旗', 791, NULL, 84),
(748, 101080808, 4, 792, '海力素', 793, NULL, 84),
(749, 101080809, 4, 794, '那仁宝力格', 795, NULL, 84),
(750, 101080810, 4, 796, '杭锦后旗', 797, NULL, 84),
(751, 101080901, 4, 800, '锡林浩特', 801, NULL, 85),
(752, 101080903, 4, 802, '二连浩特', 803, NULL, 85),
(753, 101080904, 4, 804, '阿巴嘎', 805, NULL, 85),
(754, 101080906, 4, 806, '苏左旗', 807, NULL, 85),
(755, 101080907, 4, 808, '苏右旗', 809, NULL, 85),
(756, 101080908, 4, 810, '朱日和', 811, NULL, 85),
(757, 101080909, 4, 812, '东乌旗', 813, NULL, 85),
(758, 101080910, 4, 814, '西乌旗', 815, NULL, 85),
(759, 101080911, 4, 816, '太仆寺', 817, NULL, 85),
(760, 101080912, 4, 818, '镶黄旗', 819, NULL, 85),
(761, 101080913, 4, 820, '正镶白旗', 821, NULL, 85),
(762, 101080914, 4, 822, '正蓝旗', 823, NULL, 85),
(763, 101080915, 4, 824, '多伦', 825, NULL, 85),
(764, 101080916, 4, 826, '博克图', 827, NULL, 85),
(765, 101080917, 4, 828, '乌拉盖', 829, NULL, 85),
(766, 101081000, 4, 832, '呼伦贝尔', 833, NULL, 86),
(767, 101081001, 4, 834, '海拉尔', 835, NULL, 86),
(768, 101081002, 4, 836, '小二沟', 837, NULL, 86),
(769, 101081003, 4, 838, '阿荣旗', 839, NULL, 86),
(770, 101081004, 4, 840, '莫力达瓦', 841, NULL, 86),
(771, 101081005, 4, 842, '鄂伦春旗', 843, NULL, 86),
(772, 101081006, 4, 844, '鄂温克旗', 845, NULL, 86),
(773, 101081007, 4, 846, '陈旗', 847, NULL, 86),
(774, 101081008, 4, 848, '新左旗', 849, NULL, 86),
(775, 101081009, 4, 850, '新右旗', 851, NULL, 86),
(776, 101081010, 4, 852, '满洲里', 853, NULL, 86),
(777, 101081011, 4, 854, '牙克石', 855, NULL, 86),
(778, 101081012, 4, 856, '扎兰屯', 857, NULL, 86),
(779, 101081014, 4, 858, '额尔古纳', 859, NULL, 86),
(780, 101081015, 4, 860, '根河', 861, NULL, 86),
(781, 101081016, 4, 862, '图里河', 863, NULL, 86),
(782, 101081101, 4, 866, '乌兰浩特', 867, NULL, 87),
(783, 101081102, 4, 868, '阿尔山', 869, NULL, 87),
(784, 101081103, 4, 870, '科右中旗', 871, NULL, 87),
(785, 101081104, 4, 872, '胡尔勒', 873, NULL, 87),
(786, 101081105, 4, 874, '扎赉特', 875, NULL, 87),
(787, 101081106, 4, 876, '索伦', 877, NULL, 87),
(788, 101081107, 4, 878, '突泉', 879, NULL, 87),
(789, 101081108, 4, 880, '霍林郭勒', 881, NULL, 87),
(790, 101081109, 4, 882, '科右前旗', 883, NULL, 87),
(791, 101081201, 4, 886, '阿左旗', 887, NULL, 88),
(792, 101081202, 4, 888, '阿右旗', 889, NULL, 88),
(793, 101081203, 4, 890, '额济纳', 891, NULL, 88),
(794, 101081204, 4, 892, '拐子湖', 893, NULL, 88),
(795, 101081205, 4, 894, '吉兰太', 895, NULL, 88),
(796, 101081206, 4, 896, '锡林高勒', 897, NULL, 88),
(797, 101081207, 4, 898, '头道湖', 899, NULL, 88),
(798, 101081208, 4, 900, '中泉子', 901, NULL, 88),
(799, 101081209, 4, 902, '诺尔公', 903, NULL, 88),
(800, 101081210, 4, 904, '雅布赖', 905, NULL, 88),
(801, 101081211, 4, 906, '乌斯泰', 907, NULL, 88),
(802, 101081212, 4, 908, '孪井滩', 909, NULL, 88),
(803, 101090101, 4, 914, '石家庄', 915, NULL, 89),
(804, 101090102, 4, 916, '井陉', 917, NULL, 89),
(805, 101090103, 4, 918, '正定', 919, NULL, 89),
(806, 101090104, 4, 920, '栾城', 921, NULL, 89),
(807, 101090105, 4, 922, '行唐', 923, NULL, 89),
(808, 101090106, 4, 924, '灵寿', 925, NULL, 89),
(809, 101090107, 4, 926, '高邑', 927, NULL, 89),
(810, 101090108, 4, 928, '深泽', 929, NULL, 89),
(811, 101090109, 4, 930, '赞皇', 931, NULL, 89),
(812, 101090110, 4, 932, '无极', 933, NULL, 89),
(813, 101090111, 4, 934, '平山', 935, NULL, 89),
(814, 101090112, 4, 936, '元氏', 937, NULL, 89),
(815, 101090113, 4, 938, '赵县', 939, NULL, 89),
(816, 101090114, 4, 940, '辛集', 941, NULL, 89),
(817, 101090115, 4, 942, '藁城', 943, NULL, 89),
(818, 101090116, 4, 944, '晋州', 945, NULL, 89),
(819, 101090117, 4, 946, '新乐', 947, NULL, 89),
(820, 101090118, 4, 948, '鹿泉', 949, NULL, 89),
(821, 101090201, 4, 952, '保定', 953, NULL, 90),
(822, 101090202, 4, 954, '满城', 955, NULL, 90),
(823, 101090203, 4, 956, '阜平', 957, NULL, 90),
(824, 101090204, 4, 958, '徐水', 959, NULL, 90),
(825, 101090205, 4, 960, '唐县', 961, NULL, 90),
(826, 101090206, 4, 962, '高阳', 963, NULL, 90),
(827, 101090207, 4, 964, '容城', 965, NULL, 90),
(828, 101090209, 4, 966, '涞源', 967, NULL, 90),
(829, 101090210, 4, 968, '望都', 969, NULL, 90),
(830, 101090211, 4, 970, '安新', 971, NULL, 90),
(831, 101090212, 4, 972, '易县', 973, NULL, 90),
(832, 101090214, 4, 974, '曲阳', 975, NULL, 90),
(833, 101090215, 4, 976, '蠡县', 977, NULL, 90),
(834, 101090216, 4, 978, '顺平', 979, NULL, 90),
(835, 101090217, 4, 980, '雄县', 981, NULL, 90),
(836, 101090218, 4, 982, '涿州', 983, NULL, 90),
(837, 101090219, 4, 984, '定州', 985, NULL, 90),
(838, 101090220, 4, 986, '安国', 987, NULL, 90),
(839, 101090221, 4, 988, '高碑店', 989, NULL, 90),
(840, 101090222, 4, 990, '涞水', 991, NULL, 90),
(841, 101090223, 4, 992, '定兴', 993, NULL, 90),
(842, 101090224, 4, 994, '清苑', 995, NULL, 90),
(843, 101090225, 4, 996, '博野', 997, NULL, 90),
(844, 101090301, 4, 1000, '张家口', 1001, NULL, 91),
(845, 101090302, 4, 1002, '宣化', 1003, NULL, 91),
(846, 101090303, 4, 1004, '张北', 1005, NULL, 91),
(847, 101090304, 4, 1006, '康保', 1007, NULL, 91),
(848, 101090305, 4, 1008, '沽源', 1009, NULL, 91),
(849, 101090306, 4, 1010, '尚义', 1011, NULL, 91),
(850, 101090307, 4, 1012, '蔚县', 1013, NULL, 91),
(851, 101090308, 4, 1014, '阳原', 1015, NULL, 91),
(852, 101090309, 4, 1016, '怀安', 1017, NULL, 91),
(853, 101090310, 4, 1018, '万全', 1019, NULL, 91),
(854, 101090311, 4, 1020, '怀来', 1021, NULL, 91),
(855, 101090312, 4, 1022, '涿鹿', 1023, NULL, 91),
(856, 101090313, 4, 1024, '赤城', 1025, NULL, 91),
(857, 101090314, 4, 1026, '崇礼', 1027, NULL, 91),
(858, 101090402, 4, 1030, '承德', 1031, NULL, 92),
(859, 101090403, 4, 1032, '承德县', 1033, NULL, 92),
(860, 101090404, 4, 1034, '兴隆', 1035, NULL, 92),
(861, 101090405, 4, 1036, '平泉', 1037, NULL, 92),
(862, 101090406, 4, 1038, '滦平', 1039, NULL, 92),
(863, 101090407, 4, 1040, '隆化', 1041, NULL, 92),
(864, 101090408, 4, 1042, '丰宁', 1043, NULL, 92),
(865, 101090409, 4, 1044, '宽城', 1045, NULL, 92),
(866, 101090410, 4, 1046, '围场', 1047, NULL, 92),
(867, 101090501, 4, 1050, '唐山', 1051, NULL, 93),
(868, 101090502, 4, 1052, '丰南', 1053, NULL, 93),
(869, 101090503, 4, 1054, '丰润', 1055, NULL, 93),
(870, 101090504, 4, 1056, '滦县', 1057, NULL, 93),
(871, 101090505, 4, 1058, '滦南', 1059, NULL, 93),
(872, 101090506, 4, 1060, '乐亭', 1061, NULL, 93),
(873, 101090507, 4, 1062, '迁西', 1063, NULL, 93),
(874, 101090508, 4, 1064, '玉田', 1065, NULL, 93),
(875, 101090509, 4, 1066, '唐海', 1067, NULL, 93),
(876, 101090510, 4, 1068, '遵化', 1069, NULL, 93),
(877, 101090511, 4, 1070, '迁安', 1071, NULL, 93),
(878, 101090512, 4, 1072, '曹妃甸', 1073, NULL, 93),
(879, 101090601, 4, 1076, '廊坊', 1077, NULL, 94),
(880, 101090602, 4, 1078, '固安', 1079, NULL, 94),
(881, 101090603, 4, 1080, '永清', 1081, NULL, 94),
(882, 101090604, 4, 1082, '香河', 1083, NULL, 94),
(883, 101090605, 4, 1084, '大城', 1085, NULL, 94),
(884, 101090606, 4, 1086, '文安', 1087, NULL, 94),
(885, 101090607, 4, 1088, '大厂', 1089, NULL, 94),
(886, 101090608, 4, 1090, '霸州', 1091, NULL, 94),
(887, 101090609, 4, 1092, '三河', 1093, NULL, 94),
(888, 101090701, 4, 1096, '沧州', 1097, NULL, 95),
(889, 101090702, 4, 1098, '青县', 1099, NULL, 95),
(890, 101090703, 4, 1100, '东光', 1101, NULL, 95),
(891, 101090704, 4, 1102, '海兴', 1103, NULL, 95),
(892, 101090705, 4, 1104, '盐山', 1105, NULL, 95),
(893, 101090706, 4, 1106, '肃宁', 1107, NULL, 95),
(894, 101090707, 4, 1108, '南皮', 1109, NULL, 95),
(895, 101090708, 4, 1110, '吴桥', 1111, NULL, 95),
(896, 101090709, 4, 1112, '献县', 1113, NULL, 95),
(897, 101090710, 4, 1114, '孟村', 1115, NULL, 95),
(898, 101090711, 4, 1116, '泊头', 1117, NULL, 95),
(899, 101090712, 4, 1118, '任丘', 1119, NULL, 95),
(900, 101090713, 4, 1120, '黄骅', 1121, NULL, 95),
(901, 101090714, 4, 1122, '河间', 1123, NULL, 95),
(902, 101090716, 4, 1124, '沧县', 1125, NULL, 95),
(903, 101090801, 4, 1128, '衡水', 1129, NULL, 96),
(904, 101090802, 4, 1130, '枣强', 1131, NULL, 96),
(905, 101090803, 4, 1132, '武邑', 1133, NULL, 96),
(906, 101090804, 4, 1134, '武强', 1135, NULL, 96),
(907, 101090805, 4, 1136, '饶阳', 1137, NULL, 96),
(908, 101090806, 4, 1138, '安平', 1139, NULL, 96),
(909, 101090807, 4, 1140, '故城', 1141, NULL, 96),
(910, 101090808, 4, 1142, '景县', 1143, NULL, 96),
(911, 101090809, 4, 1144, '阜城', 1145, NULL, 96),
(912, 101090810, 4, 1146, '冀州', 1147, NULL, 96),
(913, 101090811, 4, 1148, '深州', 1149, NULL, 96),
(914, 101090901, 4, 1152, '邢台', 1153, NULL, 97),
(915, 101090902, 4, 1154, '临城', 1155, NULL, 97),
(916, 101090904, 4, 1156, '内邱', 1157, NULL, 97),
(917, 101090905, 4, 1158, '柏乡', 1159, NULL, 97),
(918, 101090906, 4, 1160, '隆尧', 1161, NULL, 97),
(919, 101090907, 4, 1162, '南和', 1163, NULL, 97),
(920, 101090908, 4, 1164, '宁晋', 1165, NULL, 97),
(921, 101090909, 4, 1166, '巨鹿', 1167, NULL, 97),
(922, 101090910, 4, 1168, '新河', 1169, NULL, 97),
(923, 101090911, 4, 1170, '广宗', 1171, NULL, 97),
(924, 101090912, 4, 1172, '平乡', 1173, NULL, 97),
(925, 101090913, 4, 1174, '威县', 1175, NULL, 97),
(926, 101090914, 4, 1176, '清河', 1177, NULL, 97),
(927, 101090915, 4, 1178, '临西', 1179, NULL, 97),
(928, 101090916, 4, 1180, '南宫', 1181, NULL, 97),
(929, 101090917, 4, 1182, '沙河', 1183, NULL, 97),
(930, 101090918, 4, 1184, '任县', 1185, NULL, 97),
(931, 101091001, 4, 1188, '邯郸', 1189, NULL, 98),
(932, 101091002, 4, 1190, '峰峰', 1191, NULL, 98),
(933, 101091003, 4, 1192, '临漳', 1193, NULL, 98),
(934, 101091004, 4, 1194, '成安', 1195, NULL, 98),
(935, 101091005, 4, 1196, '大名', 1197, NULL, 98),
(936, 101091006, 4, 1198, '涉县', 1199, NULL, 98),
(937, 101091007, 4, 1200, '磁县', 1201, NULL, 98),
(938, 101091008, 4, 1202, '肥乡', 1203, NULL, 98),
(939, 101091009, 4, 1204, '永年', 1205, NULL, 98),
(940, 101091010, 4, 1206, '邱县', 1207, NULL, 98),
(941, 101091011, 4, 1208, '鸡泽', 1209, NULL, 98),
(942, 101091012, 4, 1210, '广平', 1211, NULL, 98),
(943, 101091013, 4, 1212, '馆陶', 1213, NULL, 98),
(944, 101091014, 4, 1214, '魏县', 1215, NULL, 98),
(945, 101091015, 4, 1216, '曲周', 1217, NULL, 98),
(946, 101091016, 4, 1218, '武安', 1219, NULL, 98),
(947, 101091101, 4, 1222, '秦皇岛', 1223, NULL, 99),
(948, 101091102, 4, 1224, '青龙', 1225, NULL, 99),
(949, 101091103, 4, 1226, '昌黎', 1227, NULL, 99),
(950, 101091104, 4, 1228, '抚宁', 1229, NULL, 99),
(951, 101091105, 4, 1230, '卢龙', 1231, NULL, 99),
(952, 101091106, 4, 1232, '北戴河', 1233, NULL, 99),
(953, 101100101, 4, 1238, '太原', 1239, NULL, 100),
(954, 101100102, 4, 1240, '清徐', 1241, NULL, 100),
(955, 101100103, 4, 1242, '阳曲', 1243, NULL, 100),
(956, 101100104, 4, 1244, '娄烦', 1245, NULL, 100),
(957, 101100105, 4, 1246, '古交', 1247, NULL, 100),
(958, 101100106, 4, 1248, '尖草坪区', 1249, NULL, 100),
(959, 101100107, 4, 1250, '小店区', 1251, NULL, 100),
(960, 101100201, 4, 1254, '大同', 1255, NULL, 101),
(961, 101100202, 4, 1256, '阳高', 1257, NULL, 101),
(962, 101100203, 4, 1258, '大同县', 1259, NULL, 101),
(963, 101100204, 4, 1260, '天镇', 1261, NULL, 101),
(964, 101100205, 4, 1262, '广灵', 1263, NULL, 101),
(965, 101100206, 4, 1264, '灵邱', 1265, NULL, 101),
(966, 101100207, 4, 1266, '浑源', 1267, NULL, 101),
(967, 101100208, 4, 1268, '左云', 1269, NULL, 101),
(968, 101100301, 4, 1272, '阳泉', 1273, NULL, 102),
(969, 101100302, 4, 1274, '盂县', 1275, NULL, 102),
(970, 101100303, 4, 1276, '平定', 1277, NULL, 102),
(971, 101100401, 4, 1280, '晋中', 1281, NULL, 103),
(972, 101100402, 4, 1282, '榆次', 1283, NULL, 103),
(973, 101100403, 4, 1284, '榆社', 1285, NULL, 103),
(974, 101100404, 4, 1286, '左权', 1287, NULL, 103),
(975, 101100405, 4, 1288, '和顺', 1289, NULL, 103),
(976, 101100406, 4, 1290, '昔阳', 1291, NULL, 103),
(977, 101100407, 4, 1292, '寿阳', 1293, NULL, 103),
(978, 101100408, 4, 1294, '太谷', 1295, NULL, 103),
(979, 101100409, 4, 1296, '祁县', 1297, NULL, 103),
(980, 101100410, 4, 1298, '平遥', 1299, NULL, 103),
(981, 101100411, 4, 1300, '灵石', 1301, NULL, 103),
(982, 101100412, 4, 1302, '介休', 1303, NULL, 103),
(983, 101100501, 4, 1306, '长治', 1307, NULL, 104),
(984, 101100502, 4, 1308, '黎城', 1309, NULL, 104),
(985, 101100503, 4, 1310, '屯留', 1311, NULL, 104),
(986, 101100504, 4, 1312, '潞城', 1313, NULL, 104),
(987, 101100505, 4, 1314, '襄垣', 1315, NULL, 104),
(988, 101100506, 4, 1316, '平顺', 1317, NULL, 104),
(989, 101100507, 4, 1318, '武乡', 1319, NULL, 104),
(990, 101100508, 4, 1320, '沁县', 1321, NULL, 104),
(991, 101100509, 4, 1322, '长子', 1323, NULL, 104),
(992, 101100510, 4, 1324, '沁源', 1325, NULL, 104),
(993, 101100511, 4, 1326, '壶关', 1327, NULL, 104),
(994, 101100601, 4, 1330, '晋城', 1331, NULL, 105),
(995, 101100602, 4, 1332, '沁水', 1333, NULL, 105),
(996, 101100603, 4, 1334, '阳城', 1335, NULL, 105),
(997, 101100604, 4, 1336, '陵川', 1337, NULL, 105),
(998, 101100605, 4, 1338, '高平', 1339, NULL, 105),
(999, 101100606, 4, 1340, '泽州', 1341, NULL, 105),
(1000, 101100701, 4, 1344, '临汾', 1345, NULL, 106),
(1001, 101100702, 4, 1346, '曲沃', 1347, NULL, 106),
(1002, 101100703, 4, 1348, '永和', 1349, NULL, 106),
(1003, 101100704, 4, 1350, '隰县', 1351, NULL, 106),
(1004, 101100705, 4, 1352, '大宁', 1353, NULL, 106),
(1005, 101100706, 4, 1354, '吉县', 1355, NULL, 106),
(1006, 101100707, 4, 1356, '襄汾', 1357, NULL, 106),
(1007, 101100708, 4, 1358, '蒲县', 1359, NULL, 106),
(1008, 101100709, 4, 1360, '汾西', 1361, NULL, 106),
(1009, 101100710, 4, 1362, '洪洞', 1363, NULL, 106),
(1010, 101100711, 4, 1364, '霍州', 1365, NULL, 106),
(1011, 101100712, 4, 1366, '乡宁', 1367, NULL, 106),
(1012, 101100713, 4, 1368, '翼城', 1369, NULL, 106),
(1013, 101100714, 4, 1370, '侯马', 1371, NULL, 106),
(1014, 101100715, 4, 1372, '浮山', 1373, NULL, 106),
(1015, 101100716, 4, 1374, '安泽', 1375, NULL, 106),
(1016, 101100717, 4, 1376, '古县', 1377, NULL, 106),
(1017, 101100801, 4, 1380, '运城', 1381, NULL, 107),
(1018, 101100802, 4, 1382, '临猗', 1383, NULL, 107),
(1019, 101100803, 4, 1384, '稷山', 1385, NULL, 107),
(1020, 101100804, 4, 1386, '万荣', 1387, NULL, 107),
(1021, 101100805, 4, 1388, '河津', 1389, NULL, 107),
(1022, 101100806, 4, 1390, '新绛', 1391, NULL, 107),
(1023, 101100807, 4, 1392, '绛县', 1393, NULL, 107),
(1024, 101100808, 4, 1394, '闻喜', 1395, NULL, 107),
(1025, 101100809, 4, 1396, '垣曲', 1397, NULL, 107),
(1026, 101100810, 4, 1398, '永济', 1399, NULL, 107),
(1027, 101100811, 4, 1400, '芮城', 1401, NULL, 107),
(1028, 101100812, 4, 1402, '夏县', 1403, NULL, 107),
(1029, 101100813, 4, 1404, '平陆', 1405, NULL, 107),
(1030, 101100901, 4, 1408, '朔州', 1409, NULL, 108);
INSERT INTO `area` (`id`, `code`, `levelinfo`, `lft`, `name`, `rgt`, `sortnum`, `pid`) VALUES
(1031, 101100902, 4, 1410, '平鲁', 1411, NULL, 108),
(1032, 101100903, 4, 1412, '山阴', 1413, NULL, 108),
(1033, 101100904, 4, 1414, '右玉', 1415, NULL, 108),
(1034, 101100905, 4, 1416, '应县', 1417, NULL, 108),
(1035, 101100906, 4, 1418, '怀仁', 1419, NULL, 108),
(1036, 101101001, 4, 1422, '忻州', 1423, NULL, 109),
(1037, 101101002, 4, 1424, '定襄', 1425, NULL, 109),
(1038, 101101003, 4, 1426, '五台县', 1427, NULL, 109),
(1039, 101101004, 4, 1428, '河曲', 1429, NULL, 109),
(1040, 101101005, 4, 1430, '偏关', 1431, NULL, 109),
(1041, 101101006, 4, 1432, '神池', 1433, NULL, 109),
(1042, 101101007, 4, 1434, '宁武', 1435, NULL, 109),
(1043, 101101008, 4, 1436, '代县', 1437, NULL, 109),
(1044, 101101009, 4, 1438, '繁峙', 1439, NULL, 109),
(1045, 101101010, 4, 1440, '五台山', 1441, NULL, 109),
(1046, 101101011, 4, 1442, '保德', 1443, NULL, 109),
(1047, 101101012, 4, 1444, '静乐', 1445, NULL, 109),
(1048, 101101013, 4, 1446, '岢岚', 1447, NULL, 109),
(1049, 101101014, 4, 1448, '五寨', 1449, NULL, 109),
(1050, 101101015, 4, 1450, '原平', 1451, NULL, 109),
(1051, 101101100, 4, 1454, '吕梁', 1455, NULL, 110),
(1052, 101101101, 4, 1456, '离石', 1457, NULL, 110),
(1053, 101101102, 4, 1458, '临县', 1459, NULL, 110),
(1054, 101101103, 4, 1460, '兴县', 1461, NULL, 110),
(1055, 101101104, 4, 1462, '岚县', 1463, NULL, 110),
(1056, 101101105, 4, 1464, '柳林', 1465, NULL, 110),
(1057, 101101106, 4, 1466, '石楼', 1467, NULL, 110),
(1058, 101101107, 4, 1468, '方山', 1469, NULL, 110),
(1059, 101101108, 4, 1470, '交口', 1471, NULL, 110),
(1060, 101101109, 4, 1472, '中阳', 1473, NULL, 110),
(1061, 101101110, 4, 1474, '孝义', 1475, NULL, 110),
(1062, 101101111, 4, 1476, '汾阳', 1477, NULL, 110),
(1063, 101101112, 4, 1478, '文水', 1479, NULL, 110),
(1064, 101101113, 4, 1480, '交城', 1481, NULL, 110),
(1065, 101110101, 4, 1486, '西安', 1487, NULL, 111),
(1066, 101110102, 4, 1488, '长安', 1489, NULL, 111),
(1067, 101110103, 4, 1490, '临潼', 1491, NULL, 111),
(1068, 101110104, 4, 1492, '蓝田', 1493, NULL, 111),
(1069, 101110105, 4, 1494, '周至', 1495, NULL, 111),
(1070, 101110106, 4, 1496, '户县', 1497, NULL, 111),
(1071, 101110107, 4, 1498, '高陵', 1499, NULL, 111),
(1072, 101110200, 4, 1502, '咸阳', 1503, NULL, 112),
(1073, 101110201, 4, 1504, '三原', 1505, NULL, 112),
(1074, 101110202, 4, 1506, '礼泉', 1507, NULL, 112),
(1075, 101110203, 4, 1508, '永寿', 1509, NULL, 112),
(1076, 101110204, 4, 1510, '淳化', 1511, NULL, 112),
(1077, 101110205, 4, 1512, '泾阳', 1513, NULL, 112),
(1078, 101110206, 4, 1514, '武功', 1515, NULL, 112),
(1079, 101110207, 4, 1516, '乾县', 1517, NULL, 112),
(1080, 101110208, 4, 1518, '彬县', 1519, NULL, 112),
(1081, 101110209, 4, 1520, '长武', 1521, NULL, 112),
(1082, 101110210, 4, 1522, '旬邑', 1523, NULL, 112),
(1083, 101110211, 4, 1524, '兴平', 1525, NULL, 112),
(1084, 101110300, 4, 1528, '延安', 1529, NULL, 113),
(1085, 101110301, 4, 1530, '延长', 1531, NULL, 113),
(1086, 101110302, 4, 1532, '延川', 1533, NULL, 113),
(1087, 101110303, 4, 1534, '子长', 1535, NULL, 113),
(1088, 101110304, 4, 1536, '宜川', 1537, NULL, 113),
(1089, 101110305, 4, 1538, '富县', 1539, NULL, 113),
(1090, 101110306, 4, 1540, '志丹', 1541, NULL, 113),
(1091, 101110307, 4, 1542, '安塞', 1543, NULL, 113),
(1092, 101110308, 4, 1544, '甘泉', 1545, NULL, 113),
(1093, 101110309, 4, 1546, '洛川', 1547, NULL, 113),
(1094, 101110310, 4, 1548, '黄陵', 1549, NULL, 113),
(1095, 101110311, 4, 1550, '黄龙', 1551, NULL, 113),
(1096, 101110312, 4, 1552, '吴起', 1553, NULL, 113),
(1097, 101110401, 4, 1556, '榆林', 1557, NULL, 114),
(1098, 101110402, 4, 1558, '府谷', 1559, NULL, 114),
(1099, 101110403, 4, 1560, '神木', 1561, NULL, 114),
(1100, 101110404, 4, 1562, '佳县', 1563, NULL, 114),
(1101, 101110405, 4, 1564, '定边', 1565, NULL, 114),
(1102, 101110406, 4, 1566, '靖边', 1567, NULL, 114),
(1103, 101110407, 4, 1568, '横山', 1569, NULL, 114),
(1104, 101110408, 4, 1570, '米脂', 1571, NULL, 114),
(1105, 101110409, 4, 1572, '子洲', 1573, NULL, 114),
(1106, 101110410, 4, 1574, '绥德', 1575, NULL, 114),
(1107, 101110411, 4, 1576, '吴堡', 1577, NULL, 114),
(1108, 101110412, 4, 1578, '清涧', 1579, NULL, 114),
(1109, 101110413, 4, 1580, '榆阳', 1581, NULL, 114),
(1110, 101110501, 4, 1584, '渭南', 1585, NULL, 115),
(1111, 101110502, 4, 1586, '华县', 1587, NULL, 115),
(1112, 101110503, 4, 1588, '潼关', 1589, NULL, 115),
(1113, 101110504, 4, 1590, '大荔', 1591, NULL, 115),
(1114, 101110505, 4, 1592, '白水', 1593, NULL, 115),
(1115, 101110506, 4, 1594, '富平', 1595, NULL, 115),
(1116, 101110507, 4, 1596, '蒲城', 1597, NULL, 115),
(1117, 101110508, 4, 1598, '澄城', 1599, NULL, 115),
(1118, 101110509, 4, 1600, '合阳', 1601, NULL, 115),
(1119, 101110510, 4, 1602, '韩城', 1603, NULL, 115),
(1120, 101110511, 4, 1604, '华阴', 1605, NULL, 115),
(1121, 101110601, 4, 1608, '商洛', 1609, NULL, 116),
(1122, 101110602, 4, 1610, '洛南', 1611, NULL, 116),
(1123, 101110603, 4, 1612, '柞水', 1613, NULL, 116),
(1124, 101110604, 4, 1614, '商州', 1615, NULL, 116),
(1125, 101110605, 4, 1616, '镇安', 1617, NULL, 116),
(1126, 101110606, 4, 1618, '丹凤', 1619, NULL, 116),
(1127, 101110607, 4, 1620, '商南', 1621, NULL, 116),
(1128, 101110608, 4, 1622, '山阳', 1623, NULL, 116),
(1129, 101110701, 4, 1626, '安康', 1627, NULL, 117),
(1130, 101110702, 4, 1628, '紫阳', 1629, NULL, 117),
(1131, 101110703, 4, 1630, '石泉', 1631, NULL, 117),
(1132, 101110704, 4, 1632, '汉阴', 1633, NULL, 117),
(1133, 101110705, 4, 1634, '旬阳', 1635, NULL, 117),
(1134, 101110706, 4, 1636, '岚皋', 1637, NULL, 117),
(1135, 101110707, 4, 1638, '平利', 1639, NULL, 117),
(1136, 101110708, 4, 1640, '白河', 1641, NULL, 117),
(1137, 101110709, 4, 1642, '镇坪', 1643, NULL, 117),
(1138, 101110710, 4, 1644, '宁陕', 1645, NULL, 117),
(1139, 101110801, 4, 1648, '汉中', 1649, NULL, 118),
(1140, 101110802, 4, 1650, '略阳', 1651, NULL, 118),
(1141, 101110803, 4, 1652, '勉县', 1653, NULL, 118),
(1142, 101110804, 4, 1654, '留坝', 1655, NULL, 118),
(1143, 101110805, 4, 1656, '洋县', 1657, NULL, 118),
(1144, 101110806, 4, 1658, '城固', 1659, NULL, 118),
(1145, 101110807, 4, 1660, '西乡', 1661, NULL, 118),
(1146, 101110808, 4, 1662, '佛坪', 1663, NULL, 118),
(1147, 101110809, 4, 1664, '宁强', 1665, NULL, 118),
(1148, 101110810, 4, 1666, '南郑', 1667, NULL, 118),
(1149, 101110811, 4, 1668, '镇巴', 1669, NULL, 118),
(1150, 101110901, 4, 1672, '宝鸡', 1673, NULL, 119),
(1151, 101110903, 4, 1674, '千阳', 1675, NULL, 119),
(1152, 101110904, 4, 1676, '麟游', 1677, NULL, 119),
(1153, 101110905, 4, 1678, '岐山', 1679, NULL, 119),
(1154, 101110906, 4, 1680, '凤翔', 1681, NULL, 119),
(1155, 101110907, 4, 1682, '扶风', 1683, NULL, 119),
(1156, 101110908, 4, 1684, '眉县', 1685, NULL, 119),
(1157, 101110909, 4, 1686, '太白', 1687, NULL, 119),
(1158, 101110910, 4, 1688, '凤县', 1689, NULL, 119),
(1159, 101110911, 4, 1690, '陇县', 1691, NULL, 119),
(1160, 101110912, 4, 1692, '陈仓', 1693, NULL, 119),
(1161, 101111001, 4, 1696, '铜川', 1697, NULL, 120),
(1162, 101111002, 4, 1698, '耀县', 1699, NULL, 120),
(1163, 101111003, 4, 1700, '宜君', 1701, NULL, 120),
(1164, 101111004, 4, 1702, '耀州', 1703, NULL, 120),
(1165, 101111101, 4, 1706, '杨凌', 1707, NULL, 121),
(1166, 101120101, 4, 1712, '济南', 1713, NULL, 122),
(1167, 101120102, 4, 1714, '长清', 1715, NULL, 122),
(1168, 101120103, 4, 1716, '商河', 1717, NULL, 122),
(1169, 101120104, 4, 1718, '章丘', 1719, NULL, 122),
(1170, 101120105, 4, 1720, '平阴', 1721, NULL, 122),
(1171, 101120106, 4, 1722, '济阳', 1723, NULL, 122),
(1172, 101120201, 4, 1726, '青岛', 1727, NULL, 123),
(1173, 101120202, 4, 1728, '崂山', 1729, NULL, 123),
(1174, 101120204, 4, 1730, '即墨', 1731, NULL, 123),
(1175, 101120205, 4, 1732, '胶州', 1733, NULL, 123),
(1176, 101120206, 4, 1734, '黄岛', 1735, NULL, 123),
(1177, 101120207, 4, 1736, '莱西', 1737, NULL, 123),
(1178, 101120208, 4, 1738, '平度', 1739, NULL, 123),
(1179, 101120301, 4, 1742, '淄博', 1743, NULL, 124),
(1180, 101120302, 4, 1744, '淄川', 1745, NULL, 124),
(1181, 101120303, 4, 1746, '博山', 1747, NULL, 124),
(1182, 101120304, 4, 1748, '高青', 1749, NULL, 124),
(1183, 101120305, 4, 1750, '周村', 1751, NULL, 124),
(1184, 101120306, 4, 1752, '沂源', 1753, NULL, 124),
(1185, 101120307, 4, 1754, '桓台', 1755, NULL, 124),
(1186, 101120308, 4, 1756, '临淄', 1757, NULL, 124),
(1187, 101120401, 4, 1760, '德州', 1761, NULL, 125),
(1188, 101120402, 4, 1762, '武城', 1763, NULL, 125),
(1189, 101120403, 4, 1764, '临邑', 1765, NULL, 125),
(1190, 101120404, 4, 1766, '陵县', 1767, NULL, 125),
(1191, 101120405, 4, 1768, '齐河', 1769, NULL, 125),
(1192, 101120406, 4, 1770, '乐陵', 1771, NULL, 125),
(1193, 101120407, 4, 1772, '庆云', 1773, NULL, 125),
(1194, 101120408, 4, 1774, '平原', 1775, NULL, 125),
(1195, 101120409, 4, 1776, '宁津', 1777, NULL, 125),
(1196, 101120410, 4, 1778, '夏津', 1779, NULL, 125),
(1197, 101120411, 4, 1780, '禹城', 1781, NULL, 125),
(1198, 101120501, 4, 1784, '烟台', 1785, NULL, 126),
(1199, 101120502, 4, 1786, '莱州', 1787, NULL, 126),
(1200, 101120503, 4, 1788, '长岛', 1789, NULL, 126),
(1201, 101120504, 4, 1790, '蓬莱', 1791, NULL, 126),
(1202, 101120505, 4, 1792, '龙口', 1793, NULL, 126),
(1203, 101120506, 4, 1794, '招远', 1795, NULL, 126),
(1204, 101120507, 4, 1796, '栖霞', 1797, NULL, 126),
(1205, 101120508, 4, 1798, '福山', 1799, NULL, 126),
(1206, 101120509, 4, 1800, '牟平', 1801, NULL, 126),
(1207, 101120510, 4, 1802, '莱阳', 1803, NULL, 126),
(1208, 101120511, 4, 1804, '海阳', 1805, NULL, 126),
(1209, 101120601, 4, 1808, '潍坊', 1809, NULL, 127),
(1210, 101120602, 4, 1810, '青州', 1811, NULL, 127),
(1211, 101120603, 4, 1812, '寿光', 1813, NULL, 127),
(1212, 101120604, 4, 1814, '临朐', 1815, NULL, 127),
(1213, 101120605, 4, 1816, '昌乐', 1817, NULL, 127),
(1214, 101120606, 4, 1818, '昌邑', 1819, NULL, 127),
(1215, 101120607, 4, 1820, '安丘', 1821, NULL, 127),
(1216, 101120608, 4, 1822, '高密', 1823, NULL, 127),
(1217, 101120609, 4, 1824, '诸城', 1825, NULL, 127),
(1218, 101120701, 4, 1828, '济宁', 1829, NULL, 128),
(1219, 101120702, 4, 1830, '嘉祥', 1831, NULL, 128),
(1220, 101120703, 4, 1832, '微山', 1833, NULL, 128),
(1221, 101120704, 4, 1834, '鱼台', 1835, NULL, 128),
(1222, 101120705, 4, 1836, '兖州', 1837, NULL, 128),
(1223, 101120706, 4, 1838, '金乡', 1839, NULL, 128),
(1224, 101120707, 4, 1840, '汶上', 1841, NULL, 128),
(1225, 101120708, 4, 1842, '泗水', 1843, NULL, 128),
(1226, 101120709, 4, 1844, '梁山', 1845, NULL, 128),
(1227, 101120710, 4, 1846, '曲阜', 1847, NULL, 128),
(1228, 101120711, 4, 1848, '邹城', 1849, NULL, 128),
(1229, 101120801, 4, 1852, '泰安', 1853, NULL, 129),
(1230, 101120802, 4, 1854, '新泰', 1855, NULL, 129),
(1231, 101120804, 4, 1856, '肥城', 1857, NULL, 129),
(1232, 101120805, 4, 1858, '东平', 1859, NULL, 129),
(1233, 101120806, 4, 1860, '宁阳', 1861, NULL, 129),
(1234, 101120901, 4, 1864, '临沂', 1865, NULL, 130),
(1235, 101120902, 4, 1866, '莒南', 1867, NULL, 130),
(1236, 101120903, 4, 1868, '沂南', 1869, NULL, 130),
(1237, 101120904, 4, 1870, '兰陵', 1871, NULL, 130),
(1238, 101120905, 4, 1872, '临沭', 1873, NULL, 130),
(1239, 101120906, 4, 1874, '郯城', 1875, NULL, 130),
(1240, 101120907, 4, 1876, '蒙阴', 1877, NULL, 130),
(1241, 101120908, 4, 1878, '平邑', 1879, NULL, 130),
(1242, 101120909, 4, 1880, '费县', 1881, NULL, 130),
(1243, 101120910, 4, 1882, '沂水', 1883, NULL, 130),
(1244, 101121001, 4, 1886, '菏泽', 1887, NULL, 131),
(1245, 101121002, 4, 1888, '鄄城', 1889, NULL, 131),
(1246, 101121003, 4, 1890, '郓城', 1891, NULL, 131),
(1247, 101121004, 4, 1892, '东明', 1893, NULL, 131),
(1248, 101121005, 4, 1894, '定陶', 1895, NULL, 131),
(1249, 101121006, 4, 1896, '巨野', 1897, NULL, 131),
(1250, 101121007, 4, 1898, '曹县', 1899, NULL, 131),
(1251, 101121008, 4, 1900, '成武', 1901, NULL, 131),
(1252, 101121009, 4, 1902, '单县', 1903, NULL, 131),
(1253, 101121101, 4, 1906, '滨州', 1907, NULL, 132),
(1254, 101121102, 4, 1908, '博兴', 1909, NULL, 132),
(1255, 101121103, 4, 1910, '无棣', 1911, NULL, 132),
(1256, 101121104, 4, 1912, '阳信', 1913, NULL, 132),
(1257, 101121105, 4, 1914, '惠民', 1915, NULL, 132),
(1258, 101121106, 4, 1916, '沾化', 1917, NULL, 132),
(1259, 101121107, 4, 1918, '邹平', 1919, NULL, 132),
(1260, 101121201, 4, 1922, '东营', 1923, NULL, 133),
(1261, 101121202, 4, 1924, '河口', 1925, NULL, 133),
(1262, 101121203, 4, 1926, '垦利', 1927, NULL, 133),
(1263, 101121204, 4, 1928, '利津', 1929, NULL, 133),
(1264, 101121205, 4, 1930, '广饶', 1931, NULL, 133),
(1265, 101121301, 4, 1934, '威海', 1935, NULL, 134),
(1266, 101121302, 4, 1936, '文登', 1937, NULL, 134),
(1267, 101121303, 4, 1938, '荣成', 1939, NULL, 134),
(1268, 101121304, 4, 1940, '乳山', 1941, NULL, 134),
(1269, 101121305, 4, 1942, '成山头', 1943, NULL, 134),
(1270, 101121306, 4, 1944, '石岛', 1945, NULL, 134),
(1271, 101121401, 4, 1948, '枣庄', 1949, NULL, 135),
(1272, 101121402, 4, 1950, '薛城', 1951, NULL, 135),
(1273, 101121403, 4, 1952, '峄城', 1953, NULL, 135),
(1274, 101121404, 4, 1954, '台儿庄', 1955, NULL, 135),
(1275, 101121405, 4, 1956, '滕州', 1957, NULL, 135),
(1276, 101121501, 4, 1960, '日照', 1961, NULL, 136),
(1277, 101121502, 4, 1962, '五莲', 1963, NULL, 136),
(1278, 101121503, 4, 1964, '莒县', 1965, NULL, 136),
(1279, 101121601, 4, 1968, '莱芜', 1969, NULL, 137),
(1280, 101121701, 4, 1972, '聊城', 1973, NULL, 138),
(1281, 101121702, 4, 1974, '冠县', 1975, NULL, 138),
(1282, 101121703, 4, 1976, '阳谷', 1977, NULL, 138),
(1283, 101121704, 4, 1978, '高唐', 1979, NULL, 138),
(1284, 101121705, 4, 1980, '茌平', 1981, NULL, 138),
(1285, 101121706, 4, 1982, '东阿', 1983, NULL, 138),
(1286, 101121707, 4, 1984, '临清', 1985, NULL, 138),
(1287, 101121709, 4, 1986, '莘县', 1987, NULL, 138),
(1288, 101130101, 4, 1992, '乌鲁木齐', 1993, NULL, 139),
(1289, 101130103, 4, 1994, '小渠子', 1995, NULL, 139),
(1290, 101130105, 4, 1996, '达坂城', 1997, NULL, 139),
(1291, 101130108, 4, 1998, '乌鲁木齐牧试站', 1999, NULL, 139),
(1292, 101130109, 4, 2000, '天池', 2001, NULL, 139),
(1293, 101130110, 4, 2002, '白杨沟', 2003, NULL, 139),
(1294, 101130201, 4, 2006, '克拉玛依', 2007, NULL, 140),
(1295, 101130202, 4, 2008, '乌尔禾', 2009, NULL, 140),
(1296, 101130203, 4, 2010, '白碱滩', 2011, NULL, 140),
(1297, 101130301, 4, 2014, '石河子', 2015, NULL, 141),
(1298, 101130302, 4, 2016, '炮台', 2017, NULL, 141),
(1299, 101130303, 4, 2018, '莫索湾', 2019, NULL, 141),
(1300, 101130401, 4, 2022, '昌吉', 2023, NULL, 142),
(1301, 101130402, 4, 2024, '呼图壁', 2025, NULL, 142),
(1302, 101130403, 4, 2026, '米泉', 2027, NULL, 142),
(1303, 101130404, 4, 2028, '阜康', 2029, NULL, 142),
(1304, 101130405, 4, 2030, '吉木萨尔', 2031, NULL, 142),
(1305, 101130406, 4, 2032, '奇台', 2033, NULL, 142),
(1306, 101130407, 4, 2034, '玛纳斯', 2035, NULL, 142),
(1307, 101130408, 4, 2036, '木垒', 2037, NULL, 142),
(1308, 101130409, 4, 2038, '蔡家湖', 2039, NULL, 142),
(1309, 101130501, 4, 2042, '吐鲁番', 2043, NULL, 143),
(1310, 101130502, 4, 2044, '托克逊', 2045, NULL, 143),
(1311, 101130504, 4, 2046, '鄯善', 2047, NULL, 143),
(1312, 101130601, 4, 2050, '库尔勒', 2051, NULL, 144),
(1313, 101130602, 4, 2052, '轮台', 2053, NULL, 144),
(1314, 101130603, 4, 2054, '尉犁', 2055, NULL, 144),
(1315, 101130604, 4, 2056, '若羌', 2057, NULL, 144),
(1316, 101130605, 4, 2058, '且末', 2059, NULL, 144),
(1317, 101130606, 4, 2060, '和静', 2061, NULL, 144),
(1318, 101130607, 4, 2062, '焉耆', 2063, NULL, 144),
(1319, 101130608, 4, 2064, '和硕', 2065, NULL, 144),
(1320, 101130610, 4, 2066, '巴音布鲁克', 2067, NULL, 144),
(1321, 101130611, 4, 2068, '铁干里克', 2069, NULL, 144),
(1322, 101130612, 4, 2070, '博湖', 2071, NULL, 144),
(1323, 101130613, 4, 2072, '塔中', 2073, NULL, 144),
(1324, 101130614, 4, 2074, '巴仑台', 2075, NULL, 144),
(1325, 101130701, 4, 2078, '阿拉尔', 2079, NULL, 145),
(1326, 101130801, 4, 2082, '阿克苏', 2083, NULL, 146),
(1327, 101130802, 4, 2084, '乌什', 2085, NULL, 146),
(1328, 101130803, 4, 2086, '温宿', 2087, NULL, 146),
(1329, 101130804, 4, 2088, '拜城', 2089, NULL, 146),
(1330, 101130805, 4, 2090, '新和', 2091, NULL, 146),
(1331, 101130806, 4, 2092, '沙雅', 2093, NULL, 146),
(1332, 101130807, 4, 2094, '库车', 2095, NULL, 146),
(1333, 101130808, 4, 2096, '柯坪', 2097, NULL, 146),
(1334, 101130809, 4, 2098, '阿瓦提', 2099, NULL, 146),
(1335, 101130901, 4, 2102, '喀什', 2103, NULL, 147),
(1336, 101130902, 4, 2104, '英吉沙', 2105, NULL, 147),
(1337, 101130903, 4, 2106, '塔什库尔干', 2107, NULL, 147),
(1338, 101130904, 4, 2108, '麦盖提', 2109, NULL, 147),
(1339, 101130905, 4, 2110, '莎车', 2111, NULL, 147),
(1340, 101130906, 4, 2112, '叶城', 2113, NULL, 147),
(1341, 101130907, 4, 2114, '泽普', 2115, NULL, 147),
(1342, 101130908, 4, 2116, '巴楚', 2117, NULL, 147),
(1343, 101130909, 4, 2118, '岳普湖', 2119, NULL, 147),
(1344, 101130910, 4, 2120, '伽师', 2121, NULL, 147),
(1345, 101130911, 4, 2122, '疏附', 2123, NULL, 147),
(1346, 101130912, 4, 2124, '疏勒', 2125, NULL, 147),
(1347, 101131001, 4, 2128, '伊宁', 2129, NULL, 148),
(1348, 101131002, 4, 2130, '察布查尔', 2131, NULL, 148),
(1349, 101131003, 4, 2132, '尼勒克', 2133, NULL, 148),
(1350, 101131004, 4, 2134, '伊宁县', 2135, NULL, 148),
(1351, 101131005, 4, 2136, '巩留', 2137, NULL, 148),
(1352, 101131006, 4, 2138, '新源', 2139, NULL, 148),
(1353, 101131007, 4, 2140, '昭苏', 2141, NULL, 148),
(1354, 101131008, 4, 2142, '特克斯', 2143, NULL, 148),
(1355, 101131009, 4, 2144, '霍城', 2145, NULL, 148),
(1356, 101131010, 4, 2146, '霍尔果斯', 2147, NULL, 148),
(1357, 101131011, 4, 2148, '奎屯', 2149, NULL, 148),
(1358, 101131101, 4, 2152, '塔城', 2153, NULL, 149),
(1359, 101131102, 4, 2154, '裕民', 2155, NULL, 149),
(1360, 101131103, 4, 2156, '额敏', 2157, NULL, 149),
(1361, 101131104, 4, 2158, '和布克赛尔', 2159, NULL, 149),
(1362, 101131105, 4, 2160, '托里', 2161, NULL, 149),
(1363, 101131106, 4, 2162, '乌苏', 2163, NULL, 149),
(1364, 101131107, 4, 2164, '沙湾', 2165, NULL, 149),
(1365, 101131108, 4, 2166, '和丰', 2167, NULL, 149),
(1366, 101131201, 4, 2170, '哈密', 2171, NULL, 150),
(1367, 101131203, 4, 2172, '巴里坤', 2173, NULL, 150),
(1368, 101131204, 4, 2174, '伊吾', 2175, NULL, 150),
(1369, 101131301, 4, 2178, '和田', 2179, NULL, 151),
(1370, 101131302, 4, 2180, '皮山', 2181, NULL, 151),
(1371, 101131303, 4, 2182, '策勒', 2183, NULL, 151),
(1372, 101131304, 4, 2184, '墨玉', 2185, NULL, 151),
(1373, 101131305, 4, 2186, '洛浦', 2187, NULL, 151),
(1374, 101131306, 4, 2188, '民丰', 2189, NULL, 151),
(1375, 101131307, 4, 2190, '于田', 2191, NULL, 151),
(1376, 101131401, 4, 2194, '阿勒泰', 2195, NULL, 152),
(1377, 101131402, 4, 2196, '哈巴河', 2197, NULL, 152),
(1378, 101131405, 4, 2198, '吉木乃', 2199, NULL, 152),
(1379, 101131406, 4, 2200, '布尔津', 2201, NULL, 152),
(1380, 101131407, 4, 2202, '福海', 2203, NULL, 152),
(1381, 101131408, 4, 2204, '富蕴', 2205, NULL, 152),
(1382, 101131409, 4, 2206, '青河', 2207, NULL, 152),
(1383, 101131501, 4, 2210, '阿图什', 2211, NULL, 153),
(1384, 101131502, 4, 2212, '乌恰', 2213, NULL, 153),
(1385, 101131503, 4, 2214, '阿克陶', 2215, NULL, 153),
(1386, 101131504, 4, 2216, '阿合奇', 2217, NULL, 153),
(1387, 101131601, 4, 2220, '博乐', 2221, NULL, 154),
(1388, 101131602, 4, 2222, '温泉', 2223, NULL, 154),
(1389, 101131603, 4, 2224, '精河', 2225, NULL, 154),
(1390, 101131606, 4, 2226, '阿拉山口', 2227, NULL, 154),
(1391, 101140101, 4, 2232, '拉萨', 2233, NULL, 155),
(1392, 101140102, 4, 2234, '当雄', 2235, NULL, 155),
(1393, 101140103, 4, 2236, '尼木', 2237, NULL, 155),
(1394, 101140104, 4, 2238, '林周', 2239, NULL, 155),
(1395, 101140105, 4, 2240, '堆龙德庆', 2241, NULL, 155),
(1396, 101140106, 4, 2242, '曲水', 2243, NULL, 155),
(1397, 101140107, 4, 2244, '达孜', 2245, NULL, 155),
(1398, 101140108, 4, 2246, '墨竹工卡', 2247, NULL, 155),
(1399, 101140201, 4, 2250, '日喀则', 2251, NULL, 156),
(1400, 101140202, 4, 2252, '拉孜', 2253, NULL, 156),
(1401, 101140203, 4, 2254, '南木林', 2255, NULL, 156),
(1402, 101140204, 4, 2256, '聂拉木', 2257, NULL, 156),
(1403, 101140205, 4, 2258, '定日', 2259, NULL, 156),
(1404, 101140206, 4, 2260, '江孜', 2261, NULL, 156),
(1405, 101140207, 4, 2262, '帕里', 2263, NULL, 156),
(1406, 101140208, 4, 2264, '仲巴', 2265, NULL, 156),
(1407, 101140209, 4, 2266, '萨嘎', 2267, NULL, 156),
(1408, 101140210, 4, 2268, '吉隆', 2269, NULL, 156),
(1409, 101140211, 4, 2270, '昂仁', 2271, NULL, 156),
(1410, 101140212, 4, 2272, '定结', 2273, NULL, 156),
(1411, 101140213, 4, 2274, '萨迦', 2275, NULL, 156),
(1412, 101140214, 4, 2276, '谢通门', 2277, NULL, 156),
(1413, 101140216, 4, 2278, '岗巴', 2279, NULL, 156),
(1414, 101140217, 4, 2280, '白朗', 2281, NULL, 156),
(1415, 101140218, 4, 2282, '亚东', 2283, NULL, 156),
(1416, 101140219, 4, 2284, '康马', 2285, NULL, 156),
(1417, 101140220, 4, 2286, '仁布', 2287, NULL, 156),
(1418, 101140301, 4, 2290, '山南', 2291, NULL, 157),
(1419, 101140302, 4, 2292, '贡嘎', 2293, NULL, 157),
(1420, 101140303, 4, 2294, '札囊', 2295, NULL, 157),
(1421, 101140304, 4, 2296, '加查', 2297, NULL, 157),
(1422, 101140305, 4, 2298, '浪卡子', 2299, NULL, 157),
(1423, 101140306, 4, 2300, '错那', 2301, NULL, 157),
(1424, 101140307, 4, 2302, '隆子', 2303, NULL, 157),
(1425, 101140308, 4, 2304, '泽当', 2305, NULL, 157),
(1426, 101140309, 4, 2306, '乃东', 2307, NULL, 157),
(1427, 101140310, 4, 2308, '桑日', 2309, NULL, 157),
(1428, 101140311, 4, 2310, '洛扎', 2311, NULL, 157),
(1429, 101140312, 4, 2312, '措美', 2313, NULL, 157),
(1430, 101140313, 4, 2314, '琼结', 2315, NULL, 157),
(1431, 101140314, 4, 2316, '曲松', 2317, NULL, 157),
(1432, 101140401, 4, 2320, '林芝', 2321, NULL, 158),
(1433, 101140402, 4, 2322, '波密', 2323, NULL, 158),
(1434, 101140403, 4, 2324, '米林', 2325, NULL, 158),
(1435, 101140404, 4, 2326, '察隅', 2327, NULL, 158),
(1436, 101140405, 4, 2328, '工布江达', 2329, NULL, 158),
(1437, 101140406, 4, 2330, '朗县', 2331, NULL, 158),
(1438, 101140407, 4, 2332, '墨脱', 2333, NULL, 158),
(1439, 101140501, 4, 2336, '昌都', 2337, NULL, 159),
(1440, 101140502, 4, 2338, '丁青', 2339, NULL, 159),
(1441, 101140503, 4, 2340, '边坝', 2341, NULL, 159),
(1442, 101140504, 4, 2342, '洛隆', 2343, NULL, 159),
(1443, 101140505, 4, 2344, '左贡', 2345, NULL, 159),
(1444, 101140506, 4, 2346, '芒康', 2347, NULL, 159),
(1445, 101140507, 4, 2348, '类乌齐', 2349, NULL, 159),
(1446, 101140508, 4, 2350, '八宿', 2351, NULL, 159),
(1447, 101140509, 4, 2352, '江达', 2353, NULL, 159),
(1448, 101140510, 4, 2354, '察雅', 2355, NULL, 159),
(1449, 101140511, 4, 2356, '贡觉', 2357, NULL, 159),
(1450, 101140601, 4, 2360, '那曲', 2361, NULL, 160),
(1451, 101140602, 4, 2362, '尼玛', 2363, NULL, 160),
(1452, 101140603, 4, 2364, '嘉黎', 2365, NULL, 160),
(1453, 101140604, 4, 2366, '班戈', 2367, NULL, 160),
(1454, 101140605, 4, 2368, '安多', 2369, NULL, 160),
(1455, 101140606, 4, 2370, '索县', 2371, NULL, 160),
(1456, 101140607, 4, 2372, '聂荣', 2373, NULL, 160),
(1457, 101140608, 4, 2374, '巴青', 2375, NULL, 160),
(1458, 101140609, 4, 2376, '比如', 2377, NULL, 160),
(1459, 101140610, 4, 2378, '双湖', 2379, NULL, 160),
(1460, 101140701, 4, 2382, '阿里', 2383, NULL, 161),
(1461, 101140702, 4, 2384, '改则', 2385, NULL, 161),
(1462, 101140703, 4, 2386, '申扎', 2387, NULL, 161),
(1463, 101140704, 4, 2388, '狮泉河', 2389, NULL, 161),
(1464, 101140705, 4, 2390, '普兰', 2391, NULL, 161),
(1465, 101140706, 4, 2392, '札达', 2393, NULL, 161),
(1466, 101140707, 4, 2394, '噶尔', 2395, NULL, 161),
(1467, 101140708, 4, 2396, '日土', 2397, NULL, 161),
(1468, 101140709, 4, 2398, '革吉', 2399, NULL, 161),
(1469, 101140710, 4, 2400, '措勤', 2401, NULL, 161),
(1470, 101150101, 4, 2406, '西宁', 2407, NULL, 162),
(1471, 101150102, 4, 2408, '大通', 2409, NULL, 162),
(1472, 101150103, 4, 2410, '湟源', 2411, NULL, 162),
(1473, 101150104, 4, 2412, '湟中', 2413, NULL, 162),
(1474, 101150201, 4, 2416, '海东', 2417, NULL, 163),
(1475, 101150202, 4, 2418, '乐都', 2419, NULL, 163),
(1476, 101150203, 4, 2420, '民和', 2421, NULL, 163),
(1477, 101150204, 4, 2422, '互助', 2423, NULL, 163),
(1478, 101150205, 4, 2424, '化隆', 2425, NULL, 163),
(1479, 101150206, 4, 2426, '循化', 2427, NULL, 163),
(1480, 101150207, 4, 2428, '冷湖', 2429, NULL, 163),
(1481, 101150208, 4, 2430, '平安', 2431, NULL, 163),
(1482, 101150301, 4, 2434, '黄南', 2435, NULL, 164),
(1483, 101150302, 4, 2436, '尖扎', 2437, NULL, 164),
(1484, 101150303, 4, 2438, '泽库', 2439, NULL, 164),
(1485, 101150304, 4, 2440, '河南', 2441, NULL, 164),
(1486, 101150305, 4, 2442, '同仁', 2443, NULL, 164),
(1487, 101150401, 4, 2446, '海南', 2447, NULL, 165),
(1488, 101150404, 4, 2448, '贵德', 2449, NULL, 165),
(1489, 101150406, 4, 2450, '兴海', 2451, NULL, 165),
(1490, 101150407, 4, 2452, '贵南', 2453, NULL, 165),
(1491, 101150408, 4, 2454, '同德', 2455, NULL, 165),
(1492, 101150409, 4, 2456, '共和', 2457, NULL, 165),
(1493, 101150501, 4, 2460, '果洛', 2461, NULL, 166),
(1494, 101150502, 4, 2462, '班玛', 2463, NULL, 166),
(1495, 101150503, 4, 2464, '甘德', 2465, NULL, 166),
(1496, 101150504, 4, 2466, '达日', 2467, NULL, 166),
(1497, 101150505, 4, 2468, '久治', 2469, NULL, 166),
(1498, 101150506, 4, 2470, '玛多', 2471, NULL, 166),
(1499, 101150507, 4, 2472, '多县', 2473, NULL, 166),
(1500, 101150508, 4, 2474, '玛沁', 2475, NULL, 166),
(1501, 101150601, 4, 2478, '玉树', 2479, NULL, 167),
(1502, 101150602, 4, 2480, '称多', 2481, NULL, 167),
(1503, 101150603, 4, 2482, '治多', 2483, NULL, 167),
(1504, 101150604, 4, 2484, '杂多', 2485, NULL, 167),
(1505, 101150605, 4, 2486, '囊谦', 2487, NULL, 167),
(1506, 101150606, 4, 2488, '曲麻莱', 2489, NULL, 167),
(1507, 101150701, 4, 2492, '海西', 2493, NULL, 168),
(1508, 101150708, 4, 2494, '天峻', 2495, NULL, 168),
(1509, 101150709, 4, 2496, '乌兰', 2497, NULL, 168),
(1510, 101150712, 4, 2498, '茫崖', 2499, NULL, 168),
(1511, 101150713, 4, 2500, '大柴旦', 2501, NULL, 168),
(1512, 101150716, 4, 2502, '德令哈', 2503, NULL, 168),
(1513, 101150801, 4, 2506, '海北', 2507, NULL, 169),
(1514, 101150802, 4, 2508, '门源', 2509, NULL, 169),
(1515, 101150803, 4, 2510, '祁连', 2511, NULL, 169),
(1516, 101150804, 4, 2512, '海晏', 2513, NULL, 169),
(1517, 101150806, 4, 2514, '刚察', 2515, NULL, 169),
(1518, 101150901, 4, 2518, '格尔木', 2519, NULL, 170),
(1519, 101150902, 4, 2520, '都兰', 2521, NULL, 170),
(1520, 101160101, 4, 2526, '兰州', 2527, NULL, 171),
(1521, 101160102, 4, 2528, '皋兰', 2529, NULL, 171),
(1522, 101160103, 4, 2530, '永登', 2531, NULL, 171),
(1523, 101160104, 4, 2532, '榆中', 2533, NULL, 171),
(1524, 101160201, 4, 2536, '定西', 2537, NULL, 172),
(1525, 101160202, 4, 2538, '通渭', 2539, NULL, 172),
(1526, 101160203, 4, 2540, '陇西', 2541, NULL, 172),
(1527, 101160204, 4, 2542, '渭源', 2543, NULL, 172),
(1528, 101160205, 4, 2544, '临洮', 2545, NULL, 172),
(1529, 101160206, 4, 2546, '漳县', 2547, NULL, 172),
(1530, 101160207, 4, 2548, '岷县', 2549, NULL, 172),
(1531, 101160208, 4, 2550, '安定', 2551, NULL, 172),
(1532, 101160301, 4, 2554, '平凉', 2555, NULL, 173),
(1533, 101160302, 4, 2556, '泾川', 2557, NULL, 173),
(1534, 101160303, 4, 2558, '灵台', 2559, NULL, 173),
(1535, 101160304, 4, 2560, '崇信', 2561, NULL, 173),
(1536, 101160305, 4, 2562, '华亭', 2563, NULL, 173),
(1537, 101160306, 4, 2564, '庄浪', 2565, NULL, 173),
(1538, 101160307, 4, 2566, '静宁', 2567, NULL, 173),
(1539, 101160308, 4, 2568, '崆峒', 2569, NULL, 173),
(1540, 101160401, 4, 2572, '庆阳', 2573, NULL, 174),
(1541, 101160402, 4, 2574, '西峰', 2575, NULL, 174),
(1542, 101160403, 4, 2576, '环县', 2577, NULL, 174),
(1543, 101160404, 4, 2578, '华池', 2579, NULL, 174),
(1544, 101160405, 4, 2580, '合水', 2581, NULL, 174),
(1545, 101160406, 4, 2582, '正宁', 2583, NULL, 174),
(1546, 101160407, 4, 2584, '宁县', 2585, NULL, 174),
(1547, 101160408, 4, 2586, '镇原', 2587, NULL, 174),
(1548, 101160409, 4, 2588, '庆城', 2589, NULL, 174),
(1549, 101160501, 4, 2592, '武威', 2593, NULL, 175),
(1550, 101160502, 4, 2594, '民勤', 2595, NULL, 175),
(1551, 101160503, 4, 2596, '古浪', 2597, NULL, 175),
(1552, 101160505, 4, 2598, '天祝', 2599, NULL, 175),
(1553, 101160601, 4, 2602, '金昌', 2603, NULL, 176),
(1554, 101160602, 4, 2604, '永昌', 2605, NULL, 176),
(1555, 101160701, 4, 2608, '张掖', 2609, NULL, 177),
(1556, 101160702, 4, 2610, '肃南', 2611, NULL, 177),
(1557, 101160703, 4, 2612, '民乐', 2613, NULL, 177),
(1558, 101160704, 4, 2614, '临泽', 2615, NULL, 177),
(1559, 101160705, 4, 2616, '高台', 2617, NULL, 177),
(1560, 101160706, 4, 2618, '山丹', 2619, NULL, 177),
(1561, 101160801, 4, 2622, '酒泉', 2623, NULL, 178),
(1562, 101160803, 4, 2624, '金塔', 2625, NULL, 178),
(1563, 101160804, 4, 2626, '阿克塞', 2627, NULL, 178),
(1564, 101160805, 4, 2628, '瓜州', 2629, NULL, 178),
(1565, 101160806, 4, 2630, '肃北', 2631, NULL, 178),
(1566, 101160807, 4, 2632, '玉门', 2633, NULL, 178),
(1567, 101160808, 4, 2634, '敦煌', 2635, NULL, 178),
(1568, 101160901, 4, 2638, '天水', 2639, NULL, 179),
(1569, 101160902, 4, 2640, '北道区', 2641, NULL, 179),
(1570, 101160903, 4, 2642, '清水', 2643, NULL, 179),
(1571, 101160904, 4, 2644, '秦安', 2645, NULL, 179),
(1572, 101160905, 4, 2646, '甘谷', 2647, NULL, 179),
(1573, 101160906, 4, 2648, '武山', 2649, NULL, 179),
(1574, 101160907, 4, 2650, '张家川', 2651, NULL, 179),
(1575, 101160908, 4, 2652, '麦积', 2653, NULL, 179),
(1576, 101161001, 4, 2656, '武都', 2657, NULL, 180),
(1577, 101161002, 4, 2658, '成县', 2659, NULL, 180),
(1578, 101161003, 4, 2660, '文县', 2661, NULL, 180),
(1579, 101161004, 4, 2662, '宕昌', 2663, NULL, 180),
(1580, 101161005, 4, 2664, '康县', 2665, NULL, 180),
(1581, 101161006, 4, 2666, '西和', 2667, NULL, 180),
(1582, 101161007, 4, 2668, '礼县', 2669, NULL, 180),
(1583, 101161008, 4, 2670, '徽县', 2671, NULL, 180),
(1584, 101161009, 4, 2672, '两当', 2673, NULL, 180),
(1585, 101161101, 4, 2676, '临夏', 2677, NULL, 181),
(1586, 101161102, 4, 2678, '康乐', 2679, NULL, 181),
(1587, 101161103, 4, 2680, '永靖', 2681, NULL, 181),
(1588, 101161104, 4, 2682, '广河', 2683, NULL, 181),
(1589, 101161105, 4, 2684, '和政', 2685, NULL, 181),
(1590, 101161106, 4, 2686, '东乡', 2687, NULL, 181),
(1591, 101161107, 4, 2688, '积石山', 2689, NULL, 181),
(1592, 101161201, 4, 2692, '合作', 2693, NULL, 182),
(1593, 101161202, 4, 2694, '临潭', 2695, NULL, 182),
(1594, 101161203, 4, 2696, '卓尼', 2697, NULL, 182),
(1595, 101161204, 4, 2698, '舟曲', 2699, NULL, 182),
(1596, 101161205, 4, 2700, '迭部', 2701, NULL, 182),
(1597, 101161206, 4, 2702, '玛曲', 2703, NULL, 182),
(1598, 101161207, 4, 2704, '碌曲', 2705, NULL, 182),
(1599, 101161208, 4, 2706, '夏河', 2707, NULL, 182),
(1600, 101161301, 4, 2710, '白银', 2711, NULL, 183),
(1601, 101161302, 4, 2712, '靖远', 2713, NULL, 183),
(1602, 101161303, 4, 2714, '会宁', 2715, NULL, 183),
(1603, 101161304, 4, 2716, '平川', 2717, NULL, 183),
(1604, 101161305, 4, 2718, '景泰', 2719, NULL, 183),
(1605, 101161401, 4, 2722, '嘉峪关', 2723, NULL, 184),
(1606, 101170101, 4, 2728, '银川', 2729, NULL, 185),
(1607, 101170102, 4, 2730, '永宁', 2731, NULL, 185),
(1608, 101170103, 4, 2732, '灵武', 2733, NULL, 185),
(1609, 101170104, 4, 2734, '贺兰', 2735, NULL, 185),
(1610, 101170201, 4, 2738, '石嘴山', 2739, NULL, 186),
(1611, 101170202, 4, 2740, '惠农', 2741, NULL, 186),
(1612, 101170203, 4, 2742, '平罗', 2743, NULL, 186),
(1613, 101170204, 4, 2744, '陶乐', 2745, NULL, 186),
(1614, 101170206, 4, 2746, '大武口', 2747, NULL, 186),
(1615, 101170301, 4, 2750, '吴忠', 2751, NULL, 187),
(1616, 101170302, 4, 2752, '同心', 2753, NULL, 187),
(1617, 101170303, 4, 2754, '盐池', 2755, NULL, 187),
(1618, 101170306, 4, 2756, '青铜峡', 2757, NULL, 187),
(1619, 101170401, 4, 2760, '固原', 2761, NULL, 188),
(1620, 101170402, 4, 2762, '西吉', 2763, NULL, 188),
(1621, 101170403, 4, 2764, '隆德', 2765, NULL, 188),
(1622, 101170404, 4, 2766, '泾源', 2767, NULL, 188),
(1623, 101170406, 4, 2768, '彭阳', 2769, NULL, 188),
(1624, 101170501, 4, 2772, '中卫', 2773, NULL, 189),
(1625, 101170502, 4, 2774, '中宁', 2775, NULL, 189),
(1626, 101170504, 4, 2776, '海原', 2777, NULL, 189),
(1627, 101180101, 4, 2782, '郑州', 2783, NULL, 190),
(1628, 101180102, 4, 2784, '巩义', 2785, NULL, 190),
(1629, 101180103, 4, 2786, '荥阳', 2787, NULL, 190),
(1630, 101180104, 4, 2788, '登封', 2789, NULL, 190),
(1631, 101180105, 4, 2790, '新密', 2791, NULL, 190),
(1632, 101180106, 4, 2792, '新郑', 2793, NULL, 190),
(1633, 101180107, 4, 2794, '中牟', 2795, NULL, 190),
(1634, 101180108, 4, 2796, '上街', 2797, NULL, 190),
(1635, 101180201, 4, 2800, '安阳', 2801, NULL, 191),
(1636, 101180202, 4, 2802, '汤阴', 2803, NULL, 191),
(1637, 101180203, 4, 2804, '滑县', 2805, NULL, 191),
(1638, 101180204, 4, 2806, '内黄', 2807, NULL, 191),
(1639, 101180205, 4, 2808, '林州', 2809, NULL, 191),
(1640, 101180301, 4, 2812, '新乡', 2813, NULL, 192),
(1641, 101180302, 4, 2814, '获嘉', 2815, NULL, 192),
(1642, 101180303, 4, 2816, '原阳', 2817, NULL, 192),
(1643, 101180304, 4, 2818, '辉县', 2819, NULL, 192),
(1644, 101180305, 4, 2820, '卫辉', 2821, NULL, 192),
(1645, 101180306, 4, 2822, '延津', 2823, NULL, 192),
(1646, 101180307, 4, 2824, '封丘', 2825, NULL, 192),
(1647, 101180308, 4, 2826, '长垣', 2827, NULL, 192),
(1648, 101180401, 4, 2830, '许昌', 2831, NULL, 193),
(1649, 101180402, 4, 2832, '鄢陵', 2833, NULL, 193),
(1650, 101180403, 4, 2834, '襄城', 2835, NULL, 193),
(1651, 101180404, 4, 2836, '长葛', 2837, NULL, 193),
(1652, 101180405, 4, 2838, '禹州', 2839, NULL, 193),
(1653, 101180501, 4, 2842, '平顶山', 2843, NULL, 194),
(1654, 101180502, 4, 2844, '郏县', 2845, NULL, 194),
(1655, 101180503, 4, 2846, '宝丰', 2847, NULL, 194),
(1656, 101180504, 4, 2848, '汝州', 2849, NULL, 194),
(1657, 101180505, 4, 2850, '叶县', 2851, NULL, 194),
(1658, 101180506, 4, 2852, '舞钢', 2853, NULL, 194),
(1659, 101180507, 4, 2854, '鲁山', 2855, NULL, 194),
(1660, 101180508, 4, 2856, '石龙', 2857, NULL, 194),
(1661, 101180601, 4, 2860, '信阳', 2861, NULL, 195),
(1662, 101180602, 4, 2862, '息县', 2863, NULL, 195),
(1663, 101180603, 4, 2864, '罗山', 2865, NULL, 195),
(1664, 101180604, 4, 2866, '光山', 2867, NULL, 195),
(1665, 101180605, 4, 2868, '新县', 2869, NULL, 195),
(1666, 101180606, 4, 2870, '淮滨', 2871, NULL, 195),
(1667, 101180607, 4, 2872, '潢川', 2873, NULL, 195),
(1668, 101180608, 4, 2874, '固始', 2875, NULL, 195),
(1669, 101180609, 4, 2876, '商城', 2877, NULL, 195),
(1670, 101180701, 4, 2880, '南阳', 2881, NULL, 196),
(1671, 101180702, 4, 2882, '南召', 2883, NULL, 196),
(1672, 101180703, 4, 2884, '方城', 2885, NULL, 196),
(1673, 101180704, 4, 2886, '社旗', 2887, NULL, 196),
(1674, 101180705, 4, 2888, '西峡', 2889, NULL, 196),
(1675, 101180706, 4, 2890, '内乡', 2891, NULL, 196),
(1676, 101180707, 4, 2892, '镇平', 2893, NULL, 196),
(1677, 101180708, 4, 2894, '淅川', 2895, NULL, 196),
(1678, 101180709, 4, 2896, '新野', 2897, NULL, 196),
(1679, 101180710, 4, 2898, '唐河', 2899, NULL, 196),
(1680, 101180711, 4, 2900, '邓州', 2901, NULL, 196),
(1681, 101180712, 4, 2902, '桐柏', 2903, NULL, 196),
(1682, 101180801, 4, 2906, '开封', 2907, NULL, 197),
(1683, 101180802, 4, 2908, '杞县', 2909, NULL, 197),
(1684, 101180803, 4, 2910, '尉氏', 2911, NULL, 197),
(1685, 101180804, 4, 2912, '通许', 2913, NULL, 197),
(1686, 101180805, 4, 2914, '兰考', 2915, NULL, 197),
(1687, 101180901, 4, 2918, '洛阳', 2919, NULL, 198),
(1688, 101180902, 4, 2920, '新安', 2921, NULL, 198),
(1689, 101180903, 4, 2922, '孟津', 2923, NULL, 198),
(1690, 101180904, 4, 2924, '宜阳', 2925, NULL, 198),
(1691, 101180905, 4, 2926, '洛宁', 2927, NULL, 198),
(1692, 101180906, 4, 2928, '伊川', 2929, NULL, 198),
(1693, 101180907, 4, 2930, '嵩县', 2931, NULL, 198),
(1694, 101180908, 4, 2932, '偃师', 2933, NULL, 198),
(1695, 101180909, 4, 2934, '栾川', 2935, NULL, 198),
(1696, 101180910, 4, 2936, '汝阳', 2937, NULL, 198),
(1697, 101180911, 4, 2938, '吉利', 2939, NULL, 198),
(1698, 101181001, 4, 2942, '商丘', 2943, NULL, 199),
(1699, 101181003, 4, 2944, '睢县', 2945, NULL, 199),
(1700, 101181004, 4, 2946, '民权', 2947, NULL, 199),
(1701, 101181005, 4, 2948, '虞城', 2949, NULL, 199),
(1702, 101181006, 4, 2950, '柘城', 2951, NULL, 199),
(1703, 101181007, 4, 2952, '宁陵', 2953, NULL, 199),
(1704, 101181008, 4, 2954, '夏邑', 2955, NULL, 199),
(1705, 101181009, 4, 2956, '永城', 2957, NULL, 199),
(1706, 101181101, 4, 2960, '焦作', 2961, NULL, 200),
(1707, 101181102, 4, 2962, '修武', 2963, NULL, 200),
(1708, 101181103, 4, 2964, '武陟', 2965, NULL, 200),
(1709, 101181104, 4, 2966, '沁阳', 2967, NULL, 200),
(1710, 101181106, 4, 2968, '博爱', 2969, NULL, 200),
(1711, 101181107, 4, 2970, '温县', 2971, NULL, 200),
(1712, 101181108, 4, 2972, '孟州', 2973, NULL, 200),
(1713, 101181201, 4, 2976, '鹤壁', 2977, NULL, 201),
(1714, 101181202, 4, 2978, '浚县', 2979, NULL, 201),
(1715, 101181203, 4, 2980, '淇县', 2981, NULL, 201),
(1716, 101181301, 4, 2984, '濮阳', 2985, NULL, 202),
(1717, 101181302, 4, 2986, '台前', 2987, NULL, 202),
(1718, 101181303, 4, 2988, '南乐', 2989, NULL, 202),
(1719, 101181304, 4, 2990, '清丰', 2991, NULL, 202),
(1720, 101181305, 4, 2992, '范县', 2993, NULL, 202),
(1721, 101181401, 4, 2996, '周口', 2997, NULL, 203),
(1722, 101181402, 4, 2998, '扶沟', 2999, NULL, 203),
(1723, 101181403, 4, 3000, '太康', 3001, NULL, 203),
(1724, 101181404, 4, 3002, '淮阳', 3003, NULL, 203),
(1725, 101181405, 4, 3004, '西华', 3005, NULL, 203),
(1726, 101181406, 4, 3006, '商水', 3007, NULL, 203),
(1727, 101181407, 4, 3008, '项城', 3009, NULL, 203),
(1728, 101181408, 4, 3010, '郸城', 3011, NULL, 203),
(1729, 101181409, 4, 3012, '鹿邑', 3013, NULL, 203),
(1730, 101181410, 4, 3014, '沈丘', 3015, NULL, 203),
(1731, 101181501, 4, 3018, '漯河', 3019, NULL, 204),
(1732, 101181502, 4, 3020, '临颍', 3021, NULL, 204),
(1733, 101181503, 4, 3022, '舞阳', 3023, NULL, 204),
(1734, 101181601, 4, 3026, '驻马店', 3027, NULL, 205),
(1735, 101181602, 4, 3028, '西平', 3029, NULL, 205),
(1736, 101181603, 4, 3030, '遂平', 3031, NULL, 205),
(1737, 101181604, 4, 3032, '上蔡', 3033, NULL, 205),
(1738, 101181605, 4, 3034, '汝南', 3035, NULL, 205),
(1739, 101181606, 4, 3036, '泌阳', 3037, NULL, 205),
(1740, 101181607, 4, 3038, '平舆', 3039, NULL, 205),
(1741, 101181608, 4, 3040, '新蔡', 3041, NULL, 205),
(1742, 101181609, 4, 3042, '确山', 3043, NULL, 205),
(1743, 101181610, 4, 3044, '正阳', 3045, NULL, 205),
(1744, 101181701, 4, 3048, '三门峡', 3049, NULL, 206),
(1745, 101181702, 4, 3050, '灵宝', 3051, NULL, 206),
(1746, 101181703, 4, 3052, '渑池', 3053, NULL, 206),
(1747, 101181704, 4, 3054, '卢氏', 3055, NULL, 206),
(1748, 101181705, 4, 3056, '义马', 3057, NULL, 206),
(1749, 101181706, 4, 3058, '陕县', 3059, NULL, 206),
(1750, 101181801, 4, 3062, '济源', 3063, NULL, 207),
(1751, 101190101, 4, 3068, '南京', 3069, NULL, 208),
(1752, 101190102, 4, 3070, '溧水', 3071, NULL, 208),
(1753, 101190103, 4, 3072, '高淳', 3073, NULL, 208),
(1754, 101190104, 4, 3074, '江宁', 3075, NULL, 208),
(1755, 101190105, 4, 3076, '六合', 3077, NULL, 208),
(1756, 101190106, 4, 3078, '江浦', 3079, NULL, 208),
(1757, 101190107, 4, 3080, '浦口', 3081, NULL, 208),
(1758, 101190201, 4, 3084, '无锡', 3085, NULL, 209),
(1759, 101190202, 4, 3086, '江阴', 3087, NULL, 209),
(1760, 101190203, 4, 3088, '宜兴', 3089, NULL, 209),
(1761, 101190204, 4, 3090, '锡山', 3091, NULL, 209),
(1762, 101190301, 4, 3094, '镇江', 3095, NULL, 210),
(1763, 101190302, 4, 3096, '丹阳', 3097, NULL, 210),
(1764, 101190303, 4, 3098, '扬中', 3099, NULL, 210),
(1765, 101190304, 4, 3100, '句容', 3101, NULL, 210),
(1766, 101190305, 4, 3102, '丹徒', 3103, NULL, 210),
(1767, 101190401, 4, 3106, '苏州', 3107, NULL, 211),
(1768, 101190402, 4, 3108, '常熟', 3109, NULL, 211),
(1769, 101190403, 4, 3110, '张家港', 3111, NULL, 211),
(1770, 101190404, 4, 3112, '昆山', 3113, NULL, 211),
(1771, 101190405, 4, 3114, '吴中', 3115, NULL, 211),
(1772, 101190407, 4, 3116, '吴江', 3117, NULL, 211),
(1773, 101190408, 4, 3118, '太仓', 3119, NULL, 211),
(1774, 101190501, 4, 3122, '南通', 3123, NULL, 212),
(1775, 101190502, 4, 3124, '海安', 3125, NULL, 212),
(1776, 101190503, 4, 3126, '如皋', 3127, NULL, 212),
(1777, 101190504, 4, 3128, '如东', 3129, NULL, 212),
(1778, 101190507, 4, 3130, '启东', 3131, NULL, 212),
(1779, 101190508, 4, 3132, '海门', 3133, NULL, 212),
(1780, 101190509, 4, 3134, '通州', 3135, NULL, 212),
(1781, 101190601, 4, 3138, '扬州', 3139, NULL, 213),
(1782, 101190602, 4, 3140, '宝应', 3141, NULL, 213),
(1783, 101190603, 4, 3142, '仪征', 3143, NULL, 213),
(1784, 101190604, 4, 3144, '高邮', 3145, NULL, 213),
(1785, 101190605, 4, 3146, '江都', 3147, NULL, 213),
(1786, 101190606, 4, 3148, '邗江', 3149, NULL, 213),
(1787, 101190701, 4, 3152, '盐城', 3153, NULL, 214),
(1788, 101190702, 4, 3154, '响水', 3155, NULL, 214),
(1789, 101190703, 4, 3156, '滨海', 3157, NULL, 214),
(1790, 101190704, 4, 3158, '阜宁', 3159, NULL, 214),
(1791, 101190705, 4, 3160, '射阳', 3161, NULL, 214),
(1792, 101190706, 4, 3162, '建湖', 3163, NULL, 214),
(1793, 101190707, 4, 3164, '东台', 3165, NULL, 214),
(1794, 101190708, 4, 3166, '大丰', 3167, NULL, 214),
(1795, 101190709, 4, 3168, '盐都', 3169, NULL, 214),
(1796, 101190801, 4, 3172, '徐州', 3173, NULL, 215),
(1797, 101190802, 4, 3174, '铜山', 3175, NULL, 215),
(1798, 101190803, 4, 3176, '丰县', 3177, NULL, 215),
(1799, 101190804, 4, 3178, '沛县', 3179, NULL, 215),
(1800, 101190805, 4, 3180, '邳州', 3181, NULL, 215),
(1801, 101190806, 4, 3182, '睢宁', 3183, NULL, 215),
(1802, 101190807, 4, 3184, '新沂', 3185, NULL, 215),
(1803, 101190901, 4, 3188, '淮安', 3189, NULL, 216),
(1804, 101190902, 4, 3190, '金湖', 3191, NULL, 216),
(1805, 101190903, 4, 3192, '盱眙', 3193, NULL, 216),
(1806, 101190904, 4, 3194, '洪泽', 3195, NULL, 216),
(1807, 101190905, 4, 3196, '涟水', 3197, NULL, 216),
(1808, 101190906, 4, 3198, '淮阴区', 3199, NULL, 216),
(1809, 101190908, 4, 3200, '淮安区', 3201, NULL, 216),
(1810, 101191001, 4, 3204, '连云港', 3205, NULL, 217),
(1811, 101191002, 4, 3206, '东海', 3207, NULL, 217),
(1812, 101191003, 4, 3208, '赣榆', 3209, NULL, 217),
(1813, 101191004, 4, 3210, '灌云', 3211, NULL, 217),
(1814, 101191005, 4, 3212, '灌南', 3213, NULL, 217),
(1815, 101191101, 4, 3216, '常州', 3217, NULL, 218),
(1816, 101191102, 4, 3218, '溧阳', 3219, NULL, 218),
(1817, 101191103, 4, 3220, '金坛', 3221, NULL, 218),
(1818, 101191104, 4, 3222, '武进', 3223, NULL, 218),
(1819, 101191201, 4, 3226, '泰州', 3227, NULL, 219),
(1820, 101191202, 4, 3228, '兴化', 3229, NULL, 219),
(1821, 101191203, 4, 3230, '泰兴', 3231, NULL, 219),
(1822, 101191204, 4, 3232, '姜堰', 3233, NULL, 219),
(1823, 101191205, 4, 3234, '靖江', 3235, NULL, 219),
(1824, 101191301, 4, 3238, '宿迁', 3239, NULL, 220),
(1825, 101191302, 4, 3240, '沭阳', 3241, NULL, 220),
(1826, 101191303, 4, 3242, '泗阳', 3243, NULL, 220),
(1827, 101191304, 4, 3244, '泗洪', 3245, NULL, 220),
(1828, 101191305, 4, 3246, '宿豫', 3247, NULL, 220),
(1829, 101200101, 4, 3252, '武汉', 3253, NULL, 221),
(1830, 101200102, 4, 3254, '蔡甸', 3255, NULL, 221),
(1831, 101200103, 4, 3256, '黄陂', 3257, NULL, 221),
(1832, 101200104, 4, 3258, '新洲', 3259, NULL, 221),
(1833, 101200105, 4, 3260, '江夏', 3261, NULL, 221),
(1834, 101200106, 4, 3262, '东西湖', 3263, NULL, 221),
(1835, 101200201, 4, 3266, '襄阳', 3267, NULL, 222),
(1836, 101200202, 4, 3268, '襄州', 3269, NULL, 222),
(1837, 101200203, 4, 3270, '保康', 3271, NULL, 222),
(1838, 101200204, 4, 3272, '南漳', 3273, NULL, 222),
(1839, 101200205, 4, 3274, '宜城', 3275, NULL, 222),
(1840, 101200206, 4, 3276, '老河口', 3277, NULL, 222),
(1841, 101200207, 4, 3278, '谷城', 3279, NULL, 222),
(1842, 101200208, 4, 3280, '枣阳', 3281, NULL, 222),
(1843, 101200301, 4, 3284, '鄂州', 3285, NULL, 223),
(1844, 101200302, 4, 3286, '梁子湖', 3287, NULL, 223),
(1845, 101200401, 4, 3290, '孝感', 3291, NULL, 224),
(1846, 101200402, 4, 3292, '安陆', 3293, NULL, 224),
(1847, 101200403, 4, 3294, '云梦', 3295, NULL, 224),
(1848, 101200404, 4, 3296, '大悟', 3297, NULL, 224),
(1849, 101200405, 4, 3298, '应城', 3299, NULL, 224),
(1850, 101200406, 4, 3300, '汉川', 3301, NULL, 224),
(1851, 101200407, 4, 3302, '孝昌', 3303, NULL, 224),
(1852, 101200501, 4, 3306, '黄冈', 3307, NULL, 225),
(1853, 101200502, 4, 3308, '红安', 3309, NULL, 225),
(1854, 101200503, 4, 3310, '麻城', 3311, NULL, 225),
(1855, 101200504, 4, 3312, '罗田', 3313, NULL, 225),
(1856, 101200505, 4, 3314, '英山', 3315, NULL, 225),
(1857, 101200506, 4, 3316, '浠水', 3317, NULL, 225),
(1858, 101200507, 4, 3318, '蕲春', 3319, NULL, 225),
(1859, 101200508, 4, 3320, '黄梅', 3321, NULL, 225),
(1860, 101200509, 4, 3322, '武穴', 3323, NULL, 225),
(1861, 101200510, 4, 3324, '团风', 3325, NULL, 225),
(1862, 101200601, 4, 3328, '黄石', 3329, NULL, 226),
(1863, 101200602, 4, 3330, '大冶', 3331, NULL, 226),
(1864, 101200603, 4, 3332, '阳新', 3333, NULL, 226),
(1865, 101200604, 4, 3334, '铁山', 3335, NULL, 226),
(1866, 101200605, 4, 3336, '下陆', 3337, NULL, 226),
(1867, 101200606, 4, 3338, '西塞山', 3339, NULL, 226),
(1868, 101200701, 4, 3342, '咸宁', 3343, NULL, 227),
(1869, 101200702, 4, 3344, '赤壁', 3345, NULL, 227),
(1870, 101200703, 4, 3346, '嘉鱼', 3347, NULL, 227),
(1871, 101200704, 4, 3348, '崇阳', 3349, NULL, 227),
(1872, 101200705, 4, 3350, '通城', 3351, NULL, 227),
(1873, 101200706, 4, 3352, '通山', 3353, NULL, 227),
(1874, 101200801, 4, 3356, '荆州', 3357, NULL, 228),
(1875, 101200802, 4, 3358, '江陵', 3359, NULL, 228),
(1876, 101200803, 4, 3360, '公安', 3361, NULL, 228),
(1877, 101200804, 4, 3362, '石首', 3363, NULL, 228),
(1878, 101200805, 4, 3364, '监利', 3365, NULL, 228),
(1879, 101200806, 4, 3366, '洪湖', 3367, NULL, 228),
(1880, 101200807, 4, 3368, '松滋', 3369, NULL, 228),
(1881, 101201406, 4, 3370, '沙市', 3371, NULL, 228),
(1882, 101200901, 4, 3374, '宜昌', 3375, NULL, 229),
(1883, 101200902, 4, 3376, '远安', 3377, NULL, 229),
(1884, 101200903, 4, 3378, '秭归', 3379, NULL, 229),
(1885, 101200904, 4, 3380, '兴山', 3381, NULL, 229),
(1886, 101200906, 4, 3382, '五峰', 3383, NULL, 229),
(1887, 101200907, 4, 3384, '当阳', 3385, NULL, 229),
(1888, 101200908, 4, 3386, '长阳', 3387, NULL, 229),
(1889, 101200909, 4, 3388, '宜都', 3389, NULL, 229),
(1890, 101200910, 4, 3390, '枝江', 3391, NULL, 229),
(1891, 101200911, 4, 3392, '三峡', 3393, NULL, 229),
(1892, 101200912, 4, 3394, '夷陵', 3395, NULL, 229),
(1893, 101201001, 4, 3398, '恩施', 3399, NULL, 230),
(1894, 101201002, 4, 3400, '利川', 3401, NULL, 230),
(1895, 101201003, 4, 3402, '建始', 3403, NULL, 230),
(1896, 101201004, 4, 3404, '咸丰', 3405, NULL, 230),
(1897, 101201005, 4, 3406, '宣恩', 3407, NULL, 230),
(1898, 101201006, 4, 3408, '鹤峰', 3409, NULL, 230),
(1899, 101201007, 4, 3410, '来凤', 3411, NULL, 230),
(1900, 101201008, 4, 3412, '巴东', 3413, NULL, 230),
(1901, 101201101, 4, 3416, '十堰', 3417, NULL, 231),
(1902, 101201102, 4, 3418, '竹溪', 3419, NULL, 231),
(1903, 101201103, 4, 3420, '郧西', 3421, NULL, 231),
(1904, 101201104, 4, 3422, '郧县', 3423, NULL, 231),
(1905, 101201105, 4, 3424, '竹山', 3425, NULL, 231),
(1906, 101201106, 4, 3426, '房县', 3427, NULL, 231),
(1907, 101201107, 4, 3428, '丹江口', 3429, NULL, 231),
(1908, 101201108, 4, 3430, '茅箭', 3431, NULL, 231),
(1909, 101201109, 4, 3432, '张湾', 3433, NULL, 231),
(1910, 101201201, 4, 3436, '神农架', 3437, NULL, 232),
(1911, 101201301, 4, 3440, '随州', 3441, NULL, 233),
(1912, 101201302, 4, 3442, '广水', 3443, NULL, 233),
(1913, 101201401, 4, 3446, '荆门', 3447, NULL, 234),
(1914, 101201402, 4, 3448, '钟祥', 3449, NULL, 234),
(1915, 101201403, 4, 3450, '京山', 3451, NULL, 234),
(1916, 101201404, 4, 3452, '掇刀', 3453, NULL, 234),
(1917, 101201405, 4, 3454, '沙洋', 3455, NULL, 234),
(1918, 101201501, 4, 3458, '天门', 3459, NULL, 235),
(1919, 101201601, 4, 3462, '仙桃', 3463, NULL, 236),
(1920, 101201701, 4, 3466, '潜江', 3467, NULL, 237),
(1921, 101210101, 4, 3472, '杭州', 3473, NULL, 238),
(1922, 101210102, 4, 3474, '萧山', 3475, NULL, 238),
(1923, 101210103, 4, 3476, '桐庐', 3477, NULL, 238),
(1924, 101210104, 4, 3478, '淳安', 3479, NULL, 238),
(1925, 101210105, 4, 3480, '建德', 3481, NULL, 238),
(1926, 101210106, 4, 3482, '余杭', 3483, NULL, 238),
(1927, 101210107, 4, 3484, '临安', 3485, NULL, 238),
(1928, 101210108, 4, 3486, '富阳', 3487, NULL, 238),
(1929, 101210201, 4, 3490, '湖州', 3491, NULL, 239),
(1930, 101210202, 4, 3492, '长兴', 3493, NULL, 239),
(1931, 101210203, 4, 3494, '安吉', 3495, NULL, 239),
(1932, 101210204, 4, 3496, '德清', 3497, NULL, 239),
(1933, 101210301, 4, 3500, '嘉兴', 3501, NULL, 240),
(1934, 101210302, 4, 3502, '嘉善', 3503, NULL, 240),
(1935, 101210303, 4, 3504, '海宁', 3505, NULL, 240),
(1936, 101210304, 4, 3506, '桐乡', 3507, NULL, 240),
(1937, 101210305, 4, 3508, '平湖', 3509, NULL, 240),
(1938, 101210306, 4, 3510, '海盐', 3511, NULL, 240),
(1939, 101210401, 4, 3514, '宁波', 3515, NULL, 241),
(1940, 101210403, 4, 3516, '慈溪', 3517, NULL, 241),
(1941, 101210404, 4, 3518, '余姚', 3519, NULL, 241),
(1942, 101210405, 4, 3520, '奉化', 3521, NULL, 241),
(1943, 101210406, 4, 3522, '象山', 3523, NULL, 241),
(1944, 101210408, 4, 3524, '宁海', 3525, NULL, 241),
(1945, 101210410, 4, 3526, '北仑', 3527, NULL, 241),
(1946, 101210411, 4, 3528, '鄞州', 3529, NULL, 241),
(1947, 101210412, 4, 3530, '镇海', 3531, NULL, 241),
(1948, 101210501, 4, 3534, '越城', 3535, NULL, 242),
(1949, 101210502, 4, 3536, '诸暨', 3537, NULL, 242),
(1950, 101210503, 4, 3538, '上虞', 3539, NULL, 242),
(1951, 101210504, 4, 3540, '新昌', 3541, NULL, 242),
(1952, 101210505, 4, 3542, '嵊州', 3543, NULL, 242),
(1953, 101210601, 4, 3546, '台州', 3547, NULL, 243),
(1954, 101210603, 4, 3548, '玉环', 3549, NULL, 243),
(1955, 101210604, 4, 3550, '三门', 3551, NULL, 243),
(1956, 101210605, 4, 3552, '天台', 3553, NULL, 243),
(1957, 101210606, 4, 3554, '仙居', 3555, NULL, 243),
(1958, 101210607, 4, 3556, '温岭', 3557, NULL, 243),
(1959, 101210609, 4, 3558, '洪家', 3559, NULL, 243),
(1960, 101210610, 4, 3560, '临海', 3561, NULL, 243),
(1961, 101210611, 4, 3562, '椒江', 3563, NULL, 243),
(1962, 101210612, 4, 3564, '黄岩', 3565, NULL, 243),
(1963, 101210613, 4, 3566, '路桥', 3567, NULL, 243),
(1964, 101210701, 4, 3570, '温州', 3571, NULL, 244),
(1965, 101210702, 4, 3572, '泰顺', 3573, NULL, 244);
INSERT INTO `area` (`id`, `code`, `levelinfo`, `lft`, `name`, `rgt`, `sortnum`, `pid`) VALUES
(1966, 101210703, 4, 3574, '文成', 3575, NULL, 244),
(1967, 101210704, 4, 3576, '平阳', 3577, NULL, 244),
(1968, 101210705, 4, 3578, '瑞安', 3579, NULL, 244),
(1969, 101210706, 4, 3580, '洞头', 3581, NULL, 244),
(1970, 101210707, 4, 3582, '乐清', 3583, NULL, 244),
(1971, 101210708, 4, 3584, '永嘉', 3585, NULL, 244),
(1972, 101210709, 4, 3586, '苍南', 3587, NULL, 244),
(1973, 101210801, 4, 3590, '丽水', 3591, NULL, 245),
(1974, 101210802, 4, 3592, '遂昌', 3593, NULL, 245),
(1975, 101210803, 4, 3594, '龙泉', 3595, NULL, 245),
(1976, 101210804, 4, 3596, '缙云', 3597, NULL, 245),
(1977, 101210805, 4, 3598, '青田', 3599, NULL, 245),
(1978, 101210806, 4, 3600, '云和', 3601, NULL, 245),
(1979, 101210807, 4, 3602, '庆元', 3603, NULL, 245),
(1980, 101210808, 4, 3604, '松阳', 3605, NULL, 245),
(1981, 101210809, 4, 3606, '景宁', 3607, NULL, 245),
(1982, 101210901, 4, 3610, '金华', 3611, NULL, 246),
(1983, 101210902, 4, 3612, '浦江', 3613, NULL, 246),
(1984, 101210903, 4, 3614, '兰溪', 3615, NULL, 246),
(1985, 101210904, 4, 3616, '义乌', 3617, NULL, 246),
(1986, 101210905, 4, 3618, '东阳', 3619, NULL, 246),
(1987, 101210906, 4, 3620, '武义', 3621, NULL, 246),
(1988, 101210907, 4, 3622, '永康', 3623, NULL, 246),
(1989, 101210908, 4, 3624, '磐安', 3625, NULL, 246),
(1990, 101211001, 4, 3628, '衢州', 3629, NULL, 247),
(1991, 101211002, 4, 3630, '常山', 3631, NULL, 247),
(1992, 101211003, 4, 3632, '开化', 3633, NULL, 247),
(1993, 101211004, 4, 3634, '龙游', 3635, NULL, 247),
(1994, 101211005, 4, 3636, '江山', 3637, NULL, 247),
(1995, 101211006, 4, 3638, '衢江', 3639, NULL, 247),
(1996, 101211101, 4, 3642, '舟山', 3643, NULL, 248),
(1997, 101211102, 4, 3644, '嵊泗', 3645, NULL, 248),
(1998, 101211104, 4, 3646, '岱山', 3647, NULL, 248),
(1999, 101211105, 4, 3648, '普陀', 3649, NULL, 248),
(2000, 101211106, 4, 3650, '定海', 3651, NULL, 248),
(2001, 101220101, 4, 3656, '合肥', 3657, NULL, 249),
(2002, 101220102, 4, 3658, '长丰', 3659, NULL, 249),
(2003, 101220103, 4, 3660, '肥东', 3661, NULL, 249),
(2004, 101220104, 4, 3662, '肥西', 3663, NULL, 249),
(2005, 101220105, 4, 3664, '巢湖', 3665, NULL, 249),
(2006, 101220106, 4, 3666, '庐江', 3667, NULL, 249),
(2007, 101220201, 4, 3670, '蚌埠', 3671, NULL, 250),
(2008, 101220202, 4, 3672, '怀远', 3673, NULL, 250),
(2009, 101220203, 4, 3674, '固镇', 3675, NULL, 250),
(2010, 101220204, 4, 3676, '五河', 3677, NULL, 250),
(2011, 101220301, 4, 3680, '芜湖', 3681, NULL, 251),
(2012, 101220302, 4, 3682, '繁昌', 3683, NULL, 251),
(2013, 101220303, 4, 3684, '芜湖县', 3685, NULL, 251),
(2014, 101220304, 4, 3686, '南陵', 3687, NULL, 251),
(2015, 101220305, 4, 3688, '无为', 3689, NULL, 251),
(2016, 101220401, 4, 3692, '淮南', 3693, NULL, 252),
(2017, 101220402, 4, 3694, '凤台', 3695, NULL, 252),
(2018, 101220403, 4, 3696, '潘集', 3697, NULL, 252),
(2019, 101220501, 4, 3700, '马鞍山', 3701, NULL, 253),
(2020, 101220502, 4, 3702, '当涂', 3703, NULL, 253),
(2021, 101220503, 4, 3704, '含山', 3705, NULL, 253),
(2022, 101220504, 4, 3706, '和县', 3707, NULL, 253),
(2023, 101220601, 4, 3710, '安庆', 3711, NULL, 254),
(2024, 101220602, 4, 3712, '枞阳', 3713, NULL, 254),
(2025, 101220603, 4, 3714, '太湖', 3715, NULL, 254),
(2026, 101220604, 4, 3716, '潜山', 3717, NULL, 254),
(2027, 101220605, 4, 3718, '怀宁', 3719, NULL, 254),
(2028, 101220606, 4, 3720, '宿松', 3721, NULL, 254),
(2029, 101220607, 4, 3722, '望江', 3723, NULL, 254),
(2030, 101220608, 4, 3724, '岳西', 3725, NULL, 254),
(2031, 101220609, 4, 3726, '桐城', 3727, NULL, 254),
(2032, 101220701, 4, 3730, '宿州', 3731, NULL, 255),
(2033, 101220702, 4, 3732, '砀山', 3733, NULL, 255),
(2034, 101220703, 4, 3734, '灵璧', 3735, NULL, 255),
(2035, 101220704, 4, 3736, '泗县', 3737, NULL, 255),
(2036, 101220705, 4, 3738, '萧县', 3739, NULL, 255),
(2037, 101220801, 4, 3742, '阜阳', 3743, NULL, 256),
(2038, 101220802, 4, 3744, '阜南', 3745, NULL, 256),
(2039, 101220803, 4, 3746, '颍上', 3747, NULL, 256),
(2040, 101220804, 4, 3748, '临泉', 3749, NULL, 256),
(2041, 101220805, 4, 3750, '界首', 3751, NULL, 256),
(2042, 101220806, 4, 3752, '太和', 3753, NULL, 256),
(2043, 101220901, 4, 3756, '亳州', 3757, NULL, 257),
(2044, 101220902, 4, 3758, '涡阳', 3759, NULL, 257),
(2045, 101220903, 4, 3760, '利辛', 3761, NULL, 257),
(2046, 101220904, 4, 3762, '蒙城', 3763, NULL, 257),
(2047, 101221001, 4, 3766, '黄山', 3767, NULL, 258),
(2048, 101221002, 4, 3768, '黄山区', 3769, NULL, 258),
(2049, 101221003, 4, 3770, '屯溪', 3771, NULL, 258),
(2050, 101221004, 4, 3772, '祁门', 3773, NULL, 258),
(2051, 101221005, 4, 3774, '黟县', 3775, NULL, 258),
(2052, 101221006, 4, 3776, '歙县', 3777, NULL, 258),
(2053, 101221007, 4, 3778, '休宁', 3779, NULL, 258),
(2054, 101221008, 4, 3780, '黄山市', 3781, NULL, 258),
(2055, 101221101, 4, 3784, '滁州', 3785, NULL, 259),
(2056, 101221102, 4, 3786, '凤阳', 3787, NULL, 259),
(2057, 101221103, 4, 3788, '明光', 3789, NULL, 259),
(2058, 101221104, 4, 3790, '定远', 3791, NULL, 259),
(2059, 101221105, 4, 3792, '全椒', 3793, NULL, 259),
(2060, 101221106, 4, 3794, '来安', 3795, NULL, 259),
(2061, 101221107, 4, 3796, '天长', 3797, NULL, 259),
(2062, 101221201, 4, 3800, '淮北', 3801, NULL, 260),
(2063, 101221202, 4, 3802, '濉溪', 3803, NULL, 260),
(2064, 101221301, 4, 3806, '铜陵', 3807, NULL, 261),
(2065, 101221401, 4, 3810, '宣城', 3811, NULL, 262),
(2066, 101221402, 4, 3812, '泾县', 3813, NULL, 262),
(2067, 101221403, 4, 3814, '旌德', 3815, NULL, 262),
(2068, 101221404, 4, 3816, '宁国', 3817, NULL, 262),
(2069, 101221405, 4, 3818, '绩溪', 3819, NULL, 262),
(2070, 101221406, 4, 3820, '广德', 3821, NULL, 262),
(2071, 101221407, 4, 3822, '郎溪', 3823, NULL, 262),
(2072, 101221501, 4, 3826, '六安', 3827, NULL, 263),
(2073, 101221502, 4, 3828, '霍邱', 3829, NULL, 263),
(2074, 101221503, 4, 3830, '寿县', 3831, NULL, 263),
(2075, 101221505, 4, 3832, '金寨', 3833, NULL, 263),
(2076, 101221506, 4, 3834, '霍山', 3835, NULL, 263),
(2077, 101221507, 4, 3836, '舒城', 3837, NULL, 263),
(2078, 101221601, 4, 3840, '巢湖', 3841, NULL, 264),
(2079, 101221602, 4, 3842, '庐江', 3843, NULL, 264),
(2080, 101221603, 4, 3844, '无为', 3845, NULL, 264),
(2081, 101221604, 4, 3846, '含山', 3847, NULL, 264),
(2082, 101221605, 4, 3848, '和县', 3849, NULL, 264),
(2083, 101221701, 4, 3852, '池州', 3853, NULL, 265),
(2084, 101221702, 4, 3854, '东至', 3855, NULL, 265),
(2085, 101221703, 4, 3856, '青阳', 3857, NULL, 265),
(2086, 101221704, 4, 3858, '九华山', 3859, NULL, 265),
(2087, 101221705, 4, 3860, '石台', 3861, NULL, 265),
(2088, 101230101, 4, 3866, '福州', 3867, NULL, 266),
(2089, 101230102, 4, 3868, '闽清', 3869, NULL, 266),
(2090, 101230103, 4, 3870, '闽侯', 3871, NULL, 266),
(2091, 101230104, 4, 3872, '罗源', 3873, NULL, 266),
(2092, 101230105, 4, 3874, '连江', 3875, NULL, 266),
(2093, 101230107, 4, 3876, '永泰', 3877, NULL, 266),
(2094, 101230108, 4, 3878, '平潭', 3879, NULL, 266),
(2095, 101230110, 4, 3880, '长乐', 3881, NULL, 266),
(2096, 101230111, 4, 3882, '福清', 3883, NULL, 266),
(2097, 101230201, 4, 3886, '厦门', 3887, NULL, 267),
(2098, 101230202, 4, 3888, '同安', 3889, NULL, 267),
(2099, 101230301, 4, 3892, '宁德', 3893, NULL, 268),
(2100, 101230302, 4, 3894, '古田', 3895, NULL, 268),
(2101, 101230303, 4, 3896, '霞浦', 3897, NULL, 268),
(2102, 101230304, 4, 3898, '寿宁', 3899, NULL, 268),
(2103, 101230305, 4, 3900, '周宁', 3901, NULL, 268),
(2104, 101230306, 4, 3902, '福安', 3903, NULL, 268),
(2105, 101230307, 4, 3904, '柘荣', 3905, NULL, 268),
(2106, 101230308, 4, 3906, '福鼎', 3907, NULL, 268),
(2107, 101230309, 4, 3908, '屏南', 3909, NULL, 268),
(2108, 101230401, 4, 3912, '莆田', 3913, NULL, 269),
(2109, 101230402, 4, 3914, '仙游', 3915, NULL, 269),
(2110, 101230403, 4, 3916, '秀屿港', 3917, NULL, 269),
(2111, 101230404, 4, 3918, '涵江', 3919, NULL, 269),
(2112, 101230405, 4, 3920, '秀屿', 3921, NULL, 269),
(2113, 101230406, 4, 3922, '荔城', 3923, NULL, 269),
(2114, 101230407, 4, 3924, '城厢', 3925, NULL, 269),
(2115, 101230501, 4, 3928, '泉州', 3929, NULL, 270),
(2116, 101230502, 4, 3930, '安溪', 3931, NULL, 270),
(2117, 101230504, 4, 3932, '永春', 3933, NULL, 270),
(2118, 101230505, 4, 3934, '德化', 3935, NULL, 270),
(2119, 101230506, 4, 3936, '南安', 3937, NULL, 270),
(2120, 101230507, 4, 3938, '崇武', 3939, NULL, 270),
(2121, 101230508, 4, 3940, '惠安', 3941, NULL, 270),
(2122, 101230509, 4, 3942, '晋江', 3943, NULL, 270),
(2123, 101230510, 4, 3944, '石狮', 3945, NULL, 270),
(2124, 101230601, 4, 3948, '漳州', 3949, NULL, 271),
(2125, 101230602, 4, 3950, '长泰', 3951, NULL, 271),
(2126, 101230603, 4, 3952, '南靖', 3953, NULL, 271),
(2127, 101230604, 4, 3954, '平和', 3955, NULL, 271),
(2128, 101230605, 4, 3956, '龙海', 3957, NULL, 271),
(2129, 101230606, 4, 3958, '漳浦', 3959, NULL, 271),
(2130, 101230607, 4, 3960, '诏安', 3961, NULL, 271),
(2131, 101230608, 4, 3962, '东山', 3963, NULL, 271),
(2132, 101230609, 4, 3964, '云霄', 3965, NULL, 271),
(2133, 101230610, 4, 3966, '华安', 3967, NULL, 271),
(2134, 101230701, 4, 3970, '龙岩', 3971, NULL, 272),
(2135, 101230702, 4, 3972, '长汀', 3973, NULL, 272),
(2136, 101230703, 4, 3974, '连城', 3975, NULL, 272),
(2137, 101230704, 4, 3976, '武平', 3977, NULL, 272),
(2138, 101230705, 4, 3978, '上杭', 3979, NULL, 272),
(2139, 101230706, 4, 3980, '永定', 3981, NULL, 272),
(2140, 101230707, 4, 3982, '漳平', 3983, NULL, 272),
(2141, 101230801, 4, 3986, '三明', 3987, NULL, 273),
(2142, 101230802, 4, 3988, '宁化', 3989, NULL, 273),
(2143, 101230803, 4, 3990, '清流', 3991, NULL, 273),
(2144, 101230804, 4, 3992, '泰宁', 3993, NULL, 273),
(2145, 101230805, 4, 3994, '将乐', 3995, NULL, 273),
(2146, 101230806, 4, 3996, '建宁', 3997, NULL, 273),
(2147, 101230807, 4, 3998, '明溪', 3999, NULL, 273),
(2148, 101230808, 4, 4000, '沙县', 4001, NULL, 273),
(2149, 101230809, 4, 4002, '尤溪', 4003, NULL, 273),
(2150, 101230810, 4, 4004, '永安', 4005, NULL, 273),
(2151, 101230811, 4, 4006, '大田', 4007, NULL, 273),
(2152, 101230901, 4, 4010, '南平', 4011, NULL, 274),
(2153, 101230902, 4, 4012, '顺昌', 4013, NULL, 274),
(2154, 101230903, 4, 4014, '光泽', 4015, NULL, 274),
(2155, 101230904, 4, 4016, '邵武', 4017, NULL, 274),
(2156, 101230905, 4, 4018, '武夷山', 4019, NULL, 274),
(2157, 101230906, 4, 4020, '浦城', 4021, NULL, 274),
(2158, 101230907, 4, 4022, '建阳', 4023, NULL, 274),
(2159, 101230908, 4, 4024, '松溪', 4025, NULL, 274),
(2160, 101230909, 4, 4026, '政和', 4027, NULL, 274),
(2161, 101230910, 4, 4028, '建瓯', 4029, NULL, 274),
(2162, 101231001, 4, 4034, '钓鱼岛', 4035, NULL, 275),
(2163, 101240101, 4, 4040, '南昌', 4041, NULL, 276),
(2164, 101240102, 4, 4042, '新建', 4043, NULL, 276),
(2165, 101240103, 4, 4044, '南昌县', 4045, NULL, 276),
(2166, 101240104, 4, 4046, '安义', 4047, NULL, 276),
(2167, 101240105, 4, 4048, '进贤', 4049, NULL, 276),
(2168, 101240106, 4, 4050, '莲塘', 4051, NULL, 276),
(2169, 101240201, 4, 4054, '九江', 4055, NULL, 277),
(2170, 101240202, 4, 4056, '瑞昌', 4057, NULL, 277),
(2171, 101240203, 4, 4058, '庐山', 4059, NULL, 277),
(2172, 101240204, 4, 4060, '武宁', 4061, NULL, 277),
(2173, 101240205, 4, 4062, '德安', 4063, NULL, 277),
(2174, 101240206, 4, 4064, '永修', 4065, NULL, 277),
(2175, 101240207, 4, 4066, '湖口', 4067, NULL, 277),
(2176, 101240208, 4, 4068, '彭泽', 4069, NULL, 277),
(2177, 101240209, 4, 4070, '星子', 4071, NULL, 277),
(2178, 101240210, 4, 4072, '都昌', 4073, NULL, 277),
(2179, 101240212, 4, 4074, '修水', 4075, NULL, 277),
(2180, 101240301, 4, 4078, '上饶', 4079, NULL, 278),
(2181, 101240302, 4, 4080, '鄱阳', 4081, NULL, 278),
(2182, 101240303, 4, 4082, '婺源', 4083, NULL, 278),
(2183, 101240305, 4, 4084, '余干', 4085, NULL, 278),
(2184, 101240306, 4, 4086, '万年', 4087, NULL, 278),
(2185, 101240307, 4, 4088, '德兴', 4089, NULL, 278),
(2186, 101240308, 4, 4090, '上饶县', 4091, NULL, 278),
(2187, 101240309, 4, 4092, '弋阳', 4093, NULL, 278),
(2188, 101240310, 4, 4094, '横峰', 4095, NULL, 278),
(2189, 101240311, 4, 4096, '铅山', 4097, NULL, 278),
(2190, 101240312, 4, 4098, '玉山', 4099, NULL, 278),
(2191, 101240313, 4, 4100, '广丰', 4101, NULL, 278),
(2192, 101240401, 4, 4104, '抚州', 4105, NULL, 279),
(2193, 101240402, 4, 4106, '广昌', 4107, NULL, 279),
(2194, 101240403, 4, 4108, '乐安', 4109, NULL, 279),
(2195, 101240404, 4, 4110, '崇仁', 4111, NULL, 279),
(2196, 101240405, 4, 4112, '金溪', 4113, NULL, 279),
(2197, 101240406, 4, 4114, '资溪', 4115, NULL, 279),
(2198, 101240407, 4, 4116, '宜黄', 4117, NULL, 279),
(2199, 101240408, 4, 4118, '南城', 4119, NULL, 279),
(2200, 101240409, 4, 4120, '南丰', 4121, NULL, 279),
(2201, 101240410, 4, 4122, '黎川', 4123, NULL, 279),
(2202, 101240411, 4, 4124, '东乡', 4125, NULL, 279),
(2203, 101240501, 4, 4128, '宜春', 4129, NULL, 280),
(2204, 101240502, 4, 4130, '铜鼓', 4131, NULL, 280),
(2205, 101240503, 4, 4132, '宜丰', 4133, NULL, 280),
(2206, 101240504, 4, 4134, '万载', 4135, NULL, 280),
(2207, 101240505, 4, 4136, '上高', 4137, NULL, 280),
(2208, 101240506, 4, 4138, '靖安', 4139, NULL, 280),
(2209, 101240507, 4, 4140, '奉新', 4141, NULL, 280),
(2210, 101240508, 4, 4142, '高安', 4143, NULL, 280),
(2211, 101240509, 4, 4144, '樟树', 4145, NULL, 280),
(2212, 101240510, 4, 4146, '丰城', 4147, NULL, 280),
(2213, 101240601, 4, 4150, '吉安', 4151, NULL, 281),
(2214, 101240602, 4, 4152, '吉安县', 4153, NULL, 281),
(2215, 101240603, 4, 4154, '吉水', 4155, NULL, 281),
(2216, 101240604, 4, 4156, '新干', 4157, NULL, 281),
(2217, 101240605, 4, 4158, '峡江', 4159, NULL, 281),
(2218, 101240606, 4, 4160, '永丰', 4161, NULL, 281),
(2219, 101240607, 4, 4162, '永新', 4163, NULL, 281),
(2220, 101240608, 4, 4164, '井冈山', 4165, NULL, 281),
(2221, 101240609, 4, 4166, '万安', 4167, NULL, 281),
(2222, 101240610, 4, 4168, '遂川', 4169, NULL, 281),
(2223, 101240611, 4, 4170, '泰和', 4171, NULL, 281),
(2224, 101240612, 4, 4172, '安福', 4173, NULL, 281),
(2225, 101240613, 4, 4174, '宁冈', 4175, NULL, 281),
(2226, 101240701, 4, 4178, '赣州', 4179, NULL, 282),
(2227, 101240702, 4, 4180, '崇义', 4181, NULL, 282),
(2228, 101240703, 4, 4182, '上犹', 4183, NULL, 282),
(2229, 101240704, 4, 4184, '南康', 4185, NULL, 282),
(2230, 101240705, 4, 4186, '大余', 4187, NULL, 282),
(2231, 101240706, 4, 4188, '信丰', 4189, NULL, 282),
(2232, 101240707, 4, 4190, '宁都', 4191, NULL, 282),
(2233, 101240708, 4, 4192, '石城', 4193, NULL, 282),
(2234, 101240709, 4, 4194, '瑞金', 4195, NULL, 282),
(2235, 101240710, 4, 4196, '于都', 4197, NULL, 282),
(2236, 101240711, 4, 4198, '会昌', 4199, NULL, 282),
(2237, 101240712, 4, 4200, '安远', 4201, NULL, 282),
(2238, 101240713, 4, 4202, '全南', 4203, NULL, 282),
(2239, 101240714, 4, 4204, '龙南', 4205, NULL, 282),
(2240, 101240715, 4, 4206, '定南', 4207, NULL, 282),
(2241, 101240716, 4, 4208, '寻乌', 4209, NULL, 282),
(2242, 101240717, 4, 4210, '兴国', 4211, NULL, 282),
(2243, 101240718, 4, 4212, '赣县', 4213, NULL, 282),
(2244, 101240801, 4, 4216, '景德镇', 4217, NULL, 283),
(2245, 101240802, 4, 4218, '乐平', 4219, NULL, 283),
(2246, 101240803, 4, 4220, '浮梁', 4221, NULL, 283),
(2247, 101240901, 4, 4224, '萍乡', 4225, NULL, 284),
(2248, 101240902, 4, 4226, '莲花', 4227, NULL, 284),
(2249, 101240903, 4, 4228, '上栗', 4229, NULL, 284),
(2250, 101240904, 4, 4230, '安源', 4231, NULL, 284),
(2251, 101240905, 4, 4232, '芦溪', 4233, NULL, 284),
(2252, 101240906, 4, 4234, '湘东', 4235, NULL, 284),
(2253, 101241001, 4, 4238, '新余', 4239, NULL, 285),
(2254, 101241002, 4, 4240, '分宜', 4241, NULL, 285),
(2255, 101241101, 4, 4244, '鹰潭', 4245, NULL, 286),
(2256, 101241102, 4, 4246, '余江', 4247, NULL, 286),
(2257, 101241103, 4, 4248, '贵溪', 4249, NULL, 286),
(2258, 101250101, 4, 4254, '长沙', 4255, NULL, 287),
(2259, 101250102, 4, 4256, '宁乡', 4257, NULL, 287),
(2260, 101250103, 4, 4258, '浏阳', 4259, NULL, 287),
(2261, 101250104, 4, 4260, '马坡岭', 4261, NULL, 287),
(2262, 101250105, 4, 4262, '望城', 4263, NULL, 287),
(2263, 101250201, 4, 4266, '湘潭', 4267, NULL, 288),
(2264, 101250202, 4, 4268, '韶山', 4269, NULL, 288),
(2265, 101250203, 4, 4270, '湘乡', 4271, NULL, 288),
(2266, 101250301, 4, 4274, '株洲', 4275, NULL, 289),
(2267, 101250302, 4, 4276, '攸县', 4277, NULL, 289),
(2268, 101250303, 4, 4278, '醴陵', 4279, NULL, 289),
(2269, 101250305, 4, 4280, '茶陵', 4281, NULL, 289),
(2270, 101250306, 4, 4282, '炎陵', 4283, NULL, 289),
(2271, 101250401, 4, 4286, '衡阳', 4287, NULL, 290),
(2272, 101250402, 4, 4288, '衡山', 4289, NULL, 290),
(2273, 101250403, 4, 4290, '衡东', 4291, NULL, 290),
(2274, 101250404, 4, 4292, '祁东', 4293, NULL, 290),
(2275, 101250405, 4, 4294, '衡阳县', 4295, NULL, 290),
(2276, 101250406, 4, 4296, '常宁', 4297, NULL, 290),
(2277, 101250407, 4, 4298, '衡南', 4299, NULL, 290),
(2278, 101250408, 4, 4300, '耒阳', 4301, NULL, 290),
(2279, 101250409, 4, 4302, '南岳', 4303, NULL, 290),
(2280, 101250501, 4, 4306, '郴州', 4307, NULL, 291),
(2281, 101250502, 4, 4308, '桂阳', 4309, NULL, 291),
(2282, 101250503, 4, 4310, '嘉禾', 4311, NULL, 291),
(2283, 101250504, 4, 4312, '宜章', 4313, NULL, 291),
(2284, 101250505, 4, 4314, '临武', 4315, NULL, 291),
(2285, 101250507, 4, 4316, '资兴', 4317, NULL, 291),
(2286, 101250508, 4, 4318, '汝城', 4319, NULL, 291),
(2287, 101250509, 4, 4320, '安仁', 4321, NULL, 291),
(2288, 101250510, 4, 4322, '永兴', 4323, NULL, 291),
(2289, 101250511, 4, 4324, '桂东', 4325, NULL, 291),
(2290, 101250512, 4, 4326, '苏仙', 4327, NULL, 291),
(2291, 101250601, 4, 4330, '常德', 4331, NULL, 292),
(2292, 101250602, 4, 4332, '安乡', 4333, NULL, 292),
(2293, 101250603, 4, 4334, '桃源', 4335, NULL, 292),
(2294, 101250604, 4, 4336, '汉寿', 4337, NULL, 292),
(2295, 101250605, 4, 4338, '澧县', 4339, NULL, 292),
(2296, 101250606, 4, 4340, '临澧', 4341, NULL, 292),
(2297, 101250607, 4, 4342, '石门', 4343, NULL, 292),
(2298, 101250608, 4, 4344, '津市', 4345, NULL, 292),
(2299, 101250700, 4, 4348, '益阳', 4349, NULL, 293),
(2300, 101250701, 4, 4350, '赫山区', 4351, NULL, 293),
(2301, 101250702, 4, 4352, '南县', 4353, NULL, 293),
(2302, 101250703, 4, 4354, '桃江', 4355, NULL, 293),
(2303, 101250704, 4, 4356, '安化', 4357, NULL, 293),
(2304, 101250705, 4, 4358, '沅江', 4359, NULL, 293),
(2305, 101250801, 4, 4362, '娄底', 4363, NULL, 294),
(2306, 101250802, 4, 4364, '双峰', 4365, NULL, 294),
(2307, 101250803, 4, 4366, '冷水江', 4367, NULL, 294),
(2308, 101250805, 4, 4368, '新化', 4369, NULL, 294),
(2309, 101250806, 4, 4370, '涟源', 4371, NULL, 294),
(2310, 101250901, 4, 4374, '邵阳', 4375, NULL, 295),
(2311, 101250902, 4, 4376, '隆回', 4377, NULL, 295),
(2312, 101250903, 4, 4378, '洞口', 4379, NULL, 295),
(2313, 101250904, 4, 4380, '新邵', 4381, NULL, 295),
(2314, 101250905, 4, 4382, '邵东', 4383, NULL, 295),
(2315, 101250906, 4, 4384, '绥宁', 4385, NULL, 295),
(2316, 101250907, 4, 4386, '新宁', 4387, NULL, 295),
(2317, 101250908, 4, 4388, '武冈', 4389, NULL, 295),
(2318, 101250909, 4, 4390, '城步', 4391, NULL, 295),
(2319, 101250910, 4, 4392, '邵阳县', 4393, NULL, 295),
(2320, 101251001, 4, 4396, '岳阳', 4397, NULL, 296),
(2321, 101251002, 4, 4398, '华容', 4399, NULL, 296),
(2322, 101251003, 4, 4400, '湘阴', 4401, NULL, 296),
(2323, 101251004, 4, 4402, '汨罗', 4403, NULL, 296),
(2324, 101251005, 4, 4404, '平江', 4405, NULL, 296),
(2325, 101251006, 4, 4406, '临湘', 4407, NULL, 296),
(2326, 101251101, 4, 4410, '张家界', 4411, NULL, 297),
(2327, 101251102, 4, 4412, '桑植', 4413, NULL, 297),
(2328, 101251103, 4, 4414, '慈利', 4415, NULL, 297),
(2329, 101251104, 4, 4416, '武陵源', 4417, NULL, 297),
(2330, 101251201, 4, 4420, '怀化', 4421, NULL, 298),
(2331, 101251203, 4, 4422, '沅陵', 4423, NULL, 298),
(2332, 101251204, 4, 4424, '辰溪', 4425, NULL, 298),
(2333, 101251205, 4, 4426, '靖州', 4427, NULL, 298),
(2334, 101251206, 4, 4428, '会同', 4429, NULL, 298),
(2335, 101251207, 4, 4430, '通道', 4431, NULL, 298),
(2336, 101251208, 4, 4432, '麻阳', 4433, NULL, 298),
(2337, 101251209, 4, 4434, '新晃', 4435, NULL, 298),
(2338, 101251210, 4, 4436, '芷江', 4437, NULL, 298),
(2339, 101251211, 4, 4438, '溆浦', 4439, NULL, 298),
(2340, 101251212, 4, 4440, '中方', 4441, NULL, 298),
(2341, 101251213, 4, 4442, '洪江', 4443, NULL, 298),
(2342, 101251401, 4, 4446, '永州', 4447, NULL, 299),
(2343, 101251402, 4, 4448, '祁阳', 4449, NULL, 299),
(2344, 101251403, 4, 4450, '东安', 4451, NULL, 299),
(2345, 101251404, 4, 4452, '双牌', 4453, NULL, 299),
(2346, 101251405, 4, 4454, '道县', 4455, NULL, 299),
(2347, 101251406, 4, 4456, '宁远', 4457, NULL, 299),
(2348, 101251407, 4, 4458, '江永', 4459, NULL, 299),
(2349, 101251408, 4, 4460, '蓝山', 4461, NULL, 299),
(2350, 101251409, 4, 4462, '新田', 4463, NULL, 299),
(2351, 101251410, 4, 4464, '江华', 4465, NULL, 299),
(2352, 101251411, 4, 4466, '冷水滩', 4467, NULL, 299),
(2353, 101251501, 4, 4470, '吉首', 4471, NULL, 300),
(2354, 101251502, 4, 4472, '保靖', 4473, NULL, 300),
(2355, 101251503, 4, 4474, '永顺', 4475, NULL, 300),
(2356, 101251504, 4, 4476, '古丈', 4477, NULL, 300),
(2357, 101251505, 4, 4478, '凤凰', 4479, NULL, 300),
(2358, 101251506, 4, 4480, '泸溪', 4481, NULL, 300),
(2359, 101251507, 4, 4482, '龙山', 4483, NULL, 300),
(2360, 101251508, 4, 4484, '花垣', 4485, NULL, 300),
(2361, 101260101, 4, 4490, '贵阳', 4491, NULL, 301),
(2362, 101260102, 4, 4492, '白云', 4493, NULL, 301),
(2363, 101260103, 4, 4494, '花溪', 4495, NULL, 301),
(2364, 101260104, 4, 4496, '乌当', 4497, NULL, 301),
(2365, 101260105, 4, 4498, '息烽', 4499, NULL, 301),
(2366, 101260106, 4, 4500, '开阳', 4501, NULL, 301),
(2367, 101260107, 4, 4502, '修文', 4503, NULL, 301),
(2368, 101260108, 4, 4504, '清镇', 4505, NULL, 301),
(2369, 101260109, 4, 4506, '小河', 4507, NULL, 301),
(2370, 101260110, 4, 4508, '云岩', 4509, NULL, 301),
(2371, 101260111, 4, 4510, '南明', 4511, NULL, 301),
(2372, 101260201, 4, 4514, '遵义', 4515, NULL, 302),
(2373, 101260202, 4, 4516, '遵义县', 4517, NULL, 302),
(2374, 101260203, 4, 4518, '仁怀', 4519, NULL, 302),
(2375, 101260204, 4, 4520, '绥阳', 4521, NULL, 302),
(2376, 101260205, 4, 4522, '湄潭', 4523, NULL, 302),
(2377, 101260206, 4, 4524, '凤冈', 4525, NULL, 302),
(2378, 101260207, 4, 4526, '桐梓', 4527, NULL, 302),
(2379, 101260208, 4, 4528, '赤水', 4529, NULL, 302),
(2380, 101260209, 4, 4530, '习水', 4531, NULL, 302),
(2381, 101260210, 4, 4532, '道真', 4533, NULL, 302),
(2382, 101260211, 4, 4534, '正安', 4535, NULL, 302),
(2383, 101260212, 4, 4536, '务川', 4537, NULL, 302),
(2384, 101260213, 4, 4538, '余庆', 4539, NULL, 302),
(2385, 101260214, 4, 4540, '汇川', 4541, NULL, 302),
(2386, 101260215, 4, 4542, '红花岗', 4543, NULL, 302),
(2387, 101260301, 4, 4546, '安顺', 4547, NULL, 303),
(2388, 101260302, 4, 4548, '普定', 4549, NULL, 303),
(2389, 101260303, 4, 4550, '镇宁', 4551, NULL, 303),
(2390, 101260304, 4, 4552, '平坝', 4553, NULL, 303),
(2391, 101260305, 4, 4554, '紫云', 4555, NULL, 303),
(2392, 101260306, 4, 4556, '关岭', 4557, NULL, 303),
(2393, 101260401, 4, 4560, '都匀', 4561, NULL, 304),
(2394, 101260402, 4, 4562, '贵定', 4563, NULL, 304),
(2395, 101260403, 4, 4564, '瓮安', 4565, NULL, 304),
(2396, 101260404, 4, 4566, '长顺', 4567, NULL, 304),
(2397, 101260405, 4, 4568, '福泉', 4569, NULL, 304),
(2398, 101260406, 4, 4570, '惠水', 4571, NULL, 304),
(2399, 101260407, 4, 4572, '龙里', 4573, NULL, 304),
(2400, 101260408, 4, 4574, '罗甸', 4575, NULL, 304),
(2401, 101260409, 4, 4576, '平塘', 4577, NULL, 304),
(2402, 101260410, 4, 4578, '独山', 4579, NULL, 304),
(2403, 101260411, 4, 4580, '三都', 4581, NULL, 304),
(2404, 101260412, 4, 4582, '荔波', 4583, NULL, 304),
(2405, 101260501, 4, 4586, '凯里', 4587, NULL, 305),
(2406, 101260502, 4, 4588, '岑巩', 4589, NULL, 305),
(2407, 101260503, 4, 4590, '施秉', 4591, NULL, 305),
(2408, 101260504, 4, 4592, '镇远', 4593, NULL, 305),
(2409, 101260505, 4, 4594, '黄平', 4595, NULL, 305),
(2410, 101260507, 4, 4596, '麻江', 4597, NULL, 305),
(2411, 101260508, 4, 4598, '丹寨', 4599, NULL, 305),
(2412, 101260509, 4, 4600, '三穗', 4601, NULL, 305),
(2413, 101260510, 4, 4602, '台江', 4603, NULL, 305),
(2414, 101260511, 4, 4604, '剑河', 4605, NULL, 305),
(2415, 101260512, 4, 4606, '雷山', 4607, NULL, 305),
(2416, 101260513, 4, 4608, '黎平', 4609, NULL, 305),
(2417, 101260514, 4, 4610, '天柱', 4611, NULL, 305),
(2418, 101260515, 4, 4612, '锦屏', 4613, NULL, 305),
(2419, 101260516, 4, 4614, '榕江', 4615, NULL, 305),
(2420, 101260517, 4, 4616, '从江', 4617, NULL, 305),
(2421, 101260601, 4, 4620, '铜仁', 4621, NULL, 306),
(2422, 101260602, 4, 4622, '江口', 4623, NULL, 306),
(2423, 101260603, 4, 4624, '玉屏', 4625, NULL, 306),
(2424, 101260604, 4, 4626, '万山', 4627, NULL, 306),
(2425, 101260605, 4, 4628, '思南', 4629, NULL, 306),
(2426, 101260607, 4, 4630, '印江', 4631, NULL, 306),
(2427, 101260608, 4, 4632, '石阡', 4633, NULL, 306),
(2428, 101260609, 4, 4634, '沿河', 4635, NULL, 306),
(2429, 101260610, 4, 4636, '德江', 4637, NULL, 306),
(2430, 101260611, 4, 4638, '松桃', 4639, NULL, 306),
(2431, 101260701, 4, 4642, '毕节', 4643, NULL, 307),
(2432, 101260702, 4, 4644, '赫章', 4645, NULL, 307),
(2433, 101260703, 4, 4646, '金沙', 4647, NULL, 307),
(2434, 101260704, 4, 4648, '威宁', 4649, NULL, 307),
(2435, 101260705, 4, 4650, '大方', 4651, NULL, 307),
(2436, 101260706, 4, 4652, '纳雍', 4653, NULL, 307),
(2437, 101260707, 4, 4654, '织金', 4655, NULL, 307),
(2438, 101260708, 4, 4656, '黔西', 4657, NULL, 307),
(2439, 101260801, 4, 4660, '六盘水', 4661, NULL, 308),
(2440, 101260802, 4, 4662, '六枝', 4663, NULL, 308),
(2441, 101260804, 4, 4664, '盘县', 4665, NULL, 308),
(2442, 101260901, 4, 4668, '兴义', 4669, NULL, 309),
(2443, 101260902, 4, 4670, '晴隆', 4671, NULL, 309),
(2444, 101260903, 4, 4672, '兴仁', 4673, NULL, 309),
(2445, 101260904, 4, 4674, '贞丰', 4675, NULL, 309),
(2446, 101260905, 4, 4676, '望谟', 4677, NULL, 309),
(2447, 101260907, 4, 4678, '安龙', 4679, NULL, 309),
(2448, 101260908, 4, 4680, '册亨', 4681, NULL, 309),
(2449, 101260909, 4, 4682, '普安', 4683, NULL, 309),
(2450, 101270101, 4, 4688, '成都', 4689, NULL, 310),
(2451, 101270102, 4, 4690, '龙泉驿', 4691, NULL, 310),
(2452, 101270103, 4, 4692, '新都', 4693, NULL, 310),
(2453, 101270104, 4, 4694, '温江', 4695, NULL, 310),
(2454, 101270105, 4, 4696, '金堂', 4697, NULL, 310),
(2455, 101270106, 4, 4698, '双流', 4699, NULL, 310),
(2456, 101270107, 4, 4700, '郫县', 4701, NULL, 310),
(2457, 101270108, 4, 4702, '大邑', 4703, NULL, 310),
(2458, 101270109, 4, 4704, '蒲江', 4705, NULL, 310),
(2459, 101270110, 4, 4706, '新津', 4707, NULL, 310),
(2460, 101270111, 4, 4708, '都江堰', 4709, NULL, 310),
(2461, 101270112, 4, 4710, '彭州', 4711, NULL, 310),
(2462, 101270113, 4, 4712, '邛崃', 4713, NULL, 310),
(2463, 101270114, 4, 4714, '崇州', 4715, NULL, 310),
(2464, 101270115, 4, 4716, '青白江', 4717, NULL, 310),
(2465, 101270201, 4, 4720, '攀枝花', 4721, NULL, 311),
(2466, 101270202, 4, 4722, '仁和', 4723, NULL, 311),
(2467, 101270203, 4, 4724, '米易', 4725, NULL, 311),
(2468, 101270204, 4, 4726, '盐边', 4727, NULL, 311),
(2469, 101270301, 4, 4730, '自贡', 4731, NULL, 312),
(2470, 101270302, 4, 4732, '富顺', 4733, NULL, 312),
(2471, 101270303, 4, 4734, '荣县', 4735, NULL, 312),
(2472, 101270401, 4, 4738, '绵阳', 4739, NULL, 313),
(2473, 101270402, 4, 4740, '三台', 4741, NULL, 313),
(2474, 101270403, 4, 4742, '盐亭', 4743, NULL, 313),
(2475, 101270404, 4, 4744, '安县', 4745, NULL, 313),
(2476, 101270405, 4, 4746, '梓潼', 4747, NULL, 313),
(2477, 101270406, 4, 4748, '北川', 4749, NULL, 313),
(2478, 101270407, 4, 4750, '平武', 4751, NULL, 313),
(2479, 101270408, 4, 4752, '江油', 4753, NULL, 313),
(2480, 101270501, 4, 4756, '南充', 4757, NULL, 314),
(2481, 101270502, 4, 4758, '南部', 4759, NULL, 314),
(2482, 101270503, 4, 4760, '营山', 4761, NULL, 314),
(2483, 101270504, 4, 4762, '蓬安', 4763, NULL, 314),
(2484, 101270505, 4, 4764, '仪陇', 4765, NULL, 314),
(2485, 101270506, 4, 4766, '西充', 4767, NULL, 314),
(2486, 101270507, 4, 4768, '阆中', 4769, NULL, 314),
(2487, 101270601, 4, 4772, '达川', 4773, NULL, 315),
(2488, 101270602, 4, 4774, '宣汉', 4775, NULL, 315),
(2489, 101270603, 4, 4776, '开江', 4777, NULL, 315),
(2490, 101270604, 4, 4778, '大竹', 4779, NULL, 315),
(2491, 101270605, 4, 4780, '渠县', 4781, NULL, 315),
(2492, 101270606, 4, 4782, '万源', 4783, NULL, 315),
(2493, 101270607, 4, 4784, '通川', 4785, NULL, 315),
(2494, 101270608, 4, 4786, '达县', 4787, NULL, 315),
(2495, 101270701, 4, 4790, '遂宁', 4791, NULL, 316),
(2496, 101270702, 4, 4792, '蓬溪', 4793, NULL, 316),
(2497, 101270703, 4, 4794, '射洪', 4795, NULL, 316),
(2498, 101270801, 4, 4798, '广安', 4799, NULL, 317),
(2499, 101270802, 4, 4800, '岳池', 4801, NULL, 317),
(2500, 101270803, 4, 4802, '武胜', 4803, NULL, 317),
(2501, 101270804, 4, 4804, '邻水', 4805, NULL, 317),
(2502, 101270805, 4, 4806, '华蓥', 4807, NULL, 317),
(2503, 101270901, 4, 4810, '巴中', 4811, NULL, 318),
(2504, 101270902, 4, 4812, '通江', 4813, NULL, 318),
(2505, 101270903, 4, 4814, '南江', 4815, NULL, 318),
(2506, 101270904, 4, 4816, '平昌', 4817, NULL, 318),
(2507, 101271001, 4, 4820, '泸州', 4821, NULL, 319),
(2508, 101271003, 4, 4822, '泸县', 4823, NULL, 319),
(2509, 101271004, 4, 4824, '合江', 4825, NULL, 319),
(2510, 101271005, 4, 4826, '叙永', 4827, NULL, 319),
(2511, 101271006, 4, 4828, '古蔺', 4829, NULL, 319),
(2512, 101271007, 4, 4830, '纳溪', 4831, NULL, 319),
(2513, 101271101, 4, 4834, '宜宾', 4835, NULL, 320),
(2514, 101271103, 4, 4836, '宜宾县', 4837, NULL, 320),
(2515, 101271104, 4, 4838, '南溪', 4839, NULL, 320),
(2516, 101271105, 4, 4840, '江安', 4841, NULL, 320),
(2517, 101271106, 4, 4842, '长宁', 4843, NULL, 320),
(2518, 101271107, 4, 4844, '高县', 4845, NULL, 320),
(2519, 101271108, 4, 4846, '珙县', 4847, NULL, 320),
(2520, 101271109, 4, 4848, '筠连', 4849, NULL, 320),
(2521, 101271110, 4, 4850, '兴文', 4851, NULL, 320),
(2522, 101271111, 4, 4852, '屏山', 4853, NULL, 320),
(2523, 101271201, 4, 4856, '内江', 4857, NULL, 321),
(2524, 101271202, 4, 4858, '东兴', 4859, NULL, 321),
(2525, 101271203, 4, 4860, '威远', 4861, NULL, 321),
(2526, 101271204, 4, 4862, '资中', 4863, NULL, 321),
(2527, 101271205, 4, 4864, '隆昌', 4865, NULL, 321),
(2528, 101271301, 4, 4868, '资阳', 4869, NULL, 322),
(2529, 101271302, 4, 4870, '安岳', 4871, NULL, 322),
(2530, 101271303, 4, 4872, '乐至', 4873, NULL, 322),
(2531, 101271304, 4, 4874, '简阳', 4875, NULL, 322),
(2532, 101271401, 4, 4878, '乐山', 4879, NULL, 323),
(2533, 101271402, 4, 4880, '犍为', 4881, NULL, 323),
(2534, 101271403, 4, 4882, '井研', 4883, NULL, 323),
(2535, 101271404, 4, 4884, '夹江', 4885, NULL, 323),
(2536, 101271405, 4, 4886, '沐川', 4887, NULL, 323),
(2537, 101271406, 4, 4888, '峨边', 4889, NULL, 323),
(2538, 101271407, 4, 4890, '马边', 4891, NULL, 323),
(2539, 101271408, 4, 4892, '峨眉', 4893, NULL, 323),
(2540, 101271409, 4, 4894, '峨眉山', 4895, NULL, 323),
(2541, 101271501, 4, 4898, '眉山', 4899, NULL, 324),
(2542, 101271502, 4, 4900, '仁寿', 4901, NULL, 324),
(2543, 101271503, 4, 4902, '彭山', 4903, NULL, 324),
(2544, 101271504, 4, 4904, '洪雅', 4905, NULL, 324),
(2545, 101271505, 4, 4906, '丹棱', 4907, NULL, 324),
(2546, 101271506, 4, 4908, '青神', 4909, NULL, 324),
(2547, 101271601, 4, 4912, '凉山', 4913, NULL, 325),
(2548, 101271603, 4, 4914, '木里', 4915, NULL, 325),
(2549, 101271604, 4, 4916, '盐源', 4917, NULL, 325),
(2550, 101271605, 4, 4918, '德昌', 4919, NULL, 325),
(2551, 101271606, 4, 4920, '会理', 4921, NULL, 325),
(2552, 101271607, 4, 4922, '会东', 4923, NULL, 325),
(2553, 101271608, 4, 4924, '宁南', 4925, NULL, 325),
(2554, 101271609, 4, 4926, '普格', 4927, NULL, 325),
(2555, 101271610, 4, 4928, '西昌', 4929, NULL, 325),
(2556, 101271611, 4, 4930, '金阳', 4931, NULL, 325),
(2557, 101271612, 4, 4932, '昭觉', 4933, NULL, 325),
(2558, 101271613, 4, 4934, '喜德', 4935, NULL, 325),
(2559, 101271614, 4, 4936, '冕宁', 4937, NULL, 325),
(2560, 101271615, 4, 4938, '越西', 4939, NULL, 325),
(2561, 101271616, 4, 4940, '甘洛', 4941, NULL, 325),
(2562, 101271617, 4, 4942, '雷波', 4943, NULL, 325),
(2563, 101271618, 4, 4944, '美姑', 4945, NULL, 325),
(2564, 101271619, 4, 4946, '布拖', 4947, NULL, 325),
(2565, 101271701, 4, 4950, '雅安', 4951, NULL, 326),
(2566, 101271702, 4, 4952, '名山', 4953, NULL, 326),
(2567, 101271703, 4, 4954, '荥经', 4955, NULL, 326),
(2568, 101271704, 4, 4956, '汉源', 4957, NULL, 326),
(2569, 101271705, 4, 4958, '石棉', 4959, NULL, 326),
(2570, 101271706, 4, 4960, '天全', 4961, NULL, 326),
(2571, 101271707, 4, 4962, '芦山', 4963, NULL, 326),
(2572, 101271708, 4, 4964, '宝兴', 4965, NULL, 326),
(2573, 101271801, 4, 4968, '甘孜', 4969, NULL, 327),
(2574, 101271802, 4, 4970, '康定', 4971, NULL, 327),
(2575, 101271803, 4, 4972, '泸定', 4973, NULL, 327),
(2576, 101271804, 4, 4974, '丹巴', 4975, NULL, 327),
(2577, 101271805, 4, 4976, '九龙', 4977, NULL, 327),
(2578, 101271806, 4, 4978, '雅江', 4979, NULL, 327),
(2579, 101271807, 4, 4980, '道孚', 4981, NULL, 327),
(2580, 101271808, 4, 4982, '炉霍', 4983, NULL, 327),
(2581, 101271809, 4, 4984, '新龙', 4985, NULL, 327),
(2582, 101271810, 4, 4986, '德格', 4987, NULL, 327),
(2583, 101271811, 4, 4988, '白玉', 4989, NULL, 327),
(2584, 101271812, 4, 4990, '石渠', 4991, NULL, 327),
(2585, 101271813, 4, 4992, '色达', 4993, NULL, 327),
(2586, 101271814, 4, 4994, '理塘', 4995, NULL, 327),
(2587, 101271815, 4, 4996, '巴塘', 4997, NULL, 327),
(2588, 101271816, 4, 4998, '乡城', 4999, NULL, 327),
(2589, 101271817, 4, 5000, '稻城', 5001, NULL, 327),
(2590, 101271818, 4, 5002, '得荣', 5003, NULL, 327),
(2591, 101271901, 4, 5006, '阿坝', 5007, NULL, 328),
(2592, 101271902, 4, 5008, '汶川', 5009, NULL, 328),
(2593, 101271903, 4, 5010, '理县', 5011, NULL, 328),
(2594, 101271904, 4, 5012, '茂县', 5013, NULL, 328),
(2595, 101271905, 4, 5014, '松潘', 5015, NULL, 328),
(2596, 101271906, 4, 5016, '九寨沟', 5017, NULL, 328),
(2597, 101271907, 4, 5018, '金川', 5019, NULL, 328),
(2598, 101271908, 4, 5020, '小金', 5021, NULL, 328),
(2599, 101271909, 4, 5022, '黑水', 5023, NULL, 328),
(2600, 101271910, 4, 5024, '马尔康', 5025, NULL, 328),
(2601, 101271911, 4, 5026, '壤塘', 5027, NULL, 328),
(2602, 101271912, 4, 5028, '若尔盖', 5029, NULL, 328),
(2603, 101271913, 4, 5030, '红原', 5031, NULL, 328),
(2604, 101271914, 4, 5032, '南坪', 5033, NULL, 328),
(2605, 101272001, 4, 5036, '德阳', 5037, NULL, 329),
(2606, 101272002, 4, 5038, '中江', 5039, NULL, 329),
(2607, 101272003, 4, 5040, '广汉', 5041, NULL, 329),
(2608, 101272004, 4, 5042, '什邡', 5043, NULL, 329),
(2609, 101272005, 4, 5044, '绵竹', 5045, NULL, 329),
(2610, 101272006, 4, 5046, '罗江', 5047, NULL, 329),
(2611, 101272101, 4, 5050, '广元', 5051, NULL, 330),
(2612, 101272102, 4, 5052, '旺苍', 5053, NULL, 330),
(2613, 101272103, 4, 5054, '青川', 5055, NULL, 330),
(2614, 101272104, 4, 5056, '剑阁', 5057, NULL, 330),
(2615, 101272105, 4, 5058, '苍溪', 5059, NULL, 330),
(2616, 101280101, 4, 5064, '广州', 5065, NULL, 331),
(2617, 101280102, 4, 5066, '番禺', 5067, NULL, 331),
(2618, 101280103, 4, 5068, '从化', 5069, NULL, 331),
(2619, 101280104, 4, 5070, '增城', 5071, NULL, 331),
(2620, 101280105, 4, 5072, '花都', 5073, NULL, 331),
(2621, 101280201, 4, 5076, '韶关', 5077, NULL, 332),
(2622, 101280202, 4, 5078, '乳源', 5079, NULL, 332),
(2623, 101280203, 4, 5080, '始兴', 5081, NULL, 332),
(2624, 101280204, 4, 5082, '翁源', 5083, NULL, 332),
(2625, 101280205, 4, 5084, '乐昌', 5085, NULL, 332),
(2626, 101280206, 4, 5086, '仁化', 5087, NULL, 332),
(2627, 101280207, 4, 5088, '南雄', 5089, NULL, 332),
(2628, 101280208, 4, 5090, '新丰', 5091, NULL, 332),
(2629, 101280209, 4, 5092, '曲江', 5093, NULL, 332),
(2630, 101280210, 4, 5094, '浈江', 5095, NULL, 332),
(2631, 101280211, 4, 5096, '武江', 5097, NULL, 332),
(2632, 101280301, 4, 5100, '惠州', 5101, NULL, 333),
(2633, 101280302, 4, 5102, '博罗', 5103, NULL, 333),
(2634, 101280303, 4, 5104, '惠阳', 5105, NULL, 333),
(2635, 101280304, 4, 5106, '惠东', 5107, NULL, 333),
(2636, 101280305, 4, 5108, '龙门', 5109, NULL, 333),
(2637, 101280401, 4, 5112, '梅州', 5113, NULL, 334),
(2638, 101280402, 4, 5114, '兴宁', 5115, NULL, 334),
(2639, 101280403, 4, 5116, '蕉岭', 5117, NULL, 334),
(2640, 101280404, 4, 5118, '大埔', 5119, NULL, 334),
(2641, 101280406, 4, 5120, '丰顺', 5121, NULL, 334),
(2642, 101280407, 4, 5122, '平远', 5123, NULL, 334),
(2643, 101280408, 4, 5124, '五华', 5125, NULL, 334),
(2644, 101280409, 4, 5126, '梅县', 5127, NULL, 334),
(2645, 101280501, 4, 5130, '汕头', 5131, NULL, 335),
(2646, 101280502, 4, 5132, '潮阳', 5133, NULL, 335),
(2647, 101280503, 4, 5134, '澄海', 5135, NULL, 335),
(2648, 101280504, 4, 5136, '南澳', 5137, NULL, 335),
(2649, 101280601, 4, 5140, '深圳', 5141, NULL, 336),
(2650, 101280701, 4, 5144, '珠海', 5145, NULL, 337),
(2651, 101280702, 4, 5146, '斗门', 5147, NULL, 337),
(2652, 101280703, 4, 5148, '金湾', 5149, NULL, 337),
(2653, 101280800, 4, 5152, '佛山', 5153, NULL, 338),
(2654, 101280801, 4, 5154, '顺德', 5155, NULL, 338),
(2655, 101280802, 4, 5156, '三水', 5157, NULL, 338),
(2656, 101280803, 4, 5158, '南海', 5159, NULL, 338),
(2657, 101280804, 4, 5160, '高明', 5161, NULL, 338),
(2658, 101280901, 4, 5164, '肇庆', 5165, NULL, 339),
(2659, 101280902, 4, 5166, '广宁', 5167, NULL, 339),
(2660, 101280903, 4, 5168, '四会', 5169, NULL, 339),
(2661, 101280905, 4, 5170, '德庆', 5171, NULL, 339),
(2662, 101280906, 4, 5172, '怀集', 5173, NULL, 339),
(2663, 101280907, 4, 5174, '封开', 5175, NULL, 339),
(2664, 101280908, 4, 5176, '高要', 5177, NULL, 339),
(2665, 101281001, 4, 5180, '湛江', 5181, NULL, 340),
(2666, 101281002, 4, 5182, '吴川', 5183, NULL, 340),
(2667, 101281003, 4, 5184, '雷州', 5185, NULL, 340),
(2668, 101281004, 4, 5186, '徐闻', 5187, NULL, 340),
(2669, 101281005, 4, 5188, '廉江', 5189, NULL, 340),
(2670, 101281006, 4, 5190, '赤坎', 5191, NULL, 340),
(2671, 101281007, 4, 5192, '遂溪', 5193, NULL, 340),
(2672, 101281008, 4, 5194, '坡头', 5195, NULL, 340),
(2673, 101281009, 4, 5196, '霞山', 5197, NULL, 340),
(2674, 101281010, 4, 5198, '麻章', 5199, NULL, 340),
(2675, 101281101, 4, 5202, '江门', 5203, NULL, 341),
(2676, 101281103, 4, 5204, '开平', 5205, NULL, 341),
(2677, 101281104, 4, 5206, '新会', 5207, NULL, 341),
(2678, 101281105, 4, 5208, '恩平', 5209, NULL, 341),
(2679, 101281106, 4, 5210, '台山', 5211, NULL, 341),
(2680, 101281107, 4, 5212, '蓬江', 5213, NULL, 341),
(2681, 101281108, 4, 5214, '鹤山', 5215, NULL, 341),
(2682, 101281109, 4, 5216, '江海', 5217, NULL, 341),
(2683, 101281201, 4, 5220, '河源', 5221, NULL, 342),
(2684, 101281202, 4, 5222, '紫金', 5223, NULL, 342),
(2685, 101281203, 4, 5224, '连平', 5225, NULL, 342),
(2686, 101281204, 4, 5226, '和平', 5227, NULL, 342),
(2687, 101281205, 4, 5228, '龙川', 5229, NULL, 342),
(2688, 101281206, 4, 5230, '东源', 5231, NULL, 342),
(2689, 101281301, 4, 5234, '清远', 5235, NULL, 343),
(2690, 101281302, 4, 5236, '连南', 5237, NULL, 343),
(2691, 101281303, 4, 5238, '连州', 5239, NULL, 343),
(2692, 101281304, 4, 5240, '连山', 5241, NULL, 343),
(2693, 101281305, 4, 5242, '阳山', 5243, NULL, 343),
(2694, 101281306, 4, 5244, '佛冈', 5245, NULL, 343),
(2695, 101281307, 4, 5246, '英德', 5247, NULL, 343),
(2696, 101281308, 4, 5248, '清新', 5249, NULL, 343),
(2697, 101281401, 4, 5252, '云浮', 5253, NULL, 344),
(2698, 101281402, 4, 5254, '罗定', 5255, NULL, 344),
(2699, 101281403, 4, 5256, '新兴', 5257, NULL, 344),
(2700, 101281404, 4, 5258, '郁南', 5259, NULL, 344),
(2701, 101281406, 4, 5260, '云安', 5261, NULL, 344),
(2702, 101281501, 4, 5264, '潮州', 5265, NULL, 345),
(2703, 101281502, 4, 5266, '饶平', 5267, NULL, 345),
(2704, 101281503, 4, 5268, '潮安', 5269, NULL, 345),
(2705, 101281601, 4, 5272, '东莞', 5273, NULL, 346),
(2706, 101281701, 4, 5276, '中山', 5277, NULL, 347),
(2707, 101281801, 4, 5280, '阳江', 5281, NULL, 348),
(2708, 101281802, 4, 5282, '阳春', 5283, NULL, 348),
(2709, 101281803, 4, 5284, '阳东', 5285, NULL, 348),
(2710, 101281804, 4, 5286, '阳西', 5287, NULL, 348),
(2711, 101281901, 4, 5290, '揭阳', 5291, NULL, 349),
(2712, 101281902, 4, 5292, '揭西', 5293, NULL, 349),
(2713, 101281903, 4, 5294, '普宁', 5295, NULL, 349),
(2714, 101281904, 4, 5296, '惠来', 5297, NULL, 349),
(2715, 101281905, 4, 5298, '揭东', 5299, NULL, 349),
(2716, 101282001, 4, 5302, '茂名', 5303, NULL, 350),
(2717, 101282002, 4, 5304, '高州', 5305, NULL, 350),
(2718, 101282003, 4, 5306, '化州', 5307, NULL, 350),
(2719, 101282004, 4, 5308, '电白', 5309, NULL, 350),
(2720, 101282005, 4, 5310, '信宜', 5311, NULL, 350),
(2721, 101282006, 4, 5312, '茂港', 5313, NULL, 350),
(2722, 101282101, 4, 5316, '汕尾', 5317, NULL, 351),
(2723, 101282102, 4, 5318, '海丰', 5319, NULL, 351),
(2724, 101282103, 4, 5320, '陆丰', 5321, NULL, 351),
(2725, 101282104, 4, 5322, '陆河', 5323, NULL, 351),
(2726, 101290101, 4, 5328, '昆明', 5329, NULL, 352),
(2727, 101290103, 4, 5330, '东川', 5331, NULL, 352),
(2728, 101290104, 4, 5332, '寻甸', 5333, NULL, 352),
(2729, 101290105, 4, 5334, '晋宁', 5335, NULL, 352),
(2730, 101290106, 4, 5336, '宜良', 5337, NULL, 352),
(2731, 101290107, 4, 5338, '石林', 5339, NULL, 352),
(2732, 101290108, 4, 5340, '呈贡', 5341, NULL, 352),
(2733, 101290109, 4, 5342, '富民', 5343, NULL, 352),
(2734, 101290110, 4, 5344, '嵩明', 5345, NULL, 352),
(2735, 101290111, 4, 5346, '禄劝', 5347, NULL, 352),
(2736, 101290112, 4, 5348, '安宁', 5349, NULL, 352),
(2737, 101290113, 4, 5350, '太华山', 5351, NULL, 352),
(2738, 101290114, 4, 5352, '河口县', 5353, NULL, 352),
(2739, 101290201, 4, 5356, '大理', 5357, NULL, 353),
(2740, 101290202, 4, 5358, '云龙', 5359, NULL, 353),
(2741, 101290203, 4, 5360, '漾濞', 5361, NULL, 353),
(2742, 101290204, 4, 5362, '永平', 5363, NULL, 353),
(2743, 101290205, 4, 5364, '宾川', 5365, NULL, 353),
(2744, 101290206, 4, 5366, '弥渡', 5367, NULL, 353),
(2745, 101290207, 4, 5368, '祥云', 5369, NULL, 353),
(2746, 101290208, 4, 5370, '巍山', 5371, NULL, 353),
(2747, 101290209, 4, 5372, '剑川', 5373, NULL, 353),
(2748, 101290210, 4, 5374, '洱源', 5375, NULL, 353),
(2749, 101290211, 4, 5376, '鹤庆', 5377, NULL, 353),
(2750, 101290212, 4, 5378, '南涧', 5379, NULL, 353),
(2751, 101290301, 4, 5382, '红河', 5383, NULL, 354),
(2752, 101290302, 4, 5384, '石屏', 5385, NULL, 354),
(2753, 101290303, 4, 5386, '建水', 5387, NULL, 354),
(2754, 101290304, 4, 5388, '弥勒', 5389, NULL, 354),
(2755, 101290305, 4, 5390, '元阳', 5391, NULL, 354),
(2756, 101290306, 4, 5392, '绿春', 5393, NULL, 354),
(2757, 101290307, 4, 5394, '开远', 5395, NULL, 354),
(2758, 101290308, 4, 5396, '个旧', 5397, NULL, 354),
(2759, 101290309, 4, 5398, '蒙自', 5399, NULL, 354),
(2760, 101290310, 4, 5400, '屏边', 5401, NULL, 354),
(2761, 101290311, 4, 5402, '泸西', 5403, NULL, 354),
(2762, 101290312, 4, 5404, '金平', 5405, NULL, 354),
(2763, 101290313, 4, 5406, '河口', 5407, NULL, 354),
(2764, 101290401, 4, 5410, '曲靖', 5411, NULL, 355),
(2765, 101290402, 4, 5412, '沾益', 5413, NULL, 355),
(2766, 101290403, 4, 5414, '陆良', 5415, NULL, 355),
(2767, 101290404, 4, 5416, '富源', 5417, NULL, 355),
(2768, 101290405, 4, 5418, '马龙', 5419, NULL, 355),
(2769, 101290406, 4, 5420, '师宗', 5421, NULL, 355),
(2770, 101290407, 4, 5422, '罗平', 5423, NULL, 355),
(2771, 101290408, 4, 5424, '会泽', 5425, NULL, 355),
(2772, 101290409, 4, 5426, '宣威', 5427, NULL, 355),
(2773, 101290501, 4, 5430, '保山', 5431, NULL, 356),
(2774, 101290503, 4, 5432, '龙陵', 5433, NULL, 356),
(2775, 101290504, 4, 5434, '施甸', 5435, NULL, 356),
(2776, 101290505, 4, 5436, '昌宁', 5437, NULL, 356),
(2777, 101290506, 4, 5438, '腾冲', 5439, NULL, 356),
(2778, 101290601, 4, 5442, '文山', 5443, NULL, 357),
(2779, 101290602, 4, 5444, '西畴', 5445, NULL, 357),
(2780, 101290603, 4, 5446, '马关', 5447, NULL, 357),
(2781, 101290604, 4, 5448, '麻栗坡', 5449, NULL, 357),
(2782, 101290605, 4, 5450, '砚山', 5451, NULL, 357),
(2783, 101290606, 4, 5452, '丘北', 5453, NULL, 357),
(2784, 101290607, 4, 5454, '广南', 5455, NULL, 357),
(2785, 101290608, 4, 5456, '富宁', 5457, NULL, 357),
(2786, 101290701, 4, 5460, '玉溪', 5461, NULL, 358),
(2787, 101290702, 4, 5462, '澄江', 5463, NULL, 358),
(2788, 101290703, 4, 5464, '江川', 5465, NULL, 358),
(2789, 101290704, 4, 5466, '通海', 5467, NULL, 358),
(2790, 101290705, 4, 5468, '华宁', 5469, NULL, 358),
(2791, 101290706, 4, 5470, '新平', 5471, NULL, 358),
(2792, 101290707, 4, 5472, '易门', 5473, NULL, 358),
(2793, 101290708, 4, 5474, '峨山', 5475, NULL, 358),
(2794, 101290709, 4, 5476, '元江', 5477, NULL, 358),
(2795, 101290801, 4, 5480, '楚雄', 5481, NULL, 359),
(2796, 101290802, 4, 5482, '大姚', 5483, NULL, 359),
(2797, 101290803, 4, 5484, '元谋', 5485, NULL, 359),
(2798, 101290804, 4, 5486, '姚安', 5487, NULL, 359),
(2799, 101290805, 4, 5488, '牟定', 5489, NULL, 359),
(2800, 101290806, 4, 5490, '南华', 5491, NULL, 359),
(2801, 101290807, 4, 5492, '武定', 5493, NULL, 359),
(2802, 101290808, 4, 5494, '禄丰', 5495, NULL, 359),
(2803, 101290809, 4, 5496, '双柏', 5497, NULL, 359),
(2804, 101290810, 4, 5498, '永仁', 5499, NULL, 359),
(2805, 101290901, 4, 5502, '普洱', 5503, NULL, 360),
(2806, 101290902, 4, 5504, '景谷', 5505, NULL, 360),
(2807, 101290903, 4, 5506, '景东', 5507, NULL, 360),
(2808, 101290904, 4, 5508, '澜沧', 5509, NULL, 360),
(2809, 101290906, 4, 5510, '墨江', 5511, NULL, 360),
(2810, 101290907, 4, 5512, '江城', 5513, NULL, 360),
(2811, 101290908, 4, 5514, '孟连', 5515, NULL, 360),
(2812, 101290909, 4, 5516, '西盟', 5517, NULL, 360),
(2813, 101290910, 4, 5518, '镇源', 5519, NULL, 360),
(2814, 101290911, 4, 5520, '镇沅', 5521, NULL, 360),
(2815, 101290912, 4, 5522, '宁洱', 5523, NULL, 360),
(2816, 101291001, 4, 5526, '昭通', 5527, NULL, 361),
(2817, 101291002, 4, 5528, '鲁甸', 5529, NULL, 361),
(2818, 101291003, 4, 5530, '彝良', 5531, NULL, 361),
(2819, 101291004, 4, 5532, '镇雄', 5533, NULL, 361),
(2820, 101291005, 4, 5534, '威信', 5535, NULL, 361),
(2821, 101291006, 4, 5536, '巧家', 5537, NULL, 361),
(2822, 101291007, 4, 5538, '绥江', 5539, NULL, 361),
(2823, 101291008, 4, 5540, '永善', 5541, NULL, 361),
(2824, 101291009, 4, 5542, '盐津', 5543, NULL, 361),
(2825, 101291010, 4, 5544, '大关', 5545, NULL, 361),
(2826, 101291011, 4, 5546, '水富', 5547, NULL, 361),
(2827, 101291101, 4, 5550, '临沧', 5551, NULL, 362),
(2828, 101291102, 4, 5552, '沧源', 5553, NULL, 362),
(2829, 101291103, 4, 5554, '耿马', 5555, NULL, 362),
(2830, 101291104, 4, 5556, '双江', 5557, NULL, 362),
(2831, 101291105, 4, 5558, '凤庆', 5559, NULL, 362),
(2832, 101291106, 4, 5560, '永德', 5561, NULL, 362),
(2833, 101291107, 4, 5562, '云县', 5563, NULL, 362),
(2834, 101291108, 4, 5564, '镇康', 5565, NULL, 362),
(2835, 101291201, 4, 5568, '怒江', 5569, NULL, 363),
(2836, 101291203, 4, 5570, '福贡', 5571, NULL, 363),
(2837, 101291204, 4, 5572, '兰坪', 5573, NULL, 363),
(2838, 101291205, 4, 5574, '泸水', 5575, NULL, 363),
(2839, 101291206, 4, 5576, '六库', 5577, NULL, 363),
(2840, 101291207, 4, 5578, '贡山', 5579, NULL, 363),
(2841, 101291301, 4, 5582, '香格里拉', 5583, NULL, 364),
(2842, 101291302, 4, 5584, '德钦', 5585, NULL, 364),
(2843, 101291303, 4, 5586, '维西', 5587, NULL, 364),
(2844, 101291304, 4, 5588, '中甸', 5589, NULL, 364),
(2845, 101291401, 4, 5592, '丽江', 5593, NULL, 365),
(2846, 101291402, 4, 5594, '永胜', 5595, NULL, 365),
(2847, 101291403, 4, 5596, '华坪', 5597, NULL, 365),
(2848, 101291404, 4, 5598, '宁蒗', 5599, NULL, 365),
(2849, 101291501, 4, 5602, '德宏', 5603, NULL, 366),
(2850, 101291503, 4, 5604, '陇川', 5605, NULL, 366),
(2851, 101291504, 4, 5606, '盈江', 5607, NULL, 366),
(2852, 101291506, 4, 5608, '瑞丽', 5609, NULL, 366),
(2853, 101291507, 4, 5610, '梁河', 5611, NULL, 366),
(2854, 101291508, 4, 5612, '潞西', 5613, NULL, 366),
(2855, 101291601, 4, 5616, '景洪', 5617, NULL, 367),
(2856, 101291603, 4, 5618, '勐海', 5619, NULL, 367),
(2857, 101291605, 4, 5620, '勐腊', 5621, NULL, 367),
(2858, 101300101, 4, 5626, '南宁', 5627, NULL, 368),
(2859, 101300103, 4, 5628, '邕宁', 5629, NULL, 368),
(2860, 101300104, 4, 5630, '横县', 5631, NULL, 368),
(2861, 101300105, 4, 5632, '隆安', 5633, NULL, 368),
(2862, 101300106, 4, 5634, '马山', 5635, NULL, 368),
(2863, 101300107, 4, 5636, '上林', 5637, NULL, 368),
(2864, 101300108, 4, 5638, '武鸣', 5639, NULL, 368),
(2865, 101300109, 4, 5640, '宾阳', 5641, NULL, 368),
(2866, 101300201, 4, 5644, '崇左', 5645, NULL, 369),
(2867, 101300202, 4, 5646, '天等', 5647, NULL, 369),
(2868, 101300203, 4, 5648, '龙州', 5649, NULL, 369),
(2869, 101300204, 4, 5650, '凭祥', 5651, NULL, 369),
(2870, 101300205, 4, 5652, '大新', 5653, NULL, 369),
(2871, 101300206, 4, 5654, '扶绥', 5655, NULL, 369),
(2872, 101300207, 4, 5656, '宁明', 5657, NULL, 369),
(2873, 101300301, 4, 5660, '柳州', 5661, NULL, 370),
(2874, 101300302, 4, 5662, '柳城', 5663, NULL, 370),
(2875, 101300304, 4, 5664, '鹿寨', 5665, NULL, 370),
(2876, 101300305, 4, 5666, '柳江', 5667, NULL, 370),
(2877, 101300306, 4, 5668, '融安', 5669, NULL, 370),
(2878, 101300307, 4, 5670, '融水', 5671, NULL, 370),
(2879, 101300308, 4, 5672, '三江', 5673, NULL, 370),
(2880, 101300401, 4, 5676, '来宾', 5677, NULL, 371),
(2881, 101300402, 4, 5678, '忻城', 5679, NULL, 371),
(2882, 101300403, 4, 5680, '金秀', 5681, NULL, 371),
(2883, 101300404, 4, 5682, '象州', 5683, NULL, 371),
(2884, 101300405, 4, 5684, '武宣', 5685, NULL, 371),
(2885, 101300406, 4, 5686, '合山', 5687, NULL, 371),
(2886, 101300501, 4, 5690, '桂林', 5691, NULL, 372),
(2887, 101300503, 4, 5692, '龙胜', 5693, NULL, 372),
(2888, 101300504, 4, 5694, '永福', 5695, NULL, 372),
(2889, 101300505, 4, 5696, '临桂', 5697, NULL, 372),
(2890, 101300506, 4, 5698, '兴安', 5699, NULL, 372),
(2891, 101300507, 4, 5700, '灵川', 5701, NULL, 372),
(2892, 101300508, 4, 5702, '全州', 5703, NULL, 372),
(2893, 101300509, 4, 5704, '灌阳', 5705, NULL, 372),
(2894, 101300510, 4, 5706, '阳朔', 5707, NULL, 372),
(2895, 101300511, 4, 5708, '恭城', 5709, NULL, 372),
(2896, 101300512, 4, 5710, '平乐', 5711, NULL, 372),
(2897, 101300513, 4, 5712, '荔浦', 5713, NULL, 372),
(2898, 101300514, 4, 5714, '资源', 5715, NULL, 372),
(2899, 101300601, 4, 5718, '梧州', 5719, NULL, 373),
(2900, 101300602, 4, 5720, '藤县', 5721, NULL, 373),
(2901, 101300604, 4, 5722, '苍梧', 5723, NULL, 373),
(2902, 101300605, 4, 5724, '蒙山', 5725, NULL, 373),
(2903, 101300606, 4, 5726, '岑溪', 5727, NULL, 373),
(2904, 101300607, 4, 5728, '长洲', 5729, NULL, 373);
INSERT INTO `area` (`id`, `code`, `levelinfo`, `lft`, `name`, `rgt`, `sortnum`, `pid`) VALUES
(2905, 101300701, 4, 5732, '贺州', 5733, NULL, 374),
(2906, 101300702, 4, 5734, '昭平', 5735, NULL, 374),
(2907, 101300703, 4, 5736, '富川', 5737, NULL, 374),
(2908, 101300704, 4, 5738, '钟山', 5739, NULL, 374),
(2909, 101300801, 4, 5742, '贵港', 5743, NULL, 375),
(2910, 101300802, 4, 5744, '桂平', 5745, NULL, 375),
(2911, 101300803, 4, 5746, '平南', 5747, NULL, 375),
(2912, 101300901, 4, 5750, '玉林', 5751, NULL, 376),
(2913, 101300902, 4, 5752, '博白', 5753, NULL, 376),
(2914, 101300903, 4, 5754, '北流', 5755, NULL, 376),
(2915, 101300904, 4, 5756, '容县', 5757, NULL, 376),
(2916, 101300905, 4, 5758, '陆川', 5759, NULL, 376),
(2917, 101300906, 4, 5760, '兴业', 5761, NULL, 376),
(2918, 101301001, 4, 5764, '百色', 5765, NULL, 377),
(2919, 101301002, 4, 5766, '那坡', 5767, NULL, 377),
(2920, 101301003, 4, 5768, '田阳', 5769, NULL, 377),
(2921, 101301004, 4, 5770, '德保', 5771, NULL, 377),
(2922, 101301005, 4, 5772, '靖西', 5773, NULL, 377),
(2923, 101301006, 4, 5774, '田东', 5775, NULL, 377),
(2924, 101301007, 4, 5776, '平果', 5777, NULL, 377),
(2925, 101301008, 4, 5778, '隆林', 5779, NULL, 377),
(2926, 101301009, 4, 5780, '西林', 5781, NULL, 377),
(2927, 101301010, 4, 5782, '乐业', 5783, NULL, 377),
(2928, 101301011, 4, 5784, '凌云', 5785, NULL, 377),
(2929, 101301012, 4, 5786, '田林', 5787, NULL, 377),
(2930, 101301101, 4, 5790, '钦州', 5791, NULL, 378),
(2931, 101301102, 4, 5792, '浦北', 5793, NULL, 378),
(2932, 101301103, 4, 5794, '灵山', 5795, NULL, 378),
(2933, 101301201, 4, 5798, '河池', 5799, NULL, 379),
(2934, 101301202, 4, 5800, '天峨', 5801, NULL, 379),
(2935, 101301203, 4, 5802, '东兰', 5803, NULL, 379),
(2936, 101301204, 4, 5804, '巴马', 5805, NULL, 379),
(2937, 101301205, 4, 5806, '环江', 5807, NULL, 379),
(2938, 101301206, 4, 5808, '罗城', 5809, NULL, 379),
(2939, 101301207, 4, 5810, '宜州', 5811, NULL, 379),
(2940, 101301208, 4, 5812, '凤山', 5813, NULL, 379),
(2941, 101301209, 4, 5814, '南丹', 5815, NULL, 379),
(2942, 101301210, 4, 5816, '都安', 5817, NULL, 379),
(2943, 101301211, 4, 5818, '大化', 5819, NULL, 379),
(2944, 101301301, 4, 5822, '北海', 5823, NULL, 380),
(2945, 101301302, 4, 5824, '合浦', 5825, NULL, 380),
(2946, 101301303, 4, 5826, '涠洲岛', 5827, NULL, 380),
(2947, 101301401, 4, 5830, '防城港', 5831, NULL, 381),
(2948, 101301402, 4, 5832, '上思', 5833, NULL, 381),
(2949, 101301403, 4, 5834, '东兴', 5835, NULL, 381),
(2950, 101301405, 4, 5836, '防城', 5837, NULL, 381),
(2951, 101310101, 4, 5842, '海口', 5843, NULL, 382),
(2952, 101310201, 4, 5846, '三亚', 5847, NULL, 383),
(2953, 101310202, 4, 5850, '东方', 5851, NULL, 384),
(2954, 101310203, 4, 5854, '临高', 5855, NULL, 385),
(2955, 101310204, 4, 5858, '澄迈', 5859, NULL, 386),
(2956, 101310205, 4, 5862, '儋州', 5863, NULL, 387),
(2957, 101310206, 4, 5866, '昌江', 5867, NULL, 388),
(2958, 101310207, 4, 5870, '白沙', 5871, NULL, 389),
(2959, 101310208, 4, 5874, '琼中', 5875, NULL, 390),
(2960, 101310209, 4, 5878, '定安', 5879, NULL, 391),
(2961, 101310210, 4, 5882, '屯昌', 5883, NULL, 392),
(2962, 101310211, 4, 5886, '琼海', 5887, NULL, 393),
(2963, 101310212, 4, 5890, '文昌', 5891, NULL, 394),
(2964, 101310214, 4, 5894, '保亭', 5895, NULL, 395),
(2965, 101310215, 4, 5898, '万宁', 5899, NULL, 396),
(2966, 101310216, 4, 5902, '陵水', 5903, NULL, 397),
(2967, 101310217, 4, 5906, '西沙', 5907, NULL, 398),
(2968, 101310220, 4, 5910, '南沙岛', 5911, NULL, 399),
(2969, 101310221, 4, 5914, '乐东', 5915, NULL, 400),
(2970, 101310222, 4, 5918, '五指山', 5919, NULL, 401),
(2971, 101310224, 4, 5922, '中沙', 5923, NULL, 402),
(2972, 101320101, 4, 5928, '香港', 5929, NULL, 403),
(2973, 101320102, 4, 5930, '九龙', 5931, NULL, 403),
(2974, 101320103, 4, 5932, '新界', 5933, NULL, 403),
(2975, 101330101, 4, 5938, '澳门', 5939, NULL, 404),
(2976, 101330102, 4, 5940, '氹仔岛', 5941, NULL, 404),
(2977, 101330103, 4, 5942, '路环岛', 5943, NULL, 404),
(2978, 101340101, 4, 5948, '台北县', 5949, NULL, 405),
(2979, 101340102, 4, 5950, '桃园', 5951, NULL, 405),
(2980, 101340103, 4, 5952, '新竹', 5953, NULL, 405),
(2981, 101340104, 4, 5954, '宜兰', 5955, NULL, 405),
(2982, 101340201, 4, 5958, '高雄', 5959, NULL, 406),
(2983, 101340202, 4, 5960, '嘉义', 5961, NULL, 406),
(2984, 101340203, 4, 5962, '台南', 5963, NULL, 406),
(2985, 101340204, 4, 5964, '台东', 5965, NULL, 406),
(2986, 101340205, 4, 5966, '屏东', 5967, NULL, 406),
(2987, 101340401, 4, 5970, '台中', 5971, NULL, 407),
(2988, 101340402, 4, 5972, '苗栗', 5973, NULL, 407),
(2989, 101340403, 4, 5974, '彰化', 5975, NULL, 407),
(2990, 101340404, 4, 5976, '南投', 5977, NULL, 407),
(2991, 101340405, 4, 5978, '花莲', 5979, NULL, 407),
(2992, 101340406, 4, 5980, '云林', 5981, NULL, 407);

-- --------------------------------------------------------

--
-- 表的结构 `area_hot`
--

CREATE TABLE IF NOT EXISTS `area_hot` (
  `id` int(11) NOT NULL AUTO_INCREMENT,
  `adddate` datetime DEFAULT NULL,
  `num` int(11) DEFAULT NULL,
  `areaid` int(11) DEFAULT NULL,
  PRIMARY KEY (`id`),
  KEY `FK_1r4opky92krlim5312eth1pcn` (`areaid`)
) ENGINE=InnoDB  DEFAULT CHARSET=utf8 AUTO_INCREMENT=20 ;

--
-- 转存表中的数据 `area_hot`
--

INSERT INTO `area_hot` (`id`, `adddate`, `num`, `areaid`) VALUES
(1, '2015-05-17 17:35:24', 1, 111),
(2, '2015-05-17 17:35:24', 1, 102),
(3, '2015-05-17 17:35:24', 1, 102),
(4, '2015-05-17 17:35:24', 1, 105),
(5, '2015-05-17 17:35:24', 1, 125),
(6, '2015-05-17 17:35:24', 1, 135),
(7, '2015-05-17 17:35:24', 1, 136),
(8, '2015-05-17 17:35:24', 1, 137),
(9, '2015-05-17 17:35:24', 1, 138),
(10, '2015-05-17 17:35:24', 1, 139),
(11, '2015-05-17 17:35:24', 1, 140),
(12, '2015-05-17 17:35:24', 1, 141),
(13, '2015-05-17 17:35:24', 1, 142),
(14, '2015-05-17 17:35:24', 1, 143),
(15, '2015-05-17 17:35:24', 1, 144),
(16, '2015-05-17 17:35:24', 1, 145),
(17, '2015-05-17 17:35:24', 1, 146),
(18, '2015-05-17 17:35:24', 1, 147),
(19, '2015-05-17 17:35:24', 1, 148);

-- --------------------------------------------------------

--
-- 表的结构 `attachmentfile`
--

CREATE TABLE IF NOT EXISTS `attachmentfile` (
  `id` bigint(20) NOT NULL AUTO_INCREMENT,
  `adddate` datetime DEFAULT NULL,
  `catalog` int(11) NOT NULL,
  `filetype` varchar(255) DEFAULT NULL,
  `fileurl` varchar(255) DEFAULT NULL,
  `name` varchar(255) DEFAULT NULL,
  `userid` bigint(20) DEFAULT NULL,
  PRIMARY KEY (`id`),
  KEY `FK_oot4npknk6ik0k1u5tedh1wte` (`userid`)
) ENGINE=InnoDB DEFAULT CHARSET=utf8 AUTO_INCREMENT=1 ;

-- --------------------------------------------------------

--
-- 表的结构 `channel`
--

CREATE TABLE IF NOT EXISTS `channel` (
  `id` int(11) NOT NULL AUTO_INCREMENT,
  `levelinfo` int(11) DEFAULT NULL,
  `lft` int(11) DEFAULT NULL,
  `name` varchar(255) DEFAULT NULL,
  `path` varchar(255) DEFAULT NULL,
  `rgt` int(11) DEFAULT NULL,
  `pid` int(11) DEFAULT NULL,
  PRIMARY KEY (`id`),
  KEY `FK_5kprc8vubs3h5aj0cg6d73g26` (`pid`)
) ENGINE=InnoDB DEFAULT CHARSET=utf8 AUTO_INCREMENT=1 ;

-- --------------------------------------------------------

--
-- 表的结构 `client`
--

CREATE TABLE IF NOT EXISTS `client` (
  `id` bigint(20) NOT NULL AUTO_INCREMENT,
  `clientId` varchar(255) DEFAULT NULL,
  `clientName` varchar(255) DEFAULT NULL,
  `clientSecret` varchar(255) DEFAULT NULL,
  PRIMARY KEY (`id`)
) ENGINE=InnoDB DEFAULT CHARSET=utf8 AUTO_INCREMENT=1 ;

-- --------------------------------------------------------

--
-- 表的结构 `comment`
--

CREATE TABLE IF NOT EXISTS `comment` (
  `id` bigint(20) NOT NULL AUTO_INCREMENT,
  `content` varchar(2000) DEFAULT NULL,
  `createtime` datetime DEFAULT NULL,
  `email` varchar(50) DEFAULT NULL,
  `fatherid` bigint(20) DEFAULT NULL,
  `ip` varchar(100) DEFAULT NULL,
  `kind` int(11) NOT NULL,
  `kindid` bigint(20) NOT NULL,
  `name` varchar(50) DEFAULT NULL,
  `phone` varchar(50) DEFAULT NULL,
  `status` int(11) NOT NULL,
  `url` varchar(100) DEFAULT NULL,
  `userid` bigint(20) DEFAULT NULL,
  PRIMARY KEY (`id`)
) ENGINE=InnoDB DEFAULT CHARSET=utf8 AUTO_INCREMENT=1 ;

-- --------------------------------------------------------

--
-- 表的结构 `compliment`
--

CREATE TABLE IF NOT EXISTS `compliment` (
  `id` bigint(20) NOT NULL AUTO_INCREMENT,
  `addDate` datetime DEFAULT NULL,
  `messages` varchar(255) DEFAULT NULL,
  PRIMARY KEY (`id`)
) ENGINE=InnoDB DEFAULT CHARSET=utf8 AUTO_INCREMENT=1 ;

-- --------------------------------------------------------

--
-- 表的结构 `content`
--

CREATE TABLE IF NOT EXISTS `content` (
  `id` int(11) NOT NULL AUTO_INCREMENT,
  `title` varchar(255) DEFAULT NULL,
  `content_count_id` int(11) DEFAULT NULL,
  PRIMARY KEY (`id`),
  KEY `FK_p9gwtr9yo2dobasuqo5v23016` (`content_count_id`)
) ENGINE=InnoDB DEFAULT CHARSET=utf8 AUTO_INCREMENT=1 ;

-- --------------------------------------------------------

--
-- 表的结构 `content_count`
--

CREATE TABLE IF NOT EXISTS `content_count` (
  `id` int(11) NOT NULL AUTO_INCREMENT,
  `comments` int(11) DEFAULT NULL,
  `commentsDay` smallint(6) DEFAULT NULL,
  `commentsMonth` int(11) DEFAULT NULL,
  `commentsWeek` smallint(6) DEFAULT NULL,
  `downloads` int(11) DEFAULT NULL,
  `downloadsDay` smallint(6) DEFAULT NULL,
  `downloadsMonth` int(11) DEFAULT NULL,
  `downloadsWeek` smallint(6) DEFAULT NULL,
  `downs` int(11) DEFAULT NULL,
  `ups` int(11) DEFAULT NULL,
  `upsDay` smallint(6) DEFAULT NULL,
  `upsMonth` int(11) DEFAULT NULL,
  `upsWeek` smallint(6) DEFAULT NULL,
  `views` int(11) DEFAULT NULL,
  `viewsDay` int(11) DEFAULT NULL,
  `viewsMonth` int(11) DEFAULT NULL,
  `viewsWeek` int(11) DEFAULT NULL,
  PRIMARY KEY (`id`)
) ENGINE=InnoDB DEFAULT CHARSET=utf8 AUTO_INCREMENT=1 ;

-- --------------------------------------------------------

--
-- 表的结构 `content_tag`
--

CREATE TABLE IF NOT EXISTS `content_tag` (
  `id` int(11) NOT NULL AUTO_INCREMENT,
  `name` varchar(255) DEFAULT NULL,
  PRIMARY KEY (`id`)
) ENGINE=InnoDB DEFAULT CHARSET=utf8 AUTO_INCREMENT=1 ;

-- --------------------------------------------------------

--
-- 表的结构 `content_tags`
--

CREATE TABLE IF NOT EXISTS `content_tags` (
  `contents_id` int(11) NOT NULL,
  `tags_id` int(11) NOT NULL,
  PRIMARY KEY (`contents_id`,`tags_id`),
  KEY `FK_q156i2hjb8lytg8uouyssm1o1` (`tags_id`)
) ENGINE=InnoDB DEFAULT CHARSET=utf8;

-- --------------------------------------------------------

--
-- 表的结构 `dictionary_info`
--

CREATE TABLE IF NOT EXISTS `dictionary_info` (
  `id` int(11) NOT NULL AUTO_INCREMENT,
  `name_info` varchar(255) DEFAULT NULL,
  `type_info` varchar(255) DEFAULT NULL,
  `value_info` varchar(255) DEFAULT NULL,
  PRIMARY KEY (`id`)
) ENGINE=InnoDB DEFAULT CHARSET=utf8 AUTO_INCREMENT=1 ;

-- --------------------------------------------------------

--
-- 表的结构 `eventinfo_category`
--

CREATE TABLE IF NOT EXISTS `eventinfo_category` (
  `id` int(11) NOT NULL AUTO_INCREMENT,
  `icon` varchar(255) DEFAULT NULL,
  `ids` varchar(255) DEFAULT NULL,
  `levelinfo` int(11) DEFAULT NULL,
  `lft` int(11) DEFAULT NULL,
  `name` varchar(255) DEFAULT NULL,
  `path` varchar(255) DEFAULT NULL,
  `rgt` int(11) DEFAULT NULL,
  `sortnum` int(11) DEFAULT NULL,
  `pid` int(11) DEFAULT NULL,
  PRIMARY KEY (`id`),
  KEY `FK_kmfhs62nbithe9w5vx5ek0p0u` (`pid`)
) ENGINE=InnoDB  DEFAULT CHARSET=utf8 AUTO_INCREMENT=3 ;

--
-- 转存表中的数据 `eventinfo_category`
--

INSERT INTO `eventinfo_category` (`id`, `icon`, `ids`, `levelinfo`, `lft`, `name`, `path`, `rgt`, `sortnum`, `pid`) VALUES
(1, NULL, NULL, NULL, 1, '活动分类', NULL, 4, NULL, NULL),
(2, NULL, NULL, NULL, 2, '教育1', NULL, 3, 0, 1);

-- --------------------------------------------------------

--
-- 表的结构 `eventinfo_comment`
--

CREATE TABLE IF NOT EXISTS `eventinfo_comment` (
  `id` bigint(20) NOT NULL AUTO_INCREMENT,
  `addDate` datetime DEFAULT NULL,
  `messages` varchar(255) DEFAULT NULL,
  `eventInfoid` bigint(20) DEFAULT NULL,
  `userid` bigint(20) DEFAULT NULL,
  PRIMARY KEY (`id`),
  KEY `FK_1ew83pil96va5gnibvqg1glx4` (`eventInfoid`),
  KEY `FK_e0m00aj71vhnndw2owhxs1jqd` (`userid`)
) ENGINE=InnoDB  DEFAULT CHARSET=utf8 AUTO_INCREMENT=3 ;

--
-- 转存表中的数据 `eventinfo_comment`
--

INSERT INTO `eventinfo_comment` (`id`, `addDate`, `messages`, `eventInfoid`, `userid`) VALUES
(1, '2015-07-20 00:17:53', '好啊', 1, 1),
(2, '2015-07-30 21:24:45', 'ffff', 2, 1);

-- --------------------------------------------------------

--
-- 表的结构 `eventinfo_entity`
--

CREATE TABLE IF NOT EXISTS `eventinfo_entity` (
  `id` bigint(20) NOT NULL AUTO_INCREMENT,
  `addDate` datetime DEFAULT NULL,
  `community` int(11) DEFAULT NULL,
  `cost` float DEFAULT NULL,
  `cost_max` float DEFAULT NULL,
  `description` varchar(500) DEFAULT NULL,
  `ends_month_day_year` datetime DEFAULT NULL,
  `ends_time` varchar(255) DEFAULT NULL,
  `event_site_url` varchar(100) DEFAULT NULL,
  `favs` int(11) DEFAULT NULL,
  `free` int(11) DEFAULT NULL,
  `img` varchar(255) DEFAULT NULL,
  `joins` int(11) DEFAULT NULL,
  `name` varchar(255) DEFAULT NULL,
  `starts_month_day_year` datetime DEFAULT NULL,
  `starts_time` varchar(255) DEFAULT NULL,
  `tickets_url` varchar(100) DEFAULT NULL,
  `use_end_time` int(11) DEFAULT NULL,
  `venue_city_state_zip` varchar(255) DEFAULT NULL,
  `venue_name` varchar(255) DEFAULT NULL,
  `venue_street` varchar(100) DEFAULT NULL,
  `venue_type` varchar(255) DEFAULT NULL,
  `views` int(11) DEFAULT NULL,
  `areaid` int(11) DEFAULT NULL,
  `categoryid` int(11) DEFAULT NULL,
  `userid` bigint(20) DEFAULT NULL,
  PRIMARY KEY (`id`),
  KEY `FK_nscomr4etbxv32x4qnmofwqp3` (`areaid`),
  KEY `FK_7inv0a93spw9islvfciuqa9kt` (`categoryid`),
  KEY `FK_1g113hhxc74n5r2awxmea0rsv` (`userid`)
) ENGINE=InnoDB  DEFAULT CHARSET=utf8 AUTO_INCREMENT=5 ;

--
-- 转存表中的数据 `eventinfo_entity`
--

INSERT INTO `eventinfo_entity` (`id`, `addDate`, `community`, `cost`, `cost_max`, `description`, `ends_month_day_year`, `ends_time`, `event_site_url`, `favs`, `free`, `img`, `joins`, `name`, `starts_month_day_year`, `starts_time`, `tickets_url`, `use_end_time`, `venue_city_state_zip`, `venue_name`, `venue_street`, `venue_type`, `views`, `areaid`, `categoryid`, `userid`) VALUES
(1, '2015-07-20 00:16:44', 1, NULL, NULL, '大家一起去看捉妖', NULL, '', '', 0, NULL, 'http://s3-media2.fl.yelpcdn.com/ephoto/jYUoJPyR8Y2Ag9G2VHp3xg/ms.jpg', 0, '大家一起去看捉妖', '2015-07-31 00:00:00', '', '', NULL, '西安', '', '', 'public', 0, 111, NULL, 1),
(2, '2015-07-22 11:13:22', 1, NULL, NULL, '网站上线测试，感谢大家对网站的支持，欢迎大家提出宝贵意见。', NULL, '', '', 0, NULL, '', 1, '网站上线测试', '2015-08-01 00:00:00', '12:00', '', NULL, '西安', 'ada', '西安市高新区', 'private', 0, 111, NULL, 1),
(3, '2015-07-27 17:38:19', 1, 4, 10, '的方式', NULL, '', '', 0, NULL, NULL, 0, '热天', '2015-07-28 00:00:00', '18:00', '', NULL, '西安', '', '', 'public', 0, 111, NULL, 5),
(4, '2015-08-01 00:51:20', 1, NULL, NULL, '网站上线运行', NULL, '', '', 0, NULL, '', 0, '网站上线运行', '2015-08-29 00:00:00', '01:30', '', NULL, '西安', '', '', 'public', 0, 111, NULL, 1);

-- --------------------------------------------------------

--
-- 表的结构 `eventinfo_good`
--

CREATE TABLE IF NOT EXISTS `eventinfo_good` (
  `id` bigint(20) NOT NULL AUTO_INCREMENT,
  `addDate` datetime DEFAULT NULL,
  `messages` varchar(255) DEFAULT NULL,
  `eventinfoid` bigint(20) DEFAULT NULL,
  `userinfoid` bigint(20) DEFAULT NULL,
  PRIMARY KEY (`id`),
  KEY `FK_k0mfhgm9hnrb701ao0veu2hgp` (`eventinfoid`),
  KEY `FK_bt1ravtefvimapu1yrugocsls` (`userinfoid`)
) ENGINE=InnoDB DEFAULT CHARSET=utf8 AUTO_INCREMENT=1 ;

-- --------------------------------------------------------

--
-- 表的结构 `eventinfo_join`
--

CREATE TABLE IF NOT EXISTS `eventinfo_join` (
  `id` bigint(20) NOT NULL AUTO_INCREMENT,
  `addDate` datetime DEFAULT NULL,
  `type` int(11) DEFAULT NULL,
  `eventInfoid` bigint(20) DEFAULT NULL,
  `userid` bigint(20) DEFAULT NULL,
  PRIMARY KEY (`id`),
  KEY `FK_damwy33qg76xcaseufqlwvh5p` (`eventInfoid`),
  KEY `FK_5dpaw0avy9kkt0wvqgsyi2q5g` (`userid`)
) ENGINE=InnoDB  DEFAULT CHARSET=utf8 AUTO_INCREMENT=2 ;

--
-- 转存表中的数据 `eventinfo_join`
--

INSERT INTO `eventinfo_join` (`id`, `addDate`, `type`, `eventInfoid`, `userid`) VALUES
(1, '2015-07-30 21:23:31', 1, 2, 1);

-- --------------------------------------------------------

--
-- 表的结构 `eventinfo_photo`
--

CREATE TABLE IF NOT EXISTS `eventinfo_photo` (
  `id` bigint(20) NOT NULL AUTO_INCREMENT,
  `addDate` datetime DEFAULT NULL,
  `messages` varchar(255) DEFAULT NULL,
  `typeinfo` int(11) DEFAULT NULL,
  `url` varchar(255) DEFAULT NULL,
  `eventinfoid` bigint(20) DEFAULT NULL,
  `userinfoid` bigint(20) DEFAULT NULL,
  PRIMARY KEY (`id`),
  KEY `FK_20ssswbojyivkyi8siv8q5jic` (`eventinfoid`),
  KEY `FK_dbye1wi6kwjch5erq0i1qhsnt` (`userinfoid`)
) ENGINE=InnoDB  DEFAULT CHARSET=utf8 AUTO_INCREMENT=4 ;

--
-- 转存表中的数据 `eventinfo_photo`
--

INSERT INTO `eventinfo_photo` (`id`, `addDate`, `messages`, `typeinfo`, `url`, `eventinfoid`, `userinfoid`) VALUES
(1, '2015-07-20 00:17:42', '', NULL, 'http://s3-media2.fl.yelpcdn.com/ephoto/jYUoJPyR8Y2Ag9G2VHp3xg/ms.jpg', 1, 1),
(2, '2015-07-22 11:13:26', '', NULL, '', 2, 1),
(3, '2015-08-01 00:51:24', '', NULL, '', 4, 1);

-- --------------------------------------------------------

--
-- 表的结构 `joke_content`
--

CREATE TABLE IF NOT EXISTS `joke_content` (
  `id` int(11) NOT NULL AUTO_INCREMENT,
  `content` varchar(255) DEFAULT NULL,
  `title` varchar(255) DEFAULT NULL,
  `type` varchar(255) DEFAULT NULL,
  `updatetime` varchar(255) DEFAULT NULL,
  PRIMARY KEY (`id`)
) ENGINE=InnoDB DEFAULT CHARSET=utf8 AUTO_INCREMENT=1 ;

-- --------------------------------------------------------

--
-- 表的结构 `joke_img`
--

CREATE TABLE IF NOT EXISTS `joke_img` (
  `id` int(11) NOT NULL AUTO_INCREMENT,
  `title` varchar(255) DEFAULT NULL,
  `type` varchar(255) DEFAULT NULL,
  `updatetime` varchar(255) DEFAULT NULL,
  `url` varchar(255) DEFAULT NULL,
  PRIMARY KEY (`id`)
) ENGINE=InnoDB DEFAULT CHARSET=utf8 AUTO_INCREMENT=1 ;

-- --------------------------------------------------------

--
-- 表的结构 `menu`
--

CREATE TABLE IF NOT EXISTS `menu` (
  `id` int(11) NOT NULL AUTO_INCREMENT,
  `icon` varchar(255) DEFAULT NULL,
  `ids` varchar(255) DEFAULT NULL,
  `levelinfo` int(11) DEFAULT NULL,
  `lft` int(11) DEFAULT NULL,
  `name` varchar(255) DEFAULT NULL,
  `path` varchar(255) DEFAULT NULL,
  `rgt` int(11) DEFAULT NULL,
  `sortnum` int(11) DEFAULT NULL,
  `pid` int(11) DEFAULT NULL,
  PRIMARY KEY (`id`),
  KEY `FK_g3j78mw4mbi5gtex1tod3q57h` (`pid`)
) ENGINE=InnoDB  DEFAULT CHARSET=utf8 AUTO_INCREMENT=55 ;

--
-- 转存表中的数据 `menu`
--

INSERT INTO `menu` (`id`, `icon`, `ids`, `levelinfo`, `lft`, `name`, `path`, `rgt`, `sortnum`, `pid`) VALUES
(1, NULL, '1', 1, 1, '一级菜单', NULL, 30, 16, NULL),
(20, 'menu-icon fa fa-list', '1,20', 2, 2, '菜单管理', 'admin/menu/list.htm', 3, 7, 1),
(42, 'menu-icon fa fa-list-alt', '1,42', 1, 4, '用户管理', '/admin/users/list.htm', 5, 0, 1),
(43, 'menu-icon fa fa-music', '1,43', 1, 6, '数据字典', 'admin/dictionary/index.htm', 7, 100, 1),
(44, 'menu-icon fa fa-list', '1,44', 1, 8, '商家管理', 'admin/shopcategory/list.htm', 13, 0, 1),
(45, 'menu-icon fa fa-music', '1,45', 1, 14, '活动管理', 'admin/eventinfocategory/list.htm', 17, 0, 1),
(46, 'menu-icon fa fa-list', '1,45,46', 1, 15, '活动分类管理', 'admin/eventinfocategory/list.htm', 16, 0, 45),
(47, 'menu-icon fa fa-music', '1,44,47', 1, 9, '商家分类管理', 'admin/shopcategory/list.htm', 10, 0, 44),
(48, 'menu-icon fa fa-music', '1,44,48', 1, 11, '商户管理', 'admin/shop/list.htm', 12, 0, 44),
(49, 'menu-icon fa fa-list', '1,49', 1, 18, '讨论管理', 'admin/talk/list.htm', 23, 0, 1),
(50, 'menu-icon fa fa-music', '1,49,50', 1, 19, '分类管理', 'admin/talkcategory/list.htm', 20, 0, 49),
(51, 'menu-icon fa fa-music', '1,51', 1, 24, '系统设置', '', 29, 0, 1),
(52, 'menu-icon fa fa-music', '1,51,52', 1, 25, '城市管理', 'admin/area/list.htm', 26, 0, 51),
(53, 'menu-icon fa fa-music', '1,51,53', 1, 27, '热门城市管理', 'admin/areahot/list.htm', 28, 0, 51),
(54, 'menu-icon fa fa-music', '1,49,54', 1, 21, '讨论管理', 'admin/talk/list.htm', 22, 0, 49);

-- --------------------------------------------------------

--
-- 表的结构 `messages`
--

CREATE TABLE IF NOT EXISTS `messages` (
  `id` bigint(20) NOT NULL AUTO_INCREMENT,
  `addDate` datetime DEFAULT NULL,
  `contents` varchar(255) DEFAULT NULL,
  `title` varchar(255) DEFAULT NULL,
  `typeinfo` int(11) DEFAULT NULL,
  `fromuserid` bigint(20) DEFAULT NULL,
  `touserid` bigint(20) DEFAULT NULL,
  `fromhide` int(11) DEFAULT '0',
  `tohide` int(11) DEFAULT '0',
  PRIMARY KEY (`id`),
  KEY `FK_thufh35ur5mjgeyik6y0n1sti` (`fromuserid`),
  KEY `FK_2i36b53kmdel9k9f1ac2dhwud` (`touserid`)
) ENGINE=InnoDB  DEFAULT CHARSET=utf8 AUTO_INCREMENT=21 ;

--
-- 转存表中的数据 `messages`
--

INSERT INTO `messages` (`id`, `addDate`, `contents`, `title`, `typeinfo`, `fromuserid`, `touserid`, `fromhide`, `tohide`) VALUES
(5, '2015-05-03 17:00:50', 'sfsfsfs', 'ggyyhhhhhh', 2, 2, 1, 0, 0),
(6, '2015-05-03 17:00:50', 'sfsfsfs', 'ggyyhhhhhh', 1, 2, 1, 0, 1),
(7, '2015-05-03 17:02:07', 'adaaad', 'adad', 2, 2, 1, 0, 0),
(8, '2015-05-03 17:02:07', 'adaaad', 'adad', 1, 2, 1, 0, 1),
(9, '2015-05-03 18:16:19', 'adad', 'ada', 2, 2, 2, 0, 0),
(10, '2015-05-03 18:16:19', 'adad', 'ada', 1, 2, 2, 0, 0),
(11, '2015-07-10 12:57:28', '111111111111111', '1111111111111111', 2, 1, 6, NULL, NULL),
(12, '2015-07-10 12:57:28', '111111111111111', '1111111111111111', 1, 1, 6, NULL, NULL),
(13, '2015-07-21 23:48:43', '等刷分', '总洞抓', 2, 1, 1, NULL, NULL),
(14, '2015-07-21 23:48:43', '等刷分', '总洞抓', 1, 1, 1, NULL, 1),
(15, '2015-07-30 21:17:04', 'fsdfdsfds', 'sdadfdsdf', 2, 1, 11, NULL, 0),
(16, '2015-07-30 21:17:04', 'fsdfdsfds', 'sdadfdsdf', 1, 1, 11, NULL, 0),
(17, '2015-07-30 21:17:06', 'fsdfdsfds', 'sdadfdsdf', 2, 1, 11, NULL, 0),
(18, '2015-07-30 21:17:06', 'fsdfdsfds', 'sdadfdsdf', 1, 1, 11, NULL, 0),
(19, '2015-07-30 21:17:10', 'fsdfdsfds', 'sdadfdsdf', 2, 1, 11, NULL, 0),
(20, '2015-07-30 21:17:10', 'fsdfdsfds', 'sdadfdsdf', 1, 1, 11, NULL, 0);

-- --------------------------------------------------------

--
-- 表的结构 `messages_reply`
--

CREATE TABLE IF NOT EXISTS `messages_reply` (
  `id` bigint(20) NOT NULL AUTO_INCREMENT,
  `addDate` datetime DEFAULT NULL,
  `messages` varchar(255) DEFAULT NULL,
  `messageid` bigint(20) DEFAULT NULL,
  `userid` bigint(20) DEFAULT NULL,
  PRIMARY KEY (`id`),
  KEY `FK_nqyjlffsaby8jmygug185uadj` (`messageid`),
  KEY `FK_bbhymd1i7kpa24ko9ai44mt4a` (`userid`)
) ENGINE=InnoDB  DEFAULT CHARSET=utf8 AUTO_INCREMENT=10 ;

--
-- 转存表中的数据 `messages_reply`
--

INSERT INTO `messages_reply` (`id`, `addDate`, `messages`, `messageid`, `userid`) VALUES
(1, '2015-07-10 12:57:28', '111111111111111', 12, 1),
(2, '2015-07-21 23:29:56', '靠靠', 6, 1),
(3, '2015-07-21 23:48:43', '等刷分', 14, 1),
(4, '2015-07-21 23:48:55', '日日日日日日日日日', 13, 1),
(5, '2015-07-21 23:49:00', '人', 13, 1),
(6, '2015-07-21 23:49:10', '让人', 13, 1),
(7, '2015-07-30 21:17:04', 'fsdfdsfds', 16, 1),
(8, '2015-07-30 21:17:06', 'fsdfdsfds', 18, 1),
(9, '2015-07-30 21:17:10', 'fsdfdsfds', 20, 1);

-- --------------------------------------------------------

--
-- 表的结构 `notification_info`
--

CREATE TABLE IF NOT EXISTS `notification_info` (
  `id` bigint(20) NOT NULL AUTO_INCREMENT,
  `addDate` datetime DEFAULT NULL,
  `category` int(11) DEFAULT NULL,
  `headimg` varchar(255) DEFAULT NULL,
  `lastDate` datetime DEFAULT NULL,
  `name` varchar(255) DEFAULT NULL,
  `note` varchar(255) DEFAULT NULL,
  `oid` bigint(20) DEFAULT NULL,
  `state` int(11) DEFAULT NULL,
  `title` varchar(255) DEFAULT NULL,
  `fromid` bigint(20) DEFAULT NULL,
  `userid` bigint(20) DEFAULT NULL,
  PRIMARY KEY (`id`),
  KEY `FK_inlv3a66uwhcmkhn399jtb205` (`fromid`),
  KEY `FK_l6khgp977fu7mgdq4n9c9yrtu` (`userid`)
) ENGINE=InnoDB DEFAULT CHARSET=utf8 AUTO_INCREMENT=1 ;

-- --------------------------------------------------------

--
-- 表的结构 `photo`
--

CREATE TABLE IF NOT EXISTS `photo` (
  `id` bigint(20) NOT NULL AUTO_INCREMENT,
  `addDate` datetime DEFAULT NULL,
  `messages` varchar(255) DEFAULT NULL,
  `typeinfo` int(11) DEFAULT NULL,
  `url` varchar(255) DEFAULT NULL,
  `userinfoid` bigint(20) DEFAULT NULL,
  `eventInfoid` bigint(20) DEFAULT NULL,
  `shopid` int(11) DEFAULT NULL,
  PRIMARY KEY (`id`),
  UNIQUE KEY `UK_a4sr1js983mgwvhta2olerm3n` (`eventInfoid`),
  KEY `FK_lxfebujme3v7aq8133as5b6q1` (`userinfoid`),
  KEY `FK_phb60qvan486w5xil6htgfxv7` (`shopid`)
) ENGINE=InnoDB  DEFAULT CHARSET=utf8 AUTO_INCREMENT=2 ;

--
-- 转存表中的数据 `photo`
--

INSERT INTO `photo` (`id`, `addDate`, `messages`, `typeinfo`, `url`, `userinfoid`, `eventInfoid`, `shopid`) VALUES
(1, '2015-06-29 17:17:06', '', 1, '', 5, NULL, NULL);

-- --------------------------------------------------------

--
-- 表的结构 `postaction`
--

CREATE TABLE IF NOT EXISTS `postaction` (
  `id` bigint(20) NOT NULL AUTO_INCREMENT,
  `userid` bigint(20) DEFAULT NULL,
  PRIMARY KEY (`id`),
  UNIQUE KEY `UK_7kkpw3v1hi6rj811bj2gbkkgy` (`userid`)
) ENGINE=InnoDB DEFAULT CHARSET=utf8 AUTO_INCREMENT=1 ;

-- --------------------------------------------------------

--
-- 表的结构 `shop`
--

CREATE TABLE IF NOT EXISTS `shop` (
  `id` int(11) NOT NULL AUTO_INCREMENT,
  `addDate` datetime DEFAULT NULL,
  `address` varchar(100) DEFAULT NULL,
  `gps` varchar(100) DEFAULT NULL,
  `lastDate` datetime DEFAULT NULL,
  `latitude` double DEFAULT NULL,
  `longitude` double DEFAULT NULL,
  `name` varchar(100) DEFAULT NULL,
  `phone` varchar(100) DEFAULT NULL,
  `website` varchar(100) DEFAULT NULL,
  `areaid` int(11) DEFAULT NULL,
  `userid` bigint(20) DEFAULT NULL,
  `checkin_num` int(11) DEFAULT NULL,
  `comment_num` int(11) DEFAULT NULL,
  `detail_url` varchar(255) DEFAULT NULL,
  `discount_num` int(11) DEFAULT NULL,
  `distance` int(11) DEFAULT NULL,
  `environment_rating` float DEFAULT NULL,
  `facility_rating` float DEFAULT NULL,
  `favorite_num` int(11) DEFAULT NULL,
  `groupon_num` int(11) DEFAULT NULL,
  `hygiene_rating` float DEFAULT NULL,
  `image_num` float DEFAULT NULL,
  `overall_rating` float DEFAULT NULL,
  `price` float DEFAULT NULL,
  `service_rating` float DEFAULT NULL,
  `shop_hours` varchar(255) DEFAULT NULL,
  `taste_rating` float DEFAULT NULL,
  `technology_rating` float DEFAULT NULL,
  `uid` varchar(100) DEFAULT NULL,
  `categoryid` int(11) DEFAULT NULL,
  `state` int(11) DEFAULT NULL,
  `image` varchar(300) DEFAULT NULL,
  `photos` int(11) DEFAULT NULL,
  PRIMARY KEY (`id`),
  KEY `FK_d3k2fgcy8pjxu1s4gkjhjaxoh` (`areaid`),
  KEY `FK_4djnvirqpr2nbq20uk90qacoc` (`userid`),
  KEY `FK_c0y4cy8a635nuogxq427i6l4m` (`categoryid`)
) ENGINE=InnoDB  DEFAULT CHARSET=utf8 AUTO_INCREMENT=200 ;

--
-- 转存表中的数据 `shop`
--

INSERT INTO `shop` (`id`, `addDate`, `address`, `gps`, `lastDate`, `latitude`, `longitude`, `name`, `phone`, `website`, `areaid`, `userid`, `checkin_num`, `comment_num`, `detail_url`, `discount_num`, `distance`, `environment_rating`, `facility_rating`, `favorite_num`, `groupon_num`, `hygiene_rating`, `image_num`, `overall_rating`, `price`, `service_rating`, `shop_hours`, `taste_rating`, `technology_rating`, `uid`, `categoryid`, `state`, `image`, `photos`) VALUES
(4, '2015-04-22 23:34:57', '七星街123', '131.14482,46.742725', '2015-04-22 23:34:57', 46.7427253723145, 131.144821166992, '李记老菜饺子馆', '(0469)4654654', NULL, 53, NULL, -1, -1, NULL, 0, 0, -1, -1, -1, 0, -1, -1, -1, -1, -1, NULL, -1, -1, '09e64e0fb7e1ad6e40e192b8', NULL, NULL, NULL, NULL),
(5, '2015-04-22 23:35:10', '福寿物业小区南侧', '125.15643,42.91236', '2015-04-22 23:35:10', 42.9123611450195, 125.156433105469, '百年恒记水饺加盟店LY001', NULL, NULL, 60, NULL, -1, -1, NULL, 0, 0, -1, -1, -1, 0, -1, -1, -1, -1, -1, NULL, -1, -1, '539bb7db75cc1fad32f71d0c', NULL, NULL, NULL, NULL),
(6, '2015-04-22 23:35:14', '辽宁省铁岭市昌图县', '124.21283,42.96162', '2015-04-22 23:35:14', 42.9616203308105, 124.212829589844, '多味饺子馆', NULL, NULL, 60, NULL, -1, -1, NULL, 0, 0, -1, -1, -1, 0, -1, -1, -1, -1, -1, NULL, -1, -1, '1409d509ee00e191364aae37', NULL, NULL, NULL, NULL),
(7, '2015-04-22 23:35:29', '阿拉善盟阿拉善左旗', '106.72805,39.442303', '2015-04-22 23:35:29', 39.4423027038574, 106.728050231934, '左旗老三源饺子馆', '18647337483', NULL, 88, NULL, -1, -1, NULL, 0, 0, -1, -1, -1, 0, -1, -1, -1, -1, -1, NULL, -1, -1, '636dc7a8db222ff9dbeced6c', NULL, NULL, NULL, NULL),
(8, '2015-04-22 23:35:30', '新东方商厦蔚州旗舰店西侧', '114.58335,39.839317', '2015-04-22 23:35:30', 39.8393173217774, 114.583351135254, '好婆婆面馆(旗舰店)', NULL, NULL, 91, NULL, -1, -1, NULL, 0, 0, -1, -1, -1, 0, -1, -1, -1, -1, -1, NULL, -1, -1, 'e6a17341e8119b70dc1e5289', NULL, NULL, NULL, NULL),
(9, '2015-04-22 23:35:35', '山西省忻州市静乐县', '111.95043,38.360405', '2015-04-22 23:35:35', 38.3604049682617, 111.95043182373, '晋味鲜饺子馆', NULL, NULL, 109, NULL, -1, -1, NULL, 0, 0, -1, -1, -1, 0, -1, -1, -1, -1, -1, NULL, -1, -1, '6ca6a5a1893b696e1f3894b8', NULL, NULL, NULL, NULL),
(10, '2015-04-22 23:35:36', '山西省忻州市静乐县', '111.97355,38.360615', '2015-04-22 23:35:36', 38.3606147766113, 111.97354888916, '二小刀拨面馆', '(0350)8946818', NULL, 109, NULL, -1, -1, NULL, 0, 0, -1, -1, -1, 0, -1, -1, -1, -1, -1, NULL, -1, -1, '5c382c754e1a23aa9ff77982', NULL, NULL, NULL, NULL),
(11, '2015-04-22 23:35:38', '陕西省商洛市丹凤县', '110.34717,33.70129', '2015-04-22 23:35:38', 33.7012901306152, 110.34716796875, '如意面馆', NULL, NULL, 116, NULL, -1, -1, NULL, 0, 0, -1, -1, -1, 0, -1, -1, -1, -1, -1, NULL, -1, -1, '5b372e066a0f08fa774ff130', NULL, NULL, NULL, NULL),
(12, '2015-04-22 23:35:39', '宝福路7附近', '107.136696,34.38414', '2015-04-22 23:35:39', 34.3841400146484, 107.136695861816, '恒瑞面馆', NULL, NULL, 119, NULL, -1, -1, NULL, 0, 0, -1, -1, -1, 0, -1, -1, -1, -1, -1, NULL, -1, -1, '4683521a90bb0b241e58001b', NULL, NULL, NULL, NULL),
(13, '2015-04-22 23:35:40', '金谟路农行北侧', '108.94437,34.91036', '2015-04-22 23:35:40', 34.9103584289551, 108.944366455078, '好运来鸡汤刀削面', NULL, NULL, 120, NULL, -1, -1, NULL, 0, 0, -1, -1, -1, 0, -1, -1, -1, -1, -1, NULL, -1, -1, '8f473105b7e0434925e0a079', NULL, NULL, NULL, NULL),
(14, '2015-04-22 23:35:52', '山东省德州市宁津县', '116.79543,37.6566', '2015-04-22 23:35:52', 37.6566009521484, 116.795433044434, '群嫂绿色生态鲜吃水饺', '(0534)5236767', NULL, 125, NULL, -1, -1, NULL, 0, 0, -1, -1, -1, 0, -1, -1, -1, -1, -1, NULL, -1, -1, 'bbe7e6957559cb46a21de9e5', NULL, NULL, NULL, NULL),
(15, '2015-04-22 23:35:57', '幸福路304', '86.05549,44.31581', '2015-04-22 23:35:57', 44.3158111572266, 86.0554885864258, '金马粮油', '(0993)2020586', NULL, 141, NULL, -1, -1, NULL, 0, 0, -1, -1, -1, 0, -1, -1, -1, -1, -1, NULL, -1, -1, '20cfb250bb39858904fef565', NULL, NULL, NULL, NULL),
(16, '2015-04-22 23:35:58', '吐鲁番地区吐鲁番市', '89.17935,42.955242', '2015-04-22 23:35:58', 42.9552421569824, 89.1793518066406, '张穆沙卤制品店', '13779000168', NULL, 143, NULL, -1, -1, NULL, 0, 0, -1, -1, -1, 0, -1, -1, -1, -1, -1, NULL, -1, -1, '2a46010024ec20e22b11d184', NULL, NULL, NULL, NULL),
(17, '2015-04-22 23:36:20', '团结路5-7', '82.99981,46.75208', '2015-04-22 23:36:20', 46.7520790100098, 82.9998092651367, '脖客鸭颈王', '13565285558', NULL, 149, NULL, -1, -1, NULL, 0, 0, -1, -1, -1, 0, -1, -1, -1, -1, -1, NULL, -1, -1, '1f68b925235ff70526e0a049', NULL, NULL, NULL, NULL),
(18, '2015-04-22 23:36:20', '前进街10-3', '82.996826,46.7545', '2015-04-22 23:36:20', 46.7545013427734, 82.996826171875, '河西切面铺', '13565278993', NULL, 149, NULL, -1, -1, NULL, 0, 0, -1, -1, -1, 0, -1, -1, -1, -1, -1, NULL, -1, -1, 'd251ebc7ae43164e43e1925b', NULL, NULL, NULL, NULL),
(19, '2015-04-22 23:36:20', '建新街9-2-3', '83.00456,46.748436', '2015-04-22 23:36:20', 46.7484359741211, 83.0045623779297, '魏胖子椒麻鸡', '13139785599', NULL, 149, NULL, -1, -1, NULL, 0, 0, -1, -1, -1, 0, -1, -1, -1, -1, -1, NULL, -1, -1, '4fa58ad9cb55a96e4d776e49', NULL, NULL, NULL, NULL),
(20, '2015-04-22 23:36:21', '敬老路16', '79.91974,37.123333', '2015-04-22 23:36:21', 37.1233329772949, 79.9197387695312, '真滋味饺子', '13345381053', NULL, 151, NULL, -1, -1, NULL, 0, 0, -1, -1, -1, 0, -1, -1, -1, -1, -1, NULL, -1, -1, 'ecc3d88bb54be041aeb22a5e', NULL, NULL, NULL, NULL),
(21, '2015-04-22 23:36:21', '东巴格路74号东侧', '79.936,37.102573', '2015-04-22 23:36:21', 37.1025733947754, 79.9359970092773, '山东家佳味饺子馆', '15001522207', NULL, 151, NULL, -1, -1, NULL, 0, 0, -1, -1, -1, 0, -1, -1, -1, -1, -1, NULL, -1, -1, '85d066017c0df5cfc9291568', NULL, NULL, NULL, NULL),
(22, '2015-04-22 23:36:21', '二环路与阿恰勒西路交汇处北侧', '79.914085,37.112785', '2015-04-22 23:36:21', 37.1127853393555, 79.9140853881836, '穆拉德家常拉面', NULL, NULL, 151, NULL, -1, -1, NULL, 0, 0, -1, -1, -1, 0, -1, -1, -1, -1, -1, NULL, -1, -1, '8a389e567013b3052afc4839', NULL, NULL, NULL, NULL),
(23, '2015-04-22 23:36:22', '西子花园小区东侧', '79.90559,37.120483', '2015-04-22 23:36:22', 37.1204833984375, 79.9055862426758, '罕艾日克本地烤肉拉面', NULL, NULL, 151, NULL, -1, -1, NULL, 0, 0, -1, -1, -1, 0, -1, -1, -1, -1, -1, NULL, -1, -1, 'cd868f12eb01b1ee3913fd40', NULL, NULL, NULL, NULL),
(24, '2015-04-22 23:38:06', '张掖市甘州区', '100.52612,38.978123', '2015-04-22 23:38:06', 38.9781227111816, 100.526123046875, '马海麦牛肉面馆', NULL, NULL, 177, NULL, -1, -1, NULL, 0, 0, -1, -1, -1, 0, -1, -1, -1, -1, -1, NULL, -1, -1, '6bcaa5c2803db6a2c5effbea', NULL, NULL, NULL, NULL),
(25, '2015-04-22 23:38:07', '岷江大道352', '104.38953,34.03733', '2015-04-22 23:38:07', 34.0373306274414, 104.389526367188, '山西水饺', NULL, NULL, 180, NULL, -1, -1, NULL, 0, 0, -1, -1, -1, 0, -1, -1, -1, -1, -1, NULL, -1, -1, 'e5674f9414ce2624ee74f868', NULL, NULL, NULL, NULL),
(26, '2015-04-22 23:38:07', '甘肃省陇南市西和县', '105.30694,34.01775', '2015-04-22 23:38:07', 34.017749786377, 105.306938171387, '王家素面馆', '15294105220', NULL, 180, NULL, -1, -1, NULL, 0, 0, -1, -1, -1, 0, -1, -1, -1, -1, -1, NULL, -1, -1, '8e0952e75ec9726ecc06a4ec', NULL, NULL, NULL, NULL),
(27, '2015-04-22 23:38:07', '甘肃省白银市白银区', '104.147484,36.55426', '2015-04-22 23:38:07', 36.5542602539062, 104.147483825684, '银味面馆', NULL, NULL, 183, NULL, -1, -1, NULL, 0, 0, -1, -1, -1, 0, -1, -1, -1, -1, -1, NULL, -1, -1, 'd5310cf2f4912bdce3110356', NULL, NULL, NULL, NULL),
(28, '2015-04-22 23:38:08', '惠裕路5', '106.78266,39.23149', '2015-04-22 23:38:08', 39.2314910888672, 106.782661437988, '杨老三面馆', NULL, NULL, 186, NULL, -1, -1, NULL, 0, 0, -1, -1, -1, 0, -1, -1, -1, -1, -1, NULL, -1, -1, '82d8c14744d5766b38221c33', NULL, NULL, NULL, NULL),
(29, '2015-04-22 23:38:21', '黄石市黄石港区', '115.07422,30.247194', '2015-04-22 23:38:21', 30.2471942901611, 115.07421875, '陈记炸酱面馆（新街口店）', NULL, NULL, 226, NULL, -1, -1, NULL, 0, 0, -1, -1, -1, 0, -1, -1, -1, -1, -1, NULL, -1, -1, '4074f59a7f3fb8cf3f9a5ec7', NULL, NULL, NULL, NULL),
(30, '2015-04-22 23:38:22', '恩施土家族苗族自治州恩施市', '109.50581,30.29564', '2015-04-22 23:38:22', 30.2956409454346, 109.505813598633, '重庆面馆', NULL, NULL, 230, NULL, -1, -1, NULL, 0, 0, -1, -1, -1, 0, -1, -1, -1, -1, -1, NULL, -1, -1, '4bad1845d27bc0351029350e', NULL, NULL, NULL, NULL),
(31, '2015-04-22 23:38:23', '恩施土家族苗族自治州恩施市', '109.50696,30.297153', '2015-04-22 23:38:23', 30.2971534729004, 109.506958007812, '金榜向上麻辣烫', NULL, NULL, 230, NULL, -1, -1, NULL, 0, 0, -1, -1, -1, 0, -1, -1, -1, -1, -1, NULL, -1, -1, 'dcc8fcb09c66db4e90114c06', NULL, NULL, NULL, NULL),
(32, '2015-04-22 23:38:34', '象山二路19附近', '112.20721,31.049187', '2015-04-22 23:38:34', 31.049186706543, 112.207206726074, '老李包子', NULL, NULL, 234, NULL, -1, -1, NULL, 0, 0, -1, -1, -1, 0, -1, -1, -1, -1, -1, NULL, -1, -1, '0970960ba4803e8ad7851fa4', NULL, NULL, NULL, NULL),
(33, '2015-04-22 23:38:42', '六安市裕安区', '116.48764,31.73214', '2015-04-22 23:38:42', 31.7321395874023, 116.487640380859, '清真回族兰州正宗牛肉面', NULL, NULL, 263, NULL, -1, -1, NULL, 0, 0, -1, -1, -1, 0, -1, -1, -1, -1, -1, NULL, -1, -1, '65ddc053687bbd3ab8bd63c6', NULL, NULL, NULL, NULL),
(34, '2015-04-22 23:38:57', '江西省抚州市临川区学府路35', '116.36164,27.993805', '2015-04-22 23:38:57', 27.9938049316406, 116.361640930176, '兰州牛肉拉面馆', NULL, NULL, 279, NULL, -1, -1, NULL, 0, 0, -1, -1, -1, 0, -1, -1, -1, -1, -1, NULL, -1, -1, 'cfa05ee1a24f48e6f942b2c1', NULL, NULL, NULL, NULL),
(35, '2015-04-22 23:39:00', '人民南路107', '112.37423,25.583517', '2015-04-22 23:39:00', 25.583517074585, 112.374229431152, '东北一家人特色菜饺子馆', '15616822328', NULL, 291, NULL, -1, -1, NULL, 0, 0, -1, -1, -1, 0, -1, -1, -1, -1, -1, NULL, -1, -1, 'afdecaca0fffb9ea276e9865', NULL, NULL, NULL, NULL),
(36, '2015-04-22 23:40:02', '广东省惠州市惠城区', '114.32774,23.007627', '2015-04-22 23:40:02', 23.0076274871826, 114.327743530273, '新港行', '(0752)3230518', NULL, 333, NULL, -1, -1, NULL, 0, 0, -1, -1, -1, 0, -1, -1, -1, -1, -1, NULL, -1, -1, '601aa0e15ecf5908d02dd668', NULL, NULL, NULL, NULL),
(37, '2015-04-22 23:40:04', '广东省佛山市禅城区文沙南路', '113.13673,23.049942', '2015-04-22 23:40:04', 23.0499420166016, 113.136726379395, '湖北正宗热干面馆', NULL, NULL, 338, NULL, -1, -1, NULL, 0, 0, -1, -1, -1, 0, -1, -1, -1, -1, -1, NULL, -1, -1, '8cbe6d32d2b00e38adb22af6', NULL, NULL, NULL, NULL),
(38, '2015-04-22 23:40:07', '广东省揭阳市普宁市g324', '116.298515,23.281572', '2015-04-22 23:40:07', 23.2815723419189, 116.298515319824, '肥仔麻辣烫', NULL, NULL, 349, NULL, -1, -1, NULL, 0, 0, -1, -1, -1, 0, -1, -1, -1, -1, -1, NULL, -1, -1, 'd910f15c3e7fa2bfdb13189b', NULL, NULL, NULL, NULL),
(39, '2015-04-22 23:40:08', '广东省汕尾市陆丰市新马路33号', '115.650635,22.953703', '2015-04-22 23:40:08', 22.9537029266357, 115.650634765625, '双味肠粉蒸米粉', NULL, NULL, 351, NULL, -1, -1, NULL, 0, 0, -1, -1, -1, 0, -1, -1, -1, -1, -1, NULL, -1, -1, '3dcaa5b29de65cb416c905f5', NULL, NULL, NULL, NULL),
(40, '2015-04-22 23:40:10', '抚仙路星龙苑小区附近', '102.75176,24.297176', '2015-04-22 23:40:10', 24.297176361084, 102.751762390137, '三定饺子小吃', NULL, NULL, 358, NULL, -1, -1, NULL, 0, 0, -1, -1, -1, 0, -1, -1, -1, -1, -1, NULL, -1, -1, '77bd62dfb61e8e408c55ecd6', NULL, NULL, NULL, NULL),
(41, '2015-04-22 23:40:11', '云南省玉溪市新平彝族傣族自治县文林路', '101.58361,24.058683', '2015-04-22 23:40:11', 24.0586833953857, 101.583610534668, '正宗东北大馅饺子', '18687238862', NULL, 358, NULL, -1, -1, NULL, 0, 0, -1, -1, -1, 0, -1, -1, -1, -1, -1, NULL, -1, -1, 'b86bf0cc0db9264797031963', NULL, NULL, NULL, NULL),
(42, '2015-04-22 23:40:12', '云南省玉溪市红塔区文化路', '102.52771,24.326551', '2015-04-22 23:40:12', 24.3265514373779, 102.527709960937, '云贵特色辣鸡面馆', NULL, NULL, 358, NULL, -1, -1, NULL, 0, 0, -1, -1, -1, 0, -1, -1, -1, -1, -1, NULL, -1, -1, '3adbc759d4aaaa604afc8da5', NULL, NULL, NULL, NULL),
(43, '2015-04-22 23:40:13', '云南省昭通市绥江县', '103.97511,28.594511', '2015-04-22 23:40:13', 28.5945110321045, 103.975112915039, '牛华绿缘麻辣烫', NULL, NULL, 361, NULL, -1, -1, NULL, 0, 0, -1, -1, -1, 0, -1, -1, -1, -1, -1, NULL, -1, -1, '67735fa323f61d97f7e73b2f', NULL, NULL, NULL, NULL),
(44, '2015-04-22 23:40:13', '云南省昭通市绥江县', '103.97611,28.595242', '2015-04-22 23:40:13', 28.5952415466309, 103.976112365723, '真味面馆', NULL, NULL, 361, NULL, -1, -1, NULL, 0, 0, -1, -1, -1, 0, -1, -1, -1, -1, -1, NULL, -1, -1, 'a2365972dac171e39868b414', NULL, NULL, NULL, NULL),
(45, '2015-04-22 23:40:14', '云南省昭通市绥江县', '103.97655,28.5959', '2015-04-22 23:40:14', 28.5958995819092, 103.976547241211, '王琨麻辣烫', NULL, NULL, 361, NULL, -1, -1, NULL, 0, 0, -1, -1, -1, 0, -1, -1, -1, -1, -1, NULL, -1, -1, '89dbf12e5de5d6ae28b97c4f', NULL, NULL, NULL, NULL),
(46, '2015-04-22 23:40:14', '云南省昭通市绥江县', '103.974174,28.595676', '2015-04-22 23:40:14', 28.5956764221191, 103.974174499512, '王拖拉麻辣烫', NULL, NULL, 361, NULL, -1, -1, NULL, 0, 0, -1, -1, -1, 0, -1, -1, -1, -1, -1, NULL, -1, -1, 'db3d3f223ec4d69b5a3ac83f', NULL, NULL, NULL, NULL),
(47, '2015-04-22 23:40:58', '来宾市兴宾区', '109.23283,23.746405', '2015-04-22 23:40:58', 23.7464046478271, 109.23282623291, '慧明米粉店', NULL, NULL, 371, NULL, -1, -1, NULL, 0, 0, -1, -1, -1, 0, -1, -1, -1, -1, -1, NULL, -1, -1, 'bd78ff02e452ee44c2f1cf3a', NULL, NULL, NULL, NULL),
(48, '2015-04-22 23:41:02', '海南省直辖县级行政单位儋州市', '109.22469,19.717287', '2015-04-22 23:41:02', 19.7172870635986, 109.22469329834, '三丰海鲜大排档', '13337677662', NULL, 387, NULL, -1, -1, NULL, 0, 0, -1, -1, -1, 0, -1, -1, -1, -1, -1, NULL, -1, -1, 'db94b3b3a21b942e8936ee19', NULL, NULL, NULL, NULL),
(49, '2015-04-22 23:42:39', '澳门特别行政区大堂区大堂巷12号(近大三巴)', '113.552635,22.197342', '2015-04-22 23:42:39', 22.1973419189453, 113.552635192871, '锦记牛杂', NULL, NULL, 404, NULL, -1, -1, NULL, 0, 0, -1, -1, -1, 0, -1, -1, -1, -1, -1, NULL, -1, -1, 'c182656f98f8acfe1e1d11c5', NULL, NULL, NULL, NULL),
(52, '2015-05-08 00:04:32', '西安市新城区龙首南路7号', '108.956469,34.294723', '2015-05-08 00:04:32', 34.294723, 108.956469, '手机店', '029-99234234', '', 111, NULL, NULL, NULL, NULL, NULL, 0, NULL, NULL, NULL, NULL, NULL, NULL, NULL, NULL, NULL, NULL, NULL, NULL, NULL, NULL, NULL, NULL, NULL),
(53, '2015-05-08 00:07:28', '西安市新城区东五路31号', '108.970077,34.276164', '2015-05-08 00:07:28', 34.276164, 108.970077, '我的电子', '87439747', '', 111, NULL, NULL, NULL, NULL, NULL, 0, NULL, NULL, NULL, NULL, NULL, NULL, NULL, NULL, NULL, NULL, NULL, NULL, NULL, NULL, NULL, NULL, NULL),
(54, '2015-05-08 00:09:56', '西安市新城区环城东路175', '108.97827,34.279698', '2015-05-08 00:09:56', 34.279698, 108.97827, '西安市新城区环', '3r4234234', '', 111, NULL, NULL, NULL, NULL, NULL, 0, NULL, NULL, NULL, NULL, NULL, NULL, NULL, NULL, NULL, NULL, NULL, NULL, NULL, NULL, NULL, NULL, NULL),
(55, '2015-05-08 22:48:27', '外交部南街8号（京华豪园一层）', '116.44349,39.92389', '2015-05-08 22:48:27', 39.9238891601562, 116.443489074707, '大粥锅(京华豪园店)', '010-85618876', 'http://api.map.baidu.com/place/detail?uid=2ad32cc3a0c9c4969c95de9b&output=html&source=placeapi_v2', 37, NULL, -1, 77, 'http://api.map.baidu.com/place/detail?uid=2ad32cc3a0c9c4969c95de9b&output=html&source=placeapi_v2', 0, 0, 3.5, -1, -1, 8, -1, 58, 5, 36, 3, NULL, -1, -1, '2ad32cc3a0c9c4969c95de9b', NULL, NULL, NULL, NULL),
(56, '2015-05-08 22:48:28', '交道口南大街134号16、17、18号平房', '116.41535,39.94161', '2015-05-08 22:48:28', 39.9416084289551, 116.415351867676, '大内包子', '13501335935', 'http://api.map.baidu.com/place/detail?uid=9a2a4f372890004b87154193&output=html&source=placeapi_v2', 37, NULL, -1, 50, 'http://api.map.baidu.com/place/detail?uid=9a2a4f372890004b87154193&output=html&source=placeapi_v2', 0, 0, 2, -1, -1, 0, -1, 19, 5, 15, 1.3, NULL, -1, -1, '9a2a4f372890004b87154193', NULL, NULL, NULL, NULL),
(57, '2015-05-08 22:48:28', '长椿街北甲一号', '116.36966,39.90488', '2015-05-08 22:48:28', 39.9048805236816, 116.369659423828, '李先生加州牛肉面(长椿街店)', '010-83118857', 'http://api.map.baidu.com/place/detail?uid=b3aa435dc8e10812147643ec&output=html&source=placeapi_v2', 37, NULL, -1, 128, 'http://api.map.baidu.com/place/detail?uid=b3aa435dc8e10812147643ec&output=html&source=placeapi_v2', 0, 0, 3.4, -1, -1, 2, -1, 65, 5, 27, 3.8, NULL, -1, -1, 'b3aa435dc8e10812147643ec', NULL, NULL, NULL, NULL),
(58, '2015-05-08 22:48:29', '西城区宣武门外大街71号(和庆丰包子一个门脸达智桥胡同)', '116.38062,39.902916', '2015-05-08 22:48:29', 39.9029159545898, 116.38062286377, '杨国福麻辣烫(菜市口店)', NULL, 'http://api.map.baidu.com/place/detail?uid=d632b77679e950de8a36ee9b&output=html&source=placeapi_v2', 37, NULL, -1, 86, 'http://api.map.baidu.com/place/detail?uid=d632b77679e950de8a36ee9b&output=html&source=placeapi_v2', 0, 0, 2.3, -1, -1, 1, -1, 128, 5, 23, 3.3, NULL, -1, -1, 'd632b77679e950de8a36ee9b', NULL, NULL, NULL, NULL),
(59, '2015-05-08 22:48:29', '石景山区雕塑园南街远洋山水南区东门对面,玉鲁商厦西侧底商(雕塑园南街)', '116.25005,39.90356', '2015-05-08 22:48:29', 39.9035606384277, 116.250053405762, '张亮麻辣烫(远洋山水店)', '18710136620', 'http://api.map.baidu.com/place/detail?uid=5fbe072d2d3986ae5fd4fe4c&output=html&source=placeapi_v2', 37, NULL, -1, 90, 'http://api.map.baidu.com/place/detail?uid=5fbe072d2d3986ae5fd4fe4c&output=html&source=placeapi_v2', 0, 0, 3.5, -1, -1, 2, -1, 73, 4.3, 25, 3.5, NULL, -1, -1, '5fbe072d2d3986ae5fd4fe4c', NULL, NULL, NULL, NULL),
(60, '2015-05-08 22:48:29', '北京市朝阳区光熙门北里甲26号楼', '116.44202,39.973225', '2015-05-08 22:48:29', 39.9732246398926, 116.442016601562, '宏状元粥店(西坝河店)', '(010)64211181', 'http://api.map.baidu.com/place/detail?uid=cb4fd14645dbcb589c9d68a4&output=html&source=placeapi_v2', 37, NULL, -1, 181, 'http://api.map.baidu.com/place/detail?uid=cb4fd14645dbcb589c9d68a4&output=html&source=placeapi_v2', 0, 0, 3.7, -1, -1, 1, -1, 159, 4.2, 30, 2.9, NULL, -1, -1, 'cb4fd14645dbcb589c9d68a4', NULL, NULL, NULL, NULL),
(61, '2015-05-08 22:48:30', '北京丰台区大成路21号(近长安新城)', '116.26353,39.895878', '2015-05-08 22:48:30', 39.8958778381348, 116.263526916504, '宏状元粥店(大成路店)', '(010)68697127', 'http://api.map.baidu.com/place/detail?uid=39d43f82fc37419fa8059dd4&output=html&source=placeapi_v2', 37, NULL, -1, 195, 'http://api.map.baidu.com/place/detail?uid=39d43f82fc37419fa8059dd4&output=html&source=placeapi_v2', 0, 0, 3.3, -1, -1, 1, -1, 119, 4, 37, 3.2, NULL, -1, -1, '39d43f82fc37419fa8059dd4', NULL, NULL, NULL, NULL),
(62, '2015-05-08 22:48:30', '朝阳区霄云路远洋新干线南侧美食一条街', '116.46684,39.963158', '2015-05-08 22:48:30', 39.9631576538086, 116.466842651367, '张亮麻辣烫(霄云路店)', '(010)51302895', 'http://api.map.baidu.com/place/detail?uid=a88f9d1aa7f2ee1032f71dfc&output=html&source=placeapi_v2', 37, NULL, -1, 93, 'http://api.map.baidu.com/place/detail?uid=a88f9d1aa7f2ee1032f71dfc&output=html&source=placeapi_v2', 0, 0, 3.5, -1, -1, 3, -1, 23, 4.5, 20, 4.3, NULL, -1, -1, 'a88f9d1aa7f2ee1032f71dfc', NULL, NULL, NULL, NULL),
(63, '2015-05-08 22:48:31', '建国路93号院A座7层070501A号商铺（新世界百货7层）', '116.47899,39.914837', '2015-05-08 22:48:31', 39.9148368835449, 116.478988647461, '东方饺子王(大望路店)', '(010)59603996,(010)59603995', 'http://api.map.baidu.com/place/detail?uid=9bb87ef610edf7103ee23193&output=html&source=placeapi_v2', 37, NULL, -1, 101, 'http://api.map.baidu.com/place/detail?uid=9bb87ef610edf7103ee23193&output=html&source=placeapi_v2', 0, 0, 3.7, -1, -1, 3, -1, 63, 4.2, 40, 3.5, NULL, -1, -1, '9bb87ef610edf7103ee23193', NULL, NULL, NULL, NULL),
(64, '2015-05-08 22:48:31', '西客站南路6号-2（建银饭店旁边）', '116.327934,39.89349', '2015-05-08 22:48:31', 39.8934898376465, 116.327934265137, '杨国福麻辣烫(西站南路店)', '13552548234', 'http://api.map.baidu.com/place/detail?uid=f34c522b409c452f2db17e68&output=html&source=placeapi_v2', 37, NULL, -1, 23, 'http://api.map.baidu.com/place/detail?uid=f34c522b409c452f2db17e68&output=html&source=placeapi_v2', 0, 0, 3.95, -1, -1, 2, -1, 8, 5, 19, 3.95, NULL, -1, -1, 'f34c522b409c452f2db17e68', NULL, NULL, NULL, NULL),
(65, '2015-05-08 22:48:32', '东城区东四六条胡同西口往北20米(东四六条西口)', '116.42386,39.9367', '2015-05-08 22:48:32', 39.9366989135742, 116.423858642578, '忠友麻辣烫', '18600187367', 'http://api.map.baidu.com/place/detail?uid=d0b8923fe5532dfbb4f42fa5&output=html&source=placeapi_v2', 37, NULL, -1, 180, 'http://api.map.baidu.com/place/detail?uid=d0b8923fe5532dfbb4f42fa5&output=html&source=placeapi_v2', 0, 0, 3.1, -1, -1, 1, -1, 218, 4.3, 24, 3, NULL, -1, -1, 'd0b8923fe5532dfbb4f42fa5', NULL, NULL, NULL, NULL),
(66, '2015-05-08 22:48:32', '海淀路社区6号楼，靠近公交站中关村西站', '116.320564,39.991676', '2015-05-08 22:48:32', 39.9916763305664, 116.32056427002, '张亮麻辣烫(中关村一桥店)', '(010)62655733,13621320882', 'http://api.map.baidu.com/place/detail?uid=dc0dfdaa9a8a5414c42ba13f&output=html&source=placeapi_v2', 37, NULL, -1, 190, 'http://api.map.baidu.com/place/detail?uid=dc0dfdaa9a8a5414c42ba13f&output=html&source=placeapi_v2', 0, 0, 2.1, -1, -1, 2, -1, 27, 4.4, 22, 2.4, NULL, -1, -1, 'dc0dfdaa9a8a5414c42ba13f', NULL, NULL, NULL, NULL),
(67, '2015-05-08 22:48:32', '上地二街2号1幢1层东起第二间1005', '116.31706,40.039986', '2015-05-08 22:48:32', 40.0399856567383, 116.31706237793, '张亮麻辣烫(上地店)', '13910677482', 'http://api.map.baidu.com/place/detail?uid=163d3ae04f8c96be88fc0610&output=html&source=placeapi_v2', 37, NULL, -1, 29, 'http://api.map.baidu.com/place/detail?uid=163d3ae04f8c96be88fc0610&output=html&source=placeapi_v2', 0, 0, 3.75, -1, -1, 1, -1, 21, 4.2, 20, 3.7, NULL, -1, -1, '163d3ae04f8c96be88fc0610', NULL, NULL, NULL, NULL),
(68, '2015-05-08 22:48:33', '北京海淀区花园路甲1号', '116.37378,39.988136', '2015-05-08 22:48:33', 39.9881362915039, 116.373779296875, '小胖包子', '18511156078', 'http://api.map.baidu.com/place/detail?uid=64b7159b8702ae2576e5b6eb&output=html&source=placeapi_v2', 37, NULL, -1, 68, 'http://api.map.baidu.com/place/detail?uid=64b7159b8702ae2576e5b6eb&output=html&source=placeapi_v2', 0, 0, 1.9, -1, -1, 0, -1, 38, 5, 14, 2.1, NULL, -1, -1, '64b7159b8702ae2576e5b6eb', NULL, NULL, NULL, NULL),
(69, '2015-05-08 22:48:33', '北洼路西里二十一号院嘉诚商务中心底商', '116.30936,39.941326', '2015-05-08 22:48:33', 39.9413261413574, 116.309356689453, '嘉和一品粥(北洼路店)', '010-68468761', 'http://api.map.baidu.com/place/detail?uid=cc788fde8277ac9388fc063c&output=html&source=placeapi_v2', 37, NULL, -1, 186, 'http://api.map.baidu.com/place/detail?uid=cc788fde8277ac9388fc063c&output=html&source=placeapi_v2', 0, 0, 2.3, -1, -1, 0, -1, 84, 5, 26, 2.2, NULL, -1, -1, 'cc788fde8277ac9388fc063c', NULL, NULL, NULL, NULL),
(70, '2015-05-08 22:48:33', '朝阳区望京望花路(近望京大厦)', '116.47513,39.991238', '2015-05-08 22:48:33', 39.9912376403809, 116.475128173828, '嘉和一品粥(花家地)', NULL, 'http://api.map.baidu.com/place/detail?uid=485b3f376b028595a6da394f&output=html&source=placeapi_v2', 37, NULL, -1, 21, 'http://api.map.baidu.com/place/detail?uid=485b3f376b028595a6da394f&output=html&source=placeapi_v2', 0, 0, 4.5, -1, -1, 0, -1, 7, 5, 25, 3, NULL, -1, -1, '485b3f376b028595a6da394f', NULL, NULL, NULL, NULL),
(71, '2015-05-08 22:48:34', '三里屯南41三里屯派出所(北京市朝阳区房屋管理局东北) 附近', '116.46044,39.941666', '2015-05-08 22:48:34', 39.9416656494141, 116.460441589355, '来烫麻辣烫', '(010)64161694', 'http://api.map.baidu.com/place/detail?uid=9f97b1c59ee4c01fb74f54ef&output=html&source=placeapi_v2', 37, NULL, -1, 91, 'http://api.map.baidu.com/place/detail?uid=9f97b1c59ee4c01fb74f54ef&output=html&source=placeapi_v2', 0, 0, 4.2, -1, -1, 0, -1, 85, 5, 41, 2.6, NULL, -1, -1, '9f97b1c59ee4c01fb74f54ef', NULL, NULL, NULL, NULL),
(72, '2015-05-08 22:48:34', '北京朝阳区东三环中路39号建外SOHO西区12号楼1204号', '116.46192,39.91153', '2015-05-08 22:48:34', 39.9115295410156, 116.461921691895, '一品小笼建外soho店', '(010)58690876', 'http://api.map.baidu.com/place/detail?uid=373cf757a79c7f774354d74a&output=html&source=placeapi_v2', 37, NULL, -1, 197, 'http://api.map.baidu.com/place/detail?uid=373cf757a79c7f774354d74a&output=html&source=placeapi_v2', 0, 0, 1.5, -1, -1, 4, -1, 91, 4.1, 35, 2.6, NULL, -1, -1, '373cf757a79c7f774354d74a', NULL, NULL, NULL, NULL),
(73, '2015-05-08 22:48:35', '西南三环丰桥路7号院三环新城7天酒店底商', '116.31206,39.856564', '2015-05-08 22:48:35', 39.8565635681152, 116.312057495117, '张亮麻辣烫(三环新城店)', NULL, 'http://api.map.baidu.com/place/detail?uid=b28e41dd84fb630063180965&output=html&source=placeapi_v2', 37, NULL, -1, 44, 'http://api.map.baidu.com/place/detail?uid=b28e41dd84fb630063180965&output=html&source=placeapi_v2', 0, 0, 4, -1, -1, 2, -1, 18, 4.4, 24, 4.5, NULL, -1, -1, 'b28e41dd84fb630063180965', NULL, NULL, NULL, NULL),
(74, '2015-05-08 22:48:35', '北京市朝阳区将台路', '116.493805,39.979885', '2015-05-08 22:48:35', 39.9798851013184, 116.493804931641, '张亮麻辣烫(将台路店)', '15210057828', 'http://api.map.baidu.com/place/detail?uid=c5ddcc086fd118dfd813184b&output=html&source=placeapi_v2', 37, NULL, -1, 84, 'http://api.map.baidu.com/place/detail?uid=c5ddcc086fd118dfd813184b&output=html&source=placeapi_v2', 0, 0, 3, -1, -1, 2, -1, 116, 4.2, 25, 4.5, NULL, -1, -1, 'c5ddcc086fd118dfd813184b', NULL, NULL, NULL, NULL),
(75, '2015-05-08 22:48:36', '海淀区财经东路-荷清路2号', '116.34345,39.997894', '2015-05-08 22:48:36', 39.9978942871094, 116.343452453613, '杨国福麻辣烫(五道口店)', '13845114485', 'http://api.map.baidu.com/place/detail?uid=1efe29681126c3834d776e59&output=html&source=placeapi_v2', 37, NULL, -1, 121, 'http://api.map.baidu.com/place/detail?uid=1efe29681126c3834d776e59&output=html&source=placeapi_v2', 0, 0, 2.9, -1, -1, 0, -1, 116, 5, 50, 2.8, NULL, -1, -1, '1efe29681126c3834d776e59', NULL, NULL, NULL, NULL),
(76, '2015-05-08 22:48:36', '北京朝阳区安定门外小营路11号巨擘达大厦底商(近小营西路)', '116.429855,39.999912', '2015-05-08 22:48:36', 39.9999122619629, 116.42985534668, '孟记粥铺(小营店)', '(010)52051666', 'http://api.map.baidu.com/place/detail?uid=7fd72311f93037865dbe8695&output=html&source=placeapi_v2', 37, NULL, -1, 124, 'http://api.map.baidu.com/place/detail?uid=7fd72311f93037865dbe8695&output=html&source=placeapi_v2', 0, 0, 2.6, -1, -1, 0, -1, 99, 5, 30, 2.7, NULL, -1, -1, '7fd72311f93037865dbe8695', NULL, NULL, NULL, NULL),
(77, '2015-05-08 22:48:37', '昌平区富康路', '116.25148,40.215546', '2015-05-08 22:48:37', 40.2155456542969, 116.251480102539, '昌平水萝卜粥店', '(010)69727199', 'http://api.map.baidu.com/place/detail?uid=67de912036f5011ff6c59ca4&output=html&source=placeapi_v2', 37, NULL, -1, 73, 'http://api.map.baidu.com/place/detail?uid=67de912036f5011ff6c59ca4&output=html&source=placeapi_v2', 0, 0, 3.9, -1, -1, 0, -1, 59, 4, 45, 3.9, NULL, -1, -1, '67de912036f5011ff6c59ca4', NULL, NULL, NULL, NULL),
(78, '2015-05-08 22:48:37', '学院南路68号(中软大厦对面)', '116.34039,39.962875', '2015-05-08 22:48:37', 39.9628753662109, 116.340393066406, '宏状元粥店(学院南路店)', '(010)62175123', 'http://api.map.baidu.com/place/detail?uid=cac5fc768c77f9ea2db96da4&output=html&source=placeapi_v2', 37, NULL, -1, 289, 'http://api.map.baidu.com/place/detail?uid=cac5fc768c77f9ea2db96da4&output=html&source=placeapi_v2', 0, 0, 3.7, -1, -1, 1, -1, 230, 4.1, 28, 2.7, NULL, -1, -1, 'cac5fc768c77f9ea2db96da4', NULL, NULL, NULL, NULL),
(79, '2015-05-08 22:48:38', '北京市朝阳区东方东路甲11号(如家酒店一层)', '116.47089,39.959846', '2015-05-08 22:48:38', 39.959846496582, 116.470886230469, '嘉和一品粥(燕莎使馆店)', NULL, 'http://api.map.baidu.com/place/detail?uid=606ab0d01e3bb8330e3dda33&output=html&source=placeapi_v2', 37, NULL, -1, 85, 'http://api.map.baidu.com/place/detail?uid=606ab0d01e3bb8330e3dda33&output=html&source=placeapi_v2', 0, 0, 2, -1, -1, 0, -1, 64, 5, 22, 1.9, NULL, -1, -1, '606ab0d01e3bb8330e3dda33', NULL, NULL, NULL, NULL),
(80, '2015-05-08 22:48:38', '酒仙桥路大山子社区', '116.49556,39.990086', '2015-05-08 22:48:38', 39.9900856018066, 116.495559692383, '菜麻酒仙桥店', '13520003083', 'http://api.map.baidu.com/place/detail?uid=9fe94a39b8cc6a6a0e0a7035&output=html&source=placeapi_v2', 37, NULL, -1, 269, 'http://api.map.baidu.com/place/detail?uid=9fe94a39b8cc6a6a0e0a7035&output=html&source=placeapi_v2', 0, 0, 3.4, -1, -1, 0, -1, 177, 4.2, 48, 3.5, NULL, -1, -1, '9fe94a39b8cc6a6a0e0a7035', NULL, NULL, NULL, NULL),
(81, '2015-05-08 22:48:38', '农大南路1号上地华联购物中心4层F-14b号近北京体育大学', '116.31758,40.035103', '2015-05-08 22:48:38', 40.0351028442383, 116.317581176758, '九毛九山西面馆(上地华联店)', '(010)82771188,(010)62667726', 'http://api.map.baidu.com/place/detail?uid=7aae31d47b0d60576d20b9a5&output=html&source=placeapi_v2', 37, NULL, -1, 511, 'http://api.map.baidu.com/place/detail?uid=7aae31d47b0d60576d20b9a5&output=html&source=placeapi_v2', 0, 0, 3.1, -1, -1, 1, -1, 138, 4.1, 47, 2.4, NULL, -1, -1, '7aae31d47b0d60576d20b9a5', NULL, NULL, NULL, NULL),
(82, '2015-05-08 22:48:39', '蓝靛厂东2号院2号楼（金源时代商务中心2号楼）1层2-8（B座1C）', '116.2949,39.967052', '2015-05-08 22:48:39', 39.9670524597168, 116.294898986816, '杨国福麻辣烫(远大店)', '(010)56282517,(010)56282719', 'http://api.map.baidu.com/place/detail?uid=1c0997d21bccaebabe4842ab&output=html&source=placeapi_v2', 37, NULL, -1, 16, 'http://api.map.baidu.com/place/detail?uid=1c0997d21bccaebabe4842ab&output=html&source=placeapi_v2', 0, 0, 4, -1, -1, 2, -1, 13, 4.1, 29, 3.95, NULL, -1, -1, '1c0997d21bccaebabe4842ab', NULL, NULL, NULL, NULL),
(83, '2015-05-08 22:48:39', '北京市西城区大栅栏街18号大栅栏购物中心1层', '116.40214,39.902016', '2015-05-08 22:48:39', 39.9020156860352, 116.402137756348, '老边饺子馆', '(010)63039631', 'http://api.map.baidu.com/place/detail?uid=d291a85aa6294e5d901fc95f&output=html&source=placeapi_v2', 37, NULL, -1, 142, 'http://api.map.baidu.com/place/detail?uid=d291a85aa6294e5d901fc95f&output=html&source=placeapi_v2', 0, 0, 3.2, -1, -1, 0, -1, 205, 5, 56, 3.1, NULL, -1, -1, 'd291a85aa6294e5d901fc95f', NULL, NULL, NULL, NULL),
(84, '2015-05-08 22:48:39', '月桂树酒店旁', '116.393456,39.848637', '2015-05-08 22:48:39', 39.8486366271973, 116.393455505371, '嘉和一品粥(马家堡店)', NULL, 'http://api.map.baidu.com/place/detail?uid=cac5fc768c7df9ea2db96da2&output=html&source=placeapi_v2', 37, NULL, -1, 244, 'http://api.map.baidu.com/place/detail?uid=cac5fc768c7df9ea2db96da2&output=html&source=placeapi_v2', 0, 0, 3.3, -1, -1, 0, -1, 91, 5, 27, 2.8, NULL, -1, -1, 'cac5fc768c7df9ea2db96da2', NULL, NULL, NULL, NULL),
(85, '2015-05-08 22:48:39', '朝阳区慧忠北里第五大道116号', '116.413,40.0093', '2015-05-08 22:48:39', 40.0093002319336, 116.41300201416, '杨国福麻辣烫(大屯路)', '(010)56020561', 'http://api.map.baidu.com/place/detail?uid=6bcd973008289c9440ab9aaa&output=html&source=placeapi_v2', 37, NULL, -1, 49, 'http://api.map.baidu.com/place/detail?uid=6bcd973008289c9440ab9aaa&output=html&source=placeapi_v2', 0, 0, 3.5, -1, -1, 0, -1, 47, 5, 25, 2.7, NULL, -1, -1, '6bcd973008289c9440ab9aaa', NULL, NULL, NULL, NULL),
(86, '2015-05-08 22:48:40', '东城区崇文门西花市大街65号（紧挨华尔街英语）', '116.42809,39.90307', '2015-05-08 22:48:40', 39.9030685424805, 116.428092956543, '杨国福麻辣烫', '(010)87188356', 'http://api.map.baidu.com/place/detail?uid=1c7f8bea0095b05ac61b751a&output=html&source=placeapi_v2', 37, NULL, -1, 26, 'http://api.map.baidu.com/place/detail?uid=1c7f8bea0095b05ac61b751a&output=html&source=placeapi_v2', 0, 0, 0, -1, -1, 8, -1, 32, 5, -1, 0, NULL, -1, -1, '1c7f8bea0095b05ac61b751a', NULL, NULL, NULL, NULL),
(87, '2015-05-08 22:48:40', '北京市西城区西外大街德宝新园丁20号(华堂大厦对面)', '116.35353,39.94525', '2015-05-08 22:48:40', 39.9452514648438, 116.353530883789, '健将一品粥(西直门店)', '(010)88382682,88380817', 'http://api.map.baidu.com/place/detail?uid=a12baa4094d12e4fe956faa2&output=html&source=placeapi_v2', 37, NULL, -1, 106, 'http://api.map.baidu.com/place/detail?uid=a12baa4094d12e4fe956faa2&output=html&source=placeapi_v2', 0, 0, 2.5, -1, -1, 2, -1, 88, 5, 28, 2.3, NULL, -1, -1, 'a12baa4094d12e4fe956faa2', NULL, NULL, NULL, NULL),
(88, '2015-05-08 22:48:40', '北京市海淀区魏公村小区16号', '116.32361,39.96', '2015-05-08 22:48:40', 39.9599990844727, 116.323608398438, '健将一品粥(民大店)', '010-68484603', 'http://api.map.baidu.com/place/detail?uid=108b1cea97f30ab53486f4a2&output=html&source=placeapi_v2', 37, NULL, -1, 324, 'http://api.map.baidu.com/place/detail?uid=108b1cea97f30ab53486f4a2&output=html&source=placeapi_v2', 0, 0, 3.5, -1, -1, 2, -1, 93, 4.1, 28, 2.2, NULL, -1, -1, '108b1cea97f30ab53486f4a2', NULL, NULL, NULL, NULL),
(89, '2015-05-08 22:48:40', '南草场街11号路桔子汉庭酒店1层', '116.37043,39.9449', '2015-05-08 22:48:40', 39.9449005126953, 116.370429992676, '嘉和一品南草场店', '(010)66562307,4007001008', 'http://api.map.baidu.com/place/detail?uid=8142146ae5b8ec209fec2b7f&output=html&source=placeapi_v2', 37, NULL, -1, 194, 'http://api.map.baidu.com/place/detail?uid=8142146ae5b8ec209fec2b7f&output=html&source=placeapi_v2', 0, 0, 3.5, -1, -1, 0, -1, 53, 5, 34, 3.4, NULL, -1, -1, '8142146ae5b8ec209fec2b7f', NULL, NULL, NULL, NULL),
(90, '2015-05-08 22:48:41', '石景山区地铁1号线古城站B出口北侧(石景山区石景山路39号(近古城地铁站))', '116.1979,39.91368', '2015-05-08 22:48:41', 39.9136810302734, 116.197898864746, '健将一品粥(石景山古城店)', '(010)57164028', 'http://api.map.baidu.com/place/detail?uid=e90ac3adc5f74d748936eef3&output=html&source=placeapi_v2', 37, NULL, -1, 199, 'http://api.map.baidu.com/place/detail?uid=e90ac3adc5f74d748936eef3&output=html&source=placeapi_v2', 0, 0, 2.3, -1, -1, 2, -1, 85, 5, 28, 1.5, NULL, -1, -1, 'e90ac3adc5f74d748936eef3', NULL, NULL, NULL, NULL),
(91, '2015-05-08 22:48:41', '北京市丰台区政馨园三区5', '116.43728,39.85133', '2015-05-08 22:48:41', 39.8513298034668, 116.437278747559, '嘉和一品粥(宋家庄店)', '(010)87686159,4007001008', 'http://api.map.baidu.com/place/detail?uid=101bc61b7f0ce8bac52ba1f3&output=html&source=placeapi_v2', 37, NULL, -1, 380, 'http://api.map.baidu.com/place/detail?uid=101bc61b7f0ce8bac52ba1f3&output=html&source=placeapi_v2', 0, 0, 4, -1, -1, 0, -1, 110, 4.2, 27, 2.5, NULL, -1, -1, '101bc61b7f0ce8bac52ba1f3', NULL, NULL, NULL, NULL),
(92, '2015-05-08 22:48:41', '新源里街18号楼一层', '116.46144,39.957096', '2015-05-08 22:48:41', 39.9570960998535, 116.461441040039, '李先生(新源里店)', '010-64655018', 'http://api.map.baidu.com/place/detail?uid=606289fdbc5bc054a20464c3&output=html&source=placeapi_v2', 37, NULL, -1, 71, 'http://api.map.baidu.com/place/detail?uid=606289fdbc5bc054a20464c3&output=html&source=placeapi_v2', 0, 0, 3.2, -1, -1, 0, -1, 48, 5, 28, 4.4, NULL, -1, -1, '606289fdbc5bc054a20464c3', NULL, NULL, NULL, NULL),
(93, '2015-05-08 22:48:41', '北京市海淀区学清路甲8号商业广场2号楼一、二层1号', '116.36184,40.014233', '2015-05-08 22:48:41', 40.014232635498, 116.361839294434, '嘉和一品粥(学清路店)', '(010)82755291', 'http://api.map.baidu.com/place/detail?uid=101bc61b418696bac42ba175&output=html&source=placeapi_v2', 37, NULL, -1, 308, 'http://api.map.baidu.com/place/detail?uid=101bc61b418696bac42ba175&output=html&source=placeapi_v2', 0, 0, 2.5, -1, -1, 0, -1, 91, 5, 28, 2.1, NULL, -1, -1, '101bc61b418696bac42ba175', NULL, NULL, NULL, NULL),
(94, '2015-05-08 22:48:42', '西城区西单十字路口南100米路西宣武门内大街临1号(光大银行)', '116.380264,39.910713', '2015-05-08 22:48:42', 39.9107131958008, 116.380264282227, '京川婆婆骨汤麻辣烫(西单店)', '18513542728,13522236125', 'http://api.map.baidu.com/place/detail?uid=2d86571de2dfc4a69b68b4b9&output=html&source=placeapi_v2', 37, NULL, -1, 99, 'http://api.map.baidu.com/place/detail?uid=2d86571de2dfc4a69b68b4b9&output=html&source=placeapi_v2', 0, 0, 1, -1, -1, 1, -1, 52, 5, 28, 1, NULL, -1, -1, '2d86571de2dfc4a69b68b4b9', NULL, NULL, NULL, NULL),
(95, '2015-05-08 22:48:43', '北京市东城区西花市大街132号', '116.42615,39.903088', '2015-05-08 22:48:43', 39.9030876159668, 116.426147460938, '李先生(西花市大街店)', '010-67181529', 'http://api.map.baidu.com/place/detail?uid=25ec69fcf4b2a364c26c144f&output=html&source=placeapi_v2', 37, NULL, -1, 96, 'http://api.map.baidu.com/place/detail?uid=25ec69fcf4b2a364c26c144f&output=html&source=placeapi_v2', 0, 0, 3.8, -1, -1, 1, -1, 182, 5, 27, 3.8, NULL, -1, -1, '25ec69fcf4b2a364c26c144f', NULL, NULL, NULL, NULL),
(96, '2015-05-08 22:48:43', '北京市朝阳区东三环中路39号建外SOHO东区8号楼建外SOHO8号楼1层', '116.46489,39.91148', '2015-05-08 22:48:43', 39.9114799499512, 116.464889526367, '杨国福麻辣烫(国贸建外店)', '(010)58692479,13911365432', 'http://api.map.baidu.com/place/detail?uid=52842fbdb7e7f91d704b8739&output=html&source=placeapi_v2', 37, NULL, -1, 110, 'http://api.map.baidu.com/place/detail?uid=52842fbdb7e7f91d704b8739&output=html&source=placeapi_v2', 0, 0, 3.2, -1, -1, 0, -1, 163, 4, 27, 3.2, NULL, -1, -1, '52842fbdb7e7f91d704b8739', NULL, NULL, NULL, NULL),
(97, '2015-05-08 22:48:43', '北京市西城区阜成门内大街339号附近', '116.36427,39.929665', '2015-05-08 22:48:43', 39.9296646118164, 116.364273071289, '养亿人麻辣烫阜成门店', '13716707016', 'http://api.map.baidu.com/place/detail?uid=355aa84d0bb81e3d72210b03&output=html&source=placeapi_v2', 37, NULL, -1, 102, 'http://api.map.baidu.com/place/detail?uid=355aa84d0bb81e3d72210b03&output=html&source=placeapi_v2', 0, 0, 2.2, -1, -1, 2, -1, 85, 5, 26, 2.9, NULL, -1, -1, '355aa84d0bb81e3d72210b03', NULL, NULL, NULL, NULL),
(98, '2015-05-08 22:48:44', '北京丰台区小铁匠路89排1号刘家窑地铁站A出口(近芳群公寓)', '116.4268,39.863777', '2015-05-08 22:48:44', 39.8637771606445, 116.426803588867, '杨国福麻辣烫(刘家窑地铁站店)', '13466347617', 'http://api.map.baidu.com/place/detail?uid=01328ba12553b433dbd891c3&output=html&source=placeapi_v2', 37, NULL, -1, 44, 'http://api.map.baidu.com/place/detail?uid=01328ba12553b433dbd891c3&output=html&source=placeapi_v2', 0, 0, 3.1, -1, -1, 0, -1, 31, 5, 30, 3, NULL, -1, -1, '01328ba12553b433dbd891c3', NULL, NULL, NULL, NULL),
(99, '2015-05-08 22:48:44', '北京通州区乔庄北街226号二层（鑫隆市场南门对面）', '116.68592,39.90084', '2015-05-08 22:48:44', 39.9008407592773, 116.685920715332, '杨国福麻辣烫(乔庄店)', '18601011432', 'http://api.map.baidu.com/place/detail?uid=d4208ef62cae6ca92e4733fe&output=html&source=placeapi_v2', 37, NULL, -1, 92, 'http://api.map.baidu.com/place/detail?uid=d4208ef62cae6ca92e4733fe&output=html&source=placeapi_v2', 0, 0, 2.7, -1, -1, 2, -1, 49, 4.4, 19, 2.4, NULL, -1, -1, 'd4208ef62cae6ca92e4733fe', NULL, NULL, NULL, NULL),
(100, '2015-05-08 22:48:45', '吴家场路1号悦邻百姓生活服务广场项目1楼', '116.31418,39.900085', '2015-05-08 22:48:45', 39.9000854492188, 116.314178466797, '新百味饺子馆', '010-57394666', 'http://api.map.baidu.com/place/detail?uid=8a95a05e7a4deea86e20b9f8&output=html&source=placeapi_v2', 37, NULL, -1, 34, 'http://api.map.baidu.com/place/detail?uid=8a95a05e7a4deea86e20b9f8&output=html&source=placeapi_v2', 0, 0, 3.8, -1, -1, 1, -1, 68, 4.1, 41, 3.7, NULL, -1, -1, '8a95a05e7a4deea86e20b9f8', NULL, NULL, NULL, NULL),
(101, '2015-05-08 22:48:45', '西城区广义街7号（乐凯大厦底商）(乐凯大厦、广义大厦、必胜客)', '116.363,39.896275', '2015-05-08 22:48:45', 39.8962745666504, 116.362998962402, '万记麻辣烫(广安门店)', '(010)52365160', 'http://api.map.baidu.com/place/detail?uid=7aba9c67fff3ab442b3a9f42&output=html&source=placeapi_v2', 37, NULL, -1, 75, 'http://api.map.baidu.com/place/detail?uid=7aba9c67fff3ab442b3a9f42&output=html&source=placeapi_v2', 0, 0, 3.75, -1, -1, 0, -1, 85, 5, 29, 3.8, NULL, -1, -1, '7aba9c67fff3ab442b3a9f42', NULL, NULL, NULL, NULL),
(102, '2015-05-08 22:48:46', '北京市石景山区石景山路22号', '116.22599,39.912144', '2015-05-08 22:48:46', 39.9121437072754, 116.22599029541, '眉州东坡酒楼(石景山店)', '010-59683388，010-59683325', 'http://api.map.baidu.com/place/detail?uid=2a7a25ec4a08e47a6c3e1bc4&output=html&source=placeapi_v2', 37, NULL, -1, 1411, 'http://api.map.baidu.com/place/detail?uid=2a7a25ec4a08e47a6c3e1bc4&output=html&source=placeapi_v2', 0, 0, 3.6, -1, -1, 0, -1, 1013, 4.1, 79, 2.8, NULL, -1, -1, '2a7a25ec4a08e47a6c3e1bc4', NULL, NULL, NULL, NULL),
(103, '2015-05-08 22:48:46', '朝阳区双井街道天之骄子东柏街5号东(近地铁十号线双井站乐成中心口)', '116.47059,39.90111', '2015-05-08 22:48:46', 39.9011116027832, 116.470588684082, '杨国福麻辣烫', '13704325579', 'http://api.map.baidu.com/place/detail?uid=792fec8c830e9aaa00ff2dba&output=html&source=placeapi_v2', 37, NULL, -1, 88, 'http://api.map.baidu.com/place/detail?uid=792fec8c830e9aaa00ff2dba&output=html&source=placeapi_v2', 0, 0, 3.7, -1, -1, 4, -1, 105, 4.5, 23, 3.9, NULL, -1, -1, '792fec8c830e9aaa00ff2dba', NULL, NULL, NULL, NULL),
(104, '2015-05-08 22:48:47', '海淀区地铁13号线（近味多美）(上地地铁站)', '116.32556,40.038624', '2015-05-08 22:48:47', 40.0386238098144, 116.325561523438, '杨国福麻辣烫(上地城铁店)', '13911459247', 'http://api.map.baidu.com/place/detail?uid=73cfac97b4a72fec25d2bb1a&output=html&source=placeapi_v2', 37, NULL, -1, 99, 'http://api.map.baidu.com/place/detail?uid=73cfac97b4a72fec25d2bb1a&output=html&source=placeapi_v2', 0, 0, 2, -1, -1, 2, -1, 37, 5, 23, 2, NULL, -1, -1, '73cfac97b4a72fec25d2bb1a', NULL, NULL, NULL, NULL),
(105, '2015-05-08 22:48:47', '丰台区丰台北路华堂商场西侧81号', '116.29926,39.87315', '2015-05-08 22:48:47', 39.8731498718262, 116.299263000488, '张亮麻辣烫', '13341027317', 'http://api.map.baidu.com/place/detail?uid=2ad56c7dab730a5f4e776e0e&output=html&source=placeapi_v2', 37, NULL, -1, 61, 'http://api.map.baidu.com/place/detail?uid=2ad56c7dab730a5f4e776e0e&output=html&source=placeapi_v2', 0, 0, 4.2, -1, -1, 0, -1, 26, 4.5, 22, 4.15, NULL, -1, -1, '2ad56c7dab730a5f4e776e0e', NULL, NULL, NULL, NULL),
(106, '2015-05-08 22:48:47', '惠新东街11号紫光大厦南侧巷子里（对外经贸大学西门对面）', '116.429504,39.986877', '2015-05-08 22:48:47', 39.9868774414062, 116.429504394531, '猛虎下山', '13581861513', 'http://api.map.baidu.com/place/detail?uid=8a3d26cf76e088c7de1e52dd&output=html&source=placeapi_v2', 37, NULL, -1, 79, 'http://api.map.baidu.com/place/detail?uid=8a3d26cf76e088c7de1e52dd&output=html&source=placeapi_v2', 0, 0, 4.5, -1, -1, 1, -1, 67, 4.6, 27, 4.45, NULL, -1, -1, '8a3d26cf76e088c7de1e52dd', NULL, NULL, NULL, NULL),
(107, '2015-05-08 22:48:47', '北京海淀区成府路35号东源大厦F二层东侧(近城铁五道口站)', '116.34344,39.99877', '2015-05-08 22:48:47', 39.9987716674805, 116.343437194824, '李先生(五道口店)', '010-62565289', 'http://api.map.baidu.com/place/detail?uid=d6df91c11ffe0573f7b9164f&output=html&source=placeapi_v2', 37, NULL, -1, 106, 'http://api.map.baidu.com/place/detail?uid=d6df91c11ffe0573f7b9164f&output=html&source=placeapi_v2', 0, 0, 3.8, -1, -1, 2, -1, 99, 5, 26, 2.8, NULL, -1, -1, 'd6df91c11ffe0573f7b9164f', NULL, NULL, NULL, NULL),
(108, '2015-05-08 22:48:48', '北京市海淀区中关村北大街水磨社区9号(近清华大学西门)', '116.32193,40.00867', '2015-05-08 22:48:48', 40.0086708068848, 116.321929931641, '陕西面馆', '13699220169', 'http://api.map.baidu.com/place/detail?uid=631c41570783f77831f71d75&output=html&source=placeapi_v2', 37, NULL, -1, 21, 'http://api.map.baidu.com/place/detail?uid=631c41570783f77831f71d75&output=html&source=placeapi_v2', 0, 0, 4, -1, -1, 0, -1, 5, 5, 28, 2, NULL, -1, -1, '631c41570783f77831f71d75', NULL, NULL, NULL, NULL),
(109, '2015-05-08 22:48:48', '西城区护国寺大街106-2(管记、魏家凉皮)', '116.38005,39.940887', '2015-05-08 22:48:48', 39.9408874511719, 116.38005065918, '杨国福麻辣烫(平安里店)', '(010)83229929', 'http://api.map.baidu.com/place/detail?uid=6ee28caccdbd5bb0cc06a46a&output=html&source=placeapi_v2', 37, NULL, -1, 63, 'http://api.map.baidu.com/place/detail?uid=6ee28caccdbd5bb0cc06a46a&output=html&source=placeapi_v2', 0, 0, 4.5, -1, -1, 0, -1, 21, 4.4, 24, 4.5, NULL, -1, -1, '6ee28caccdbd5bb0cc06a46a', NULL, NULL, NULL, NULL),
(110, '2015-05-08 22:48:48', '通州区通朝大街绿色庄园大门东侧(苏荷时代对面)', '116.65066,39.89904', '2015-05-08 22:48:48', 39.899040222168, 116.650657653809, '成都厕所串串(果园店)', '18600998080', 'http://api.map.baidu.com/place/detail?uid=f3b03fc8c7b8c964ad04571c&output=html&source=placeapi_v2', 37, NULL, -1, 129, 'http://api.map.baidu.com/place/detail?uid=f3b03fc8c7b8c964ad04571c&output=html&source=placeapi_v2', 0, 0, 1.5, -1, -1, 1, -1, 98, 3, 46, 2.5, NULL, -1, -1, 'f3b03fc8c7b8c964ad04571c', NULL, NULL, NULL, NULL),
(111, '2015-05-08 22:48:49', '朝阳区酒仙桥路15号（消防中队正对面）', '116.49842,39.978073', '2015-05-08 22:48:49', 39.9780731201172, 116.498420715332, '杨国福麻辣烫(将台路店)', '13522663401', 'http://api.map.baidu.com/place/detail?uid=21ccec4075bce92bb320a8bb&output=html&source=placeapi_v2', 37, NULL, -1, 15, 'http://api.map.baidu.com/place/detail?uid=21ccec4075bce92bb320a8bb&output=html&source=placeapi_v2', 0, 0, 3.9, -1, -1, 1, -1, 7, 5, 28, 3.65, NULL, -1, -1, '21ccec4075bce92bb320a8bb', NULL, NULL, NULL, NULL),
(112, '2015-05-08 22:48:49', '北京昌平区回龙观镇西三旗东路新龙商场西侧(好嫂子刀削面右侧)', '116.34705,40.06521', '2015-05-08 22:48:49', 40.0652084350586, 116.347053527832, '杨国福麻辣烫(西三旗店)', '13391851653,13161660008', 'http://api.map.baidu.com/place/detail?uid=4f3aaaa1c7069153eb1e972a&output=html&source=placeapi_v2', 37, NULL, -1, 67, 'http://api.map.baidu.com/place/detail?uid=4f3aaaa1c7069153eb1e972a&output=html&source=placeapi_v2', 0, 0, 3.1, -1, -1, 0, -1, 14, 5, 18, 2.2, NULL, -1, -1, '4f3aaaa1c7069153eb1e972a', NULL, NULL, NULL, NULL),
(113, '2015-05-08 22:48:49', '北京市丰台区马家堡东路88号路西大厦', '116.393105,39.860325', '2015-05-08 22:48:49', 39.8603248596191, 116.393104553223, '嘉和一品粥(洋桥店)', '010-67046289', 'http://api.map.baidu.com/place/detail?uid=3a0fbba8655796589ee321d9&output=html&source=placeapi_v2', 37, NULL, -1, 61, 'http://api.map.baidu.com/place/detail?uid=3a0fbba8655796589ee321d9&output=html&source=placeapi_v2', 0, 0, 4, -1, -1, 0, -1, 29, 4.3, 22, 3.2, NULL, -1, -1, '3a0fbba8655796589ee321d9', NULL, NULL, NULL, NULL),
(114, '2015-05-08 22:48:50', '北京人家小区北门西50米', '116.30947,40.08728', '2015-05-08 22:48:50', 40.0872802734375, 116.309471130371, '马玉涛麻辣烫', '(010)57217100', 'http://api.map.baidu.com/place/detail?uid=b98a123fdc4250798f1a8922&output=html&source=placeapi_v2', 37, NULL, -1, 13, 'http://api.map.baidu.com/place/detail?uid=b98a123fdc4250798f1a8922&output=html&source=placeapi_v2', 0, 0, 0, -1, -1, 0, -1, 16, 4.6, -1, 0, NULL, -1, -1, 'b98a123fdc4250798f1a8922', NULL, NULL, NULL, NULL),
(115, '2015-05-08 22:48:50', '丰台区马家堡西路32号院2号楼名都家苑底商(公益西桥地铁站B口出直走200米，右转进胡同，创辉地产旁)', '116.37814,39.845875', '2015-05-08 22:48:50', 39.845874786377, 116.378143310547, '张亮麻辣烫(马家堡店)', '13269646263', 'http://api.map.baidu.com/place/detail?uid=718d13d5fdb4dc2102897259&output=html&source=placeapi_v2', 37, NULL, -1, 70, 'http://api.map.baidu.com/place/detail?uid=718d13d5fdb4dc2102897259&output=html&source=placeapi_v2', 0, 0, 2.9, -1, -1, 1, -1, 30, 4, 20, 4, NULL, -1, -1, '718d13d5fdb4dc2102897259', NULL, NULL, NULL, NULL),
(116, '2015-05-08 22:48:51', '房山区拱辰大街昊天广场天顺美食城1楼1号底商(华冠中心东门)', '116.14744,39.74122', '2015-05-08 22:48:51', 39.7412185668945, 116.147438049316, '杨国福麻辣烫(良乡楸树街店)', '18600028180,13811667907', 'http://api.map.baidu.com/place/detail?uid=38d57c08a5a2ad2b97ec846d&output=html&source=placeapi_v2', 37, NULL, -1, 290, 'http://api.map.baidu.com/place/detail?uid=38d57c08a5a2ad2b97ec846d&output=html&source=placeapi_v2', 0, 0, 3.3, -1, -1, 3, -1, 216, 4.6, 25, 4, NULL, -1, -1, '38d57c08a5a2ad2b97ec846d', NULL, NULL, NULL, NULL);
INSERT INTO `shop` (`id`, `addDate`, `address`, `gps`, `lastDate`, `latitude`, `longitude`, `name`, `phone`, `website`, `areaid`, `userid`, `checkin_num`, `comment_num`, `detail_url`, `discount_num`, `distance`, `environment_rating`, `facility_rating`, `favorite_num`, `groupon_num`, `hygiene_rating`, `image_num`, `overall_rating`, `price`, `service_rating`, `shop_hours`, `taste_rating`, `technology_rating`, `uid`, `categoryid`, `state`, `image`, `photos`) VALUES
(117, '2015-05-08 22:48:51', '丰台东路7号（新时特广场东侧麦当劳对面）', '116.33267,39.851234', '2015-05-08 22:48:51', 39.8512344360352, 116.332672119141, '杨国福麻辣烫', '13889344835', 'http://api.map.baidu.com/place/detail?uid=8b3ef15cf523b4748e1a89f7&output=html&source=placeapi_v2', 37, NULL, -1, 19, 'http://api.map.baidu.com/place/detail?uid=8b3ef15cf523b4748e1a89f7&output=html&source=placeapi_v2', 0, 0, 3.2, -1, -1, 3, -1, 26, 4.3, 14, 3.3, NULL, -1, -1, '8b3ef15cf523b4748e1a89f7', NULL, NULL, NULL, NULL),
(118, '2015-05-08 22:48:51', '北京海淀区海淀南路13号亿方大厦2层', '116.31351,39.982193', '2015-05-08 22:48:51', 39.9821929931641, 116.313507080078, '宏状元粥店(苏州街店)', '4006007000,010-62561258', 'http://api.map.baidu.com/place/detail?uid=606289fdbcf0c054a30464a4&output=html&source=placeapi_v2', 37, NULL, -1, 68, 'http://api.map.baidu.com/place/detail?uid=606289fdbcf0c054a30464a4&output=html&source=placeapi_v2', 0, 0, 2.8, -1, -1, 1, -1, 44, 3.1, 30, 2, NULL, -1, -1, '606289fdbcf0c054a30464a4', NULL, NULL, NULL, NULL),
(119, '2015-05-08 22:48:52', '北京丰台区南三环中路小铁营10号恒松园7号楼(刘家窑桥西北角)', '116.42609,39.86375', '2015-05-08 22:48:52', 39.8637504577637, 116.426086425781, '健将一品粥(刘家窑店)', '(010)67654093,(010)59489687', 'http://api.map.baidu.com/place/detail?uid=3810c879855bdb929d09f7a2&output=html&source=placeapi_v2', 37, NULL, -1, 216, 'http://api.map.baidu.com/place/detail?uid=3810c879855bdb929d09f7a2&output=html&source=placeapi_v2', 0, 0, 2.2, -1, -1, 2, -1, 105, 5, 29, 2.8, NULL, -1, -1, '3810c879855bdb929d09f7a2', NULL, NULL, NULL, NULL),
(120, '2015-05-08 22:48:52', '朝阳区兴隆街(近民航医院)', '116.5346,39.921913', '2015-05-08 22:48:52', 39.9219131469726, 116.534599304199, '重庆小面王', '(010)85757194', 'http://api.map.baidu.com/place/detail?uid=168fbfb670cd633700ff2d39&output=html&source=placeapi_v2', 37, NULL, -1, 58, 'http://api.map.baidu.com/place/detail?uid=168fbfb670cd633700ff2d39&output=html&source=placeapi_v2', 0, 0, 3.5, -1, -1, 4, -1, 42, 4.2, 18, 4.1, NULL, -1, -1, '168fbfb670cd633700ff2d39', NULL, NULL, NULL, NULL),
(121, '2015-05-08 22:48:52', '朝阳区北京朝阳区潘家园东里18号楼底商，（兆佳商场南行50米，萨克塞思KTV对面）(萨克塞思KTV)', '116.462555,39.88655', '2015-05-08 22:48:52', 39.8865509033203, 116.462554931641, '杨国福麻辣烫(劲松店)', '13662115008', 'http://api.map.baidu.com/place/detail?uid=d2af08f9e0339cb0df1e52e5&output=html&source=placeapi_v2', 37, NULL, -1, 58, 'http://api.map.baidu.com/place/detail?uid=d2af08f9e0339cb0df1e52e5&output=html&source=placeapi_v2', 0, 0, 3.6, -1, -1, 4, -1, 32, 4.3, 17, 3.7, NULL, -1, -1, 'd2af08f9e0339cb0df1e52e5', NULL, NULL, NULL, NULL),
(122, '2015-05-08 22:48:52', '北京西城区西城区广安门外大街荣丰2008小区13号楼底商(停车场对面)', '116.34463,39.901115', '2015-05-08 22:48:52', 39.9011154174805, 116.344627380371, '烟花Town', '(010)56017575', 'http://api.map.baidu.com/place/detail?uid=a0ce1017c044b8329ce32140&output=html&source=placeapi_v2', 37, NULL, -1, 11, 'http://api.map.baidu.com/place/detail?uid=a0ce1017c044b8329ce32140&output=html&source=placeapi_v2', 0, 0, 4, -1, -1, 1, -1, 153, 4.5, 57, 4.5, NULL, -1, -1, 'a0ce1017c044b8329ce32140', NULL, NULL, NULL, NULL),
(123, '2015-05-08 22:48:53', '北京丰台区角门路14号院15号楼', '116.38361,39.84602', '2015-05-08 22:48:53', 39.846019744873, 116.383613586426, '杨国福麻辣小吃', '13161611320', 'http://api.map.baidu.com/place/detail?uid=0ec07bfaba7ecb24095cb30c&output=html&source=placeapi_v2', 37, NULL, -1, 77, 'http://api.map.baidu.com/place/detail?uid=0ec07bfaba7ecb24095cb30c&output=html&source=placeapi_v2', 0, 0, 3.5, -1, -1, 0, -1, 94, 4.2, 19, 3.1, NULL, -1, -1, '0ec07bfaba7ecb24095cb30c', NULL, NULL, NULL, NULL),
(124, '2015-05-08 22:48:53', '东城区灯市口大街25号(近链家地产)', '116.42245,39.92513', '2015-05-08 22:48:53', 39.9251289367676, 116.42244720459, '大粥锅(灯市口店)', '(010)65288753,13269672956', 'http://api.map.baidu.com/place/detail?uid=6deee308fe08cd7328fc48bb&output=html&source=placeapi_v2', 37, NULL, -1, 129, 'http://api.map.baidu.com/place/detail?uid=6deee308fe08cd7328fc48bb&output=html&source=placeapi_v2', 0, 0, 3, -1, -1, 0, -1, 143, 5, 29, 1.6, NULL, -1, -1, '6deee308fe08cd7328fc48bb', NULL, NULL, NULL, NULL),
(125, '2015-05-08 22:48:53', '松榆南路36号（近海碗居老北京炸酱面）', '116.481186,39.876682', '2015-05-08 22:48:53', 39.8766822814941, 116.481185913086, '健将一品粥(松榆东里店)', '(010)56154999,(010)87319563', 'http://api.map.baidu.com/place/detail?uid=993ad487c3d1a128a11de913&output=html&source=placeapi_v2', 37, NULL, -1, 150, 'http://api.map.baidu.com/place/detail?uid=993ad487c3d1a128a11de913&output=html&source=placeapi_v2', 0, 0, 3.2, -1, -1, 2, -1, 100, 5, 27, 3.2, NULL, -1, -1, '993ad487c3d1a128a11de913', NULL, NULL, NULL, NULL),
(126, '2015-05-08 22:48:54', '海淀区阜成路北三街工商大学西门(肯德基)', '116.32296,39.930412', '2015-05-08 22:48:54', 39.9304122924805, 116.322959899902, '杨国福麻辣烫', NULL, 'http://api.map.baidu.com/place/detail?uid=4d46a9c09f1220e33686f4fb&output=html&source=placeapi_v2', 37, NULL, -1, 40, 'http://api.map.baidu.com/place/detail?uid=4d46a9c09f1220e33686f4fb&output=html&source=placeapi_v2', 0, 0, 3.5, -1, -1, 0, -1, 19, 5, 26, 3.35, NULL, -1, -1, '4d46a9c09f1220e33686f4fb', NULL, NULL, NULL, NULL),
(127, '2015-05-08 22:48:54', '北京海淀区双泉堡甲68号底商北沙滩桥西300米北行80米', '116.37189,40.0081', '2015-05-08 22:48:54', 40.0080986022949, 116.371887207031, '张亮麻辣烫(双泉堡店)', '13671302103', 'http://api.map.baidu.com/place/detail?uid=45b3df47556dc1d4ae0457ff&output=html&source=placeapi_v2', 37, NULL, -1, 22, 'http://api.map.baidu.com/place/detail?uid=45b3df47556dc1d4ae0457ff&output=html&source=placeapi_v2', 0, 0, 3.5, -1, -1, 0, -1, 39, 5, 6, 3.4, NULL, -1, -1, '45b3df47556dc1d4ae0457ff', NULL, NULL, NULL, NULL),
(128, '2015-05-08 22:48:54', '雍和宫大街163号', '116.42589,39.947395', '2015-05-08 22:48:54', 39.947395324707, 116.425888061523, '手擀面', '(010)64035476', 'http://api.map.baidu.com/place/detail?uid=81d6a509be0e3a596e20b9c4&output=html&source=placeapi_v2', 37, NULL, -1, 34, 'http://api.map.baidu.com/place/detail?uid=81d6a509be0e3a596e20b9c4&output=html&source=placeapi_v2', 0, 0, 4, -1, -1, 0, -1, 56, 5, 43, 1.7, NULL, -1, -1, '81d6a509be0e3a596e20b9c4', NULL, NULL, NULL, NULL),
(129, '2015-05-08 22:48:55', '北京东城区王府井东安门大街(南河沿大街东)', '116.415955,39.921967', '2015-05-08 22:48:55', 39.9219665527344, 116.415954589844, '东华门美食坊夜市', NULL, 'http://api.map.baidu.com/place/detail?uid=f2c5720a590adff0f82d6119&output=html&source=placeapi_v2', 37, NULL, -1, 122, 'http://api.map.baidu.com/place/detail?uid=f2c5720a590adff0f82d6119&output=html&source=placeapi_v2', 0, 0, 1.8, -1, -1, 0, -1, 440, 5, 50, 3.1, NULL, -1, -1, 'f2c5720a590adff0f82d6119', NULL, NULL, NULL, NULL),
(130, '2015-05-08 22:48:55', '北京海淀区知春路102号(近老刘家)', '116.33098,39.981663', '2015-05-08 22:48:55', 39.9816627502441, 116.330978393555, '大粥锅(知春路店)', '(010)62610770', 'http://api.map.baidu.com/place/detail?uid=06d2dffdaf02b6ef89f15dbb&output=html&source=placeapi_v2', 37, NULL, -1, 73, 'http://api.map.baidu.com/place/detail?uid=06d2dffdaf02b6ef89f15dbb&output=html&source=placeapi_v2', 0, 0, 3.1, -1, -1, 3, -1, 136, 5, 28, 2.1, NULL, -1, -1, '06d2dffdaf02b6ef89f15dbb', NULL, NULL, NULL, NULL),
(131, '2015-05-08 22:48:55', '后沙峪安富路8号院1号楼101-1（江山赋小区底商）', '116.561485,40.118412', '2015-05-08 22:48:55', 40.1184120178223, 116.561485290527, '东方宫中国兰州牛肉拉面(后沙峪店)', '(010)61438433', 'http://api.map.baidu.com/place/detail?uid=c1be4a78125d3bf8be48424f&output=html&source=placeapi_v2', 37, NULL, -1, 50, 'http://api.map.baidu.com/place/detail?uid=c1be4a78125d3bf8be48424f&output=html&source=placeapi_v2', 0, 0, 4.1, -1, -1, 4, -1, 23, 4.4, -1, 4.15, NULL, -1, -1, 'c1be4a78125d3bf8be48424f', NULL, NULL, NULL, NULL),
(132, '2015-05-08 22:48:55', '北京海淀区常润路与东冉北街交叉口南50米', '116.27304,39.962414', '2015-05-08 22:48:55', 39.9624137878418, 116.273040771484, '老北京特香特春饼店', '(010)88452320', 'http://api.map.baidu.com/place/detail?uid=eef2d5286fdc94da3ae4a6bb&output=html&source=placeapi_v2', 37, NULL, -1, 33, 'http://api.map.baidu.com/place/detail?uid=eef2d5286fdc94da3ae4a6bb&output=html&source=placeapi_v2', 0, 0, 4.5, -1, -1, 0, -1, 44, 5, 43, 3.1, NULL, -1, -1, 'eef2d5286fdc94da3ae4a6bb', NULL, NULL, NULL, NULL),
(133, '2015-05-08 22:48:56', '兴丰大街郁花园一里商业街临25号', '116.34192,39.77951', '2015-05-08 22:48:56', 39.7795104980469, 116.341918945312, '巧大嫂刀削面(大兴店)', '13681038162', 'http://api.map.baidu.com/place/detail?uid=4cf8d24e4d2032fd9cf7792d&output=html&source=placeapi_v2', 37, NULL, -1, 57, 'http://api.map.baidu.com/place/detail?uid=4cf8d24e4d2032fd9cf7792d&output=html&source=placeapi_v2', 0, 0, 3.6, -1, -1, 3, -1, 19, 5, 20, 4.2, NULL, -1, -1, '4cf8d24e4d2032fd9cf7792d', NULL, NULL, NULL, NULL),
(134, '2015-05-08 22:48:56', '北京市朝阳区百子湾路16号', '116.492645,39.906727', '2015-05-08 22:48:56', 39.9067268371582, 116.492645263672, '盛祥宝粥店', '(010)67758181', 'http://api.map.baidu.com/place/detail?uid=3e46d07cc94a737826d2bbd0&output=html&source=placeapi_v2', 37, NULL, -1, 25, 'http://api.map.baidu.com/place/detail?uid=3e46d07cc94a737826d2bbd0&output=html&source=placeapi_v2', 0, 0, 2.1, -1, -1, 0, -1, 27, 5, 30, 3.2, NULL, -1, -1, '3e46d07cc94a737826d2bbd0', NULL, NULL, NULL, NULL),
(135, '2015-05-08 22:48:57', '双榆树西里三街(工商银行旁)', '116.33102,39.974358', '2015-05-08 22:48:57', 39.9743576049805, 116.331016540527, '余先生麻辣烫', '(010)53370623', 'http://api.map.baidu.com/place/detail?uid=b6933151071618da82a12e39&output=html&source=placeapi_v2', 37, NULL, -1, 44, 'http://api.map.baidu.com/place/detail?uid=b6933151071618da82a12e39&output=html&source=placeapi_v2', 0, 0, 0, -1, -1, 2, -1, 74, 5, -1, 0, NULL, -1, -1, 'b6933151071618da82a12e39', NULL, NULL, NULL, NULL),
(136, '2015-05-08 22:48:57', '东三环中路39号院建外SOHO西区11栋1层1116号', '116.46186,39.910954', '2015-05-08 22:48:57', 39.9109535217285, 116.461860656738, '张亮麻辣烫(国贸店)', '18500063111', 'http://api.map.baidu.com/place/detail?uid=f12d9a9d3af0f0e3d12dd618&output=html&source=placeapi_v2', 37, NULL, -1, 26, 'http://api.map.baidu.com/place/detail?uid=f12d9a9d3af0f0e3d12dd618&output=html&source=placeapi_v2', 0, 0, 4.5, -1, -1, 0, -1, 2, 4.2, 22, 3.5, NULL, -1, -1, 'f12d9a9d3af0f0e3d12dd618', NULL, NULL, NULL, NULL),
(137, '2015-05-08 22:48:58', '北京市房山区良乡拱辰大街拱辰家园1号楼(国美电器旁)', '116.14881,39.74122', '2015-05-08 22:48:58', 39.7412185668945, 116.148811340332, '李先生加州牛肉面(良乡拱振大街店)', '(010)69377324', 'http://api.map.baidu.com/place/detail?uid=610852113a1bf0b8c41b75f5&output=html&source=placeapi_v2', 37, NULL, -1, 87, 'http://api.map.baidu.com/place/detail?uid=610852113a1bf0b8c41b75f5&output=html&source=placeapi_v2', 0, 0, 3.2, -1, -1, 2, -1, 34, 4.1, 16, 2, NULL, -1, -1, '610852113a1bf0b8c41b75f5', NULL, NULL, NULL, NULL),
(138, '2015-05-08 22:48:58', '朝阳区新源里格纳斯酒店底商108号(琨莎中心向北80米，新源里公交站)', '116.45567,39.954613', '2015-05-08 22:48:58', 39.9546127319336, 116.455673217773, '钓鱼岛吃麻辣烫', '13501133793,(010)65455811', 'http://api.map.baidu.com/place/detail?uid=4d6394b26576b7f1a2a93410&output=html&source=placeapi_v2', 37, NULL, -1, 68, 'http://api.map.baidu.com/place/detail?uid=4d6394b26576b7f1a2a93410&output=html&source=placeapi_v2', 0, 0, 4.45, -1, -1, 0, -1, 84, 4.7, 23, 4.45, NULL, -1, -1, '4d6394b26576b7f1a2a93410', NULL, NULL, NULL, NULL),
(139, '2015-05-08 22:48:58', '海淀区牡丹园花园路C2号', '116.372444,39.986774', '2015-05-08 22:48:58', 39.9867744445801, 116.372444152832, '养亿人麻辣烫牡丹园店', '(010)57289536', 'http://api.map.baidu.com/place/detail?uid=3743ed1b29b364750c0e6b00&output=html&source=placeapi_v2', 37, NULL, -1, 72, 'http://api.map.baidu.com/place/detail?uid=3743ed1b29b364750c0e6b00&output=html&source=placeapi_v2', 0, 0, 3.2, -1, -1, 2, -1, 83, 5, 22, 3.3, NULL, -1, -1, '3743ed1b29b364750c0e6b00', NULL, NULL, NULL, NULL),
(140, '2015-05-08 22:48:58', '西城区复兴门内大街45号(中国银行总行西门旁)', '116.377884,39.914696', '2015-05-08 22:48:58', 39.9146957397461, 116.377883911133, '禧元堂粥府(西单店)', '(010)66016813', 'http://api.map.baidu.com/place/detail?uid=50f7d1468dc2fedd73210b97&output=html&source=placeapi_v2', 37, NULL, -1, 90, 'http://api.map.baidu.com/place/detail?uid=50f7d1468dc2fedd73210b97&output=html&source=placeapi_v2', 0, 0, 2.9, -1, -1, 0, -1, 162, 5, 27, 2.5, NULL, -1, -1, '50f7d1468dc2fedd73210b97', NULL, NULL, NULL, NULL),
(141, '2015-05-08 22:48:59', '朝阳区太阳宫南街金星园四号楼底商207', '116.46288,39.972538', '2015-05-08 22:48:59', 39.9725379943848, 116.462882995605, '粥公粥婆(金星园店)', '(010)52087690', 'http://api.map.baidu.com/place/detail?uid=0ed20a15405a938e57bfff06&output=html&source=placeapi_v2', 37, NULL, -1, 97, 'http://api.map.baidu.com/place/detail?uid=0ed20a15405a938e57bfff06&output=html&source=placeapi_v2', 0, 0, 3.4, -1, -1, 0, -1, 139, 5, 34, 3, NULL, -1, -1, '0ed20a15405a938e57bfff06', NULL, NULL, NULL, NULL),
(142, '2015-05-08 22:48:59', '北京市西城区背阴胡同甲34号(西单商场北门胡同内丁字路口北)', '116.38237,39.91905', '2015-05-08 22:48:59', 39.9190483093262, 116.382369995117, '郭记麻辣烫', '15117986001', 'http://api.map.baidu.com/place/detail?uid=0dc3d82da6db477574e5b6ac&output=html&source=placeapi_v2', 37, NULL, -1, 71, 'http://api.map.baidu.com/place/detail?uid=0dc3d82da6db477574e5b6ac&output=html&source=placeapi_v2', 0, 0, 3.2, -1, -1, 0, -1, 49, 4.1, 22, 3.6, NULL, -1, -1, '0dc3d82da6db477574e5b6ac', NULL, NULL, NULL, NULL),
(143, '2015-05-08 22:48:59', '海淀区学院路弘彧大厦院内(高氏麻辣烫对面)', '116.357346,40.006058', '2015-05-08 22:48:59', 40.0060577392578, 116.357345581055, '京川婆婆骨汤麻辣烫(五道口店)', '13121831257', 'http://api.map.baidu.com/place/detail?uid=43f3f5b2df68fbc9b6147f74&output=html&source=placeapi_v2', 37, NULL, -1, 117, 'http://api.map.baidu.com/place/detail?uid=43f3f5b2df68fbc9b6147f74&output=html&source=placeapi_v2', 0, 0, 1, -1, -1, 2, -1, 34, 4.3, 19, 1, NULL, -1, -1, '43f3f5b2df68fbc9b6147f74', NULL, NULL, NULL, NULL),
(144, '2015-05-08 22:49:00', '海淀区魏公村小区29号楼1层(东北骨头庄旁边，超市发对面。)', '116.32594,39.96079', '2015-05-08 22:49:00', 39.9607887268066, 116.325942993164, '张亮麻辣烫(魏公村店)', '(010)88578967', 'http://api.map.baidu.com/place/detail?uid=b4a30ab80a97706f41d63e36&output=html&source=placeapi_v2', 37, NULL, -1, 25, 'http://api.map.baidu.com/place/detail?uid=b4a30ab80a97706f41d63e36&output=html&source=placeapi_v2', 0, 0, 2.4, -1, -1, 0, -1, 22, 5, 19, 1.6, NULL, -1, -1, 'b4a30ab80a97706f41d63e36', NULL, NULL, NULL, NULL),
(145, '2015-05-08 22:49:00', '北京昌平区天通苑东三区(近苏宁电器南200米)', '116.443436,40.077232', '2015-05-08 22:49:00', 40.0772323608398, 116.443435668945, '杨国福麻辣烫(天通东苑店)', '13522889066', 'http://api.map.baidu.com/place/detail?uid=83d58b786bb962f786420e8c&output=html&source=placeapi_v2', 37, NULL, -1, 21, 'http://api.map.baidu.com/place/detail?uid=83d58b786bb962f786420e8c&output=html&source=placeapi_v2', 0, 0, 4, -1, -1, 0, -1, 6, 5, 26, 4.5, NULL, -1, -1, '83d58b786bb962f786420e8c', NULL, NULL, NULL, NULL),
(146, '2015-05-08 22:49:00', '北京朝阳区霄云路35号近现代汽车大厦', '116.46847,39.96221', '2015-05-08 22:49:00', 39.9622116088867, 116.468467712402, '大粥锅(霄云路店)', '(010)64631389,(010)64628184', 'http://api.map.baidu.com/place/detail?uid=4642844a924ef3c0c8fa5fbb&output=html&source=placeapi_v2', 37, NULL, -1, 154, 'http://api.map.baidu.com/place/detail?uid=4642844a924ef3c0c8fa5fbb&output=html&source=placeapi_v2', 0, 0, 2.8, -1, -1, 0, -1, 201, 5, 32, 2, NULL, -1, -1, '4642844a924ef3c0c8fa5fbb', NULL, NULL, NULL, NULL),
(147, '2015-05-08 22:49:00', '万柳中路35号蜂鸟小区2号商业楼1楼', '116.30423,39.970665', '2015-05-08 22:49:00', 39.9706649780274, 116.304229736328, '宏状元粥店(万柳店)', '(010)68433483,(010)82860252', 'http://api.map.baidu.com/place/detail?uid=f633606ae42315570b69d9c5&output=html&source=placeapi_v2', 37, NULL, -1, 225, 'http://api.map.baidu.com/place/detail?uid=f633606ae42315570b69d9c5&output=html&source=placeapi_v2', 0, 0, 2.8, -1, -1, 1, -1, 82, 3.5, 35, 3.1, NULL, -1, -1, 'f633606ae42315570b69d9c5', NULL, NULL, NULL, NULL),
(148, '2015-05-08 22:49:01', '东坝中路朝新嘉园六区底商', '116.56298,39.95788', '2015-05-08 22:49:01', 39.957878112793, 116.562980651855, '松花江饺子粗粮菜馆', '15010010701', 'http://api.map.baidu.com/place/detail?uid=c5957b7ee6cec30ac42ba189&output=html&source=placeapi_v2', 37, NULL, -1, 26, 'http://api.map.baidu.com/place/detail?uid=c5957b7ee6cec30ac42ba189&output=html&source=placeapi_v2', 0, 0, 3.4, -1, -1, 4, -1, 31, 5, 34, 3, NULL, -1, -1, 'c5957b7ee6cec30ac42ba189', NULL, NULL, NULL, NULL),
(149, '2015-05-08 22:49:01', '北京朝阳区中国传媒大学西门定福庄残街(近春鹏烤翅)', '116.55863,39.91864', '2015-05-08 22:49:01', 39.9186401367187, 116.558631896973, '杨国福麻辣烫(传媒大学店)', '(010)65796155', 'http://api.map.baidu.com/place/detail?uid=2d0feb1a8691af09d42ce2ce&output=html&source=placeapi_v2', 37, NULL, -1, 91, 'http://api.map.baidu.com/place/detail?uid=2d0feb1a8691af09d42ce2ce&output=html&source=placeapi_v2', 0, 0, 4.5, -1, -1, 0, -1, 61, 4.5, 22, 4, NULL, -1, -1, '2d0feb1a8691af09d42ce2ce', NULL, NULL, NULL, NULL),
(150, '2015-05-08 22:49:01', '云景东路与云景南大街交叉口以北100米路西（青年餐厅对面链家地产往南30米）', '116.671585,39.882812', '2015-05-08 22:49:01', 39.8828125, 116.671585083008, '杨国福麻辣烫(云景东路店)', '18345338361', 'http://api.map.baidu.com/place/detail?uid=a332d8a87f0342934c3a5948&output=html&source=placeapi_v2', 37, NULL, -1, 70, 'http://api.map.baidu.com/place/detail?uid=a332d8a87f0342934c3a5948&output=html&source=placeapi_v2', 0, 0, 0, -1, -1, 2, -1, 28, 4.5, -1, 0, NULL, -1, -1, 'a332d8a87f0342934c3a5948', NULL, NULL, NULL, NULL),
(151, '2015-05-08 22:49:01', '北京昌平区政府街酒厂综合楼9号（权金城对面）', '116.231995,40.225773', '2015-05-08 22:49:01', 40.225772857666, 116.231994628906, '昌平第一家特色麻辣烫', '13126641980', 'http://api.map.baidu.com/place/detail?uid=c936f04fc9c8f6ebe31103bd&output=html&source=placeapi_v2', 37, NULL, -1, 36, 'http://api.map.baidu.com/place/detail?uid=c936f04fc9c8f6ebe31103bd&output=html&source=placeapi_v2', 0, 0, 3, -1, -1, 2, -1, 38, 4.8, 10, 2.5, NULL, -1, -1, 'c936f04fc9c8f6ebe31103bd', NULL, NULL, NULL, NULL),
(152, '2015-05-08 22:49:02', '海淀区西土城路蓟门里小区东区(菜市场对面)', '116.35822,39.97614', '2015-05-08 22:49:02', 39.9761390686035, 116.358222961426, '养亿人麻辣烫蓟门桥店', '(010)57289362', 'http://api.map.baidu.com/place/detail?uid=6f22ba03fe32668f246e98cb&output=html&source=placeapi_v2', 37, NULL, -1, 96, 'http://api.map.baidu.com/place/detail?uid=6f22ba03fe32668f246e98cb&output=html&source=placeapi_v2', 0, 0, 2.4, -1, -1, 2, -1, 88, 5, 24, 2.5, NULL, -1, -1, '6f22ba03fe32668f246e98cb', NULL, NULL, NULL, NULL),
(153, '2015-05-08 22:49:02', '西城区西直门外大街丙51号(德保饭店。西直门桥)', '116.356285,39.94595', '2015-05-08 22:49:02', 39.9459495544434, 116.356285095215, '张亮麻辣烫(西直门店)', '13949155591', 'http://api.map.baidu.com/place/detail?uid=63554daf9ba67a68a11de9a8&output=html&source=placeapi_v2', 37, NULL, -1, 13, 'http://api.map.baidu.com/place/detail?uid=63554daf9ba67a68a11de9a8&output=html&source=placeapi_v2', 0, 0, 4, -1, -1, 3, -1, 13, 4.5, 26, 3.7, NULL, -1, -1, '63554daf9ba67a68a11de9a8', NULL, NULL, NULL, NULL),
(154, '2015-05-08 22:49:02', '朝阳区崔各庄乡何各庄村一号地艺术园D区', '116.500336,40.049416', '2015-05-08 22:49:02', 40.0494155883789, 116.500335693359, '懒人璃墟面馆', NULL, 'http://api.map.baidu.com/place/detail?uid=d9ca9d2abb79c9843be4a607&output=html&source=placeapi_v2', 37, NULL, -1, 23, 'http://api.map.baidu.com/place/detail?uid=d9ca9d2abb79c9843be4a607&output=html&source=placeapi_v2', 0, 0, 0, -1, -1, 0, -1, 85, 4.2, -1, 0, NULL, -1, -1, 'd9ca9d2abb79c9843be4a607', NULL, NULL, NULL, NULL),
(155, '2015-05-08 22:49:03', '劲松桥北对面北京维特奥医院后面底商（华腾园西门对面）', '116.46916,39.892857', '2015-05-08 22:49:03', 39.8928565979004, 116.469161987305, '丝路伊兰中华传统兰州牛肉面(五圣路店)', '18701579276', 'http://api.map.baidu.com/place/detail?uid=ee99b40eb8248294593ac862&output=html&source=placeapi_v2', 37, NULL, -1, 69, 'http://api.map.baidu.com/place/detail?uid=ee99b40eb8248294593ac862&output=html&source=placeapi_v2', 0, 0, 4, -1, -1, 2, -1, 23, 4.3, 23, 3.95, NULL, -1, -1, 'ee99b40eb8248294593ac862', NULL, NULL, NULL, NULL),
(156, '2015-05-08 22:49:03', '北京昌平区育知东路和回龙观西大街交界口向西，路北', '116.33598,40.08338', '2015-05-08 22:49:03', 40.083381652832, 116.335983276367, '杨国福麻辣烫(龙华园社区卫生服务站东)', '18810655418', 'http://api.map.baidu.com/place/detail?uid=d9b535763450cd62e6e96504&output=html&source=placeapi_v2', 37, NULL, -1, 65, 'http://api.map.baidu.com/place/detail?uid=d9b535763450cd62e6e96504&output=html&source=placeapi_v2', 0, 0, 2.3, -1, -1, 0, -1, 21, 5, 25, 3.1, NULL, -1, -1, 'd9b535763450cd62e6e96504', NULL, NULL, NULL, NULL),
(157, '2015-05-08 22:49:03', '尚街购物中心东边80米左右', '116.52529,39.9232', '2015-05-08 22:49:03', 39.9231986999512, 116.525291442871, '张亮麻辣烫(青年路店)', '15321135878', 'http://api.map.baidu.com/place/detail?uid=32408307fac20ef4b726556f&output=html&source=placeapi_v2', 37, NULL, -1, 110, 'http://api.map.baidu.com/place/detail?uid=32408307fac20ef4b726556f&output=html&source=placeapi_v2', 0, 0, 4, -1, -1, 0, -1, 57, 4.5, 12, 4, NULL, -1, -1, '32408307fac20ef4b726556f', NULL, NULL, NULL, NULL),
(158, '2015-05-08 22:49:04', '北京海淀区新街口外大街2-14号城建大厦对面', '116.377914,39.973507', '2015-05-08 22:49:04', 39.9735069274902, 116.377914428711, '站点(北太平庄店)', '(010)62023479', 'http://api.map.baidu.com/place/detail?uid=bd5046e838c79058d62ce2e2&output=html&source=placeapi_v2', 37, NULL, -1, 655, 'http://api.map.baidu.com/place/detail?uid=bd5046e838c79058d62ce2e2&output=html&source=placeapi_v2', 0, 0, 3.5, -1, -1, 0, -1, 1373, 4.3, 76, 3, NULL, -1, -1, 'bd5046e838c79058d62ce2e2', NULL, NULL, NULL, NULL),
(159, '2015-05-08 22:49:04', '南三环光彩路155-6号', '116.42095,39.85094', '2015-05-08 22:49:04', 39.8509407043457, 116.420951843262, '杨国福麻辣烫(光彩路店)', '18600370772', 'http://api.map.baidu.com/place/detail?uid=6b8746497a871ad3d22dd694&output=html&source=placeapi_v2', 37, NULL, -1, 34, 'http://api.map.baidu.com/place/detail?uid=6b8746497a871ad3d22dd694&output=html&source=placeapi_v2', 0, 0, 3.1, -1, -1, 1, -1, 15, 4, 23, 2, NULL, -1, -1, '6b8746497a871ad3d22dd694', NULL, NULL, NULL, NULL),
(160, '2015-05-08 22:49:04', '朝阳区八里庄北里302号(恒泰大厦、石佛营路)', '116.50808,39.933765', '2015-05-08 22:49:04', 39.9337654113769, 116.508079528809, '杨国福麻辣烫', '13911365432', 'http://api.map.baidu.com/place/detail?uid=ae3a4f7a720ec18242d63e14&output=html&source=placeapi_v2', 37, NULL, -1, 51, 'http://api.map.baidu.com/place/detail?uid=ae3a4f7a720ec18242d63e14&output=html&source=placeapi_v2', 0, 0, 2, -1, -1, 0, -1, 46, 5, 27, 1, NULL, -1, -1, 'ae3a4f7a720ec18242d63e14', NULL, NULL, NULL, NULL),
(161, '2015-05-08 22:49:04', '北京海淀区颐和园路8号畅春园美食街A22号(海淀桥北)', '116.311104,39.994164', '2015-05-08 22:49:04', 39.9941635131836, 116.311103820801, '至尊麻辣烫烤吧', '18210483837,13121090666', 'http://api.map.baidu.com/place/detail?uid=37d60a46d94740791f1d11b0&output=html&source=placeapi_v2', 37, NULL, -1, 58, 'http://api.map.baidu.com/place/detail?uid=37d60a46d94740791f1d11b0&output=html&source=placeapi_v2', 0, 0, 4.5, -1, -1, 0, -1, 81, 5, 22, 3, NULL, -1, -1, '37d60a46d94740791f1d11b0', NULL, NULL, NULL, NULL),
(162, '2015-05-08 22:49:05', '海淀区西三旗桥东新龙大厦C座101号', '116.33931,40.063145', '2015-05-08 22:49:05', 40.0631446838379, 116.339309692383, '杨国福麻辣烫(西三旗建材城店)', NULL, 'http://api.map.baidu.com/place/detail?uid=6c22a8adb6b28a4f8505bf63&output=html&source=placeapi_v2', 37, NULL, -1, 63, 'http://api.map.baidu.com/place/detail?uid=6c22a8adb6b28a4f8505bf63&output=html&source=placeapi_v2', 0, 0, 3.1, -1, -1, 0, -1, 34, 4.3, 20, 3.1, NULL, -1, -1, '6c22a8adb6b28a4f8505bf63', NULL, NULL, NULL, NULL),
(163, '2015-05-08 22:49:05', '海淀区清华东路16号艺海大厦2号楼2层(近矿业大学北门)', '116.35695,40.00576', '2015-05-08 22:49:05', 40.0057601928711, 116.356948852539, '杨国福麻辣烫(艺海大厦东南)', '18505099872', 'http://api.map.baidu.com/place/detail?uid=c29be6665644dc928a36eec2&output=html&source=placeapi_v2', 37, NULL, -1, 64, 'http://api.map.baidu.com/place/detail?uid=c29be6665644dc928a36eec2&output=html&source=placeapi_v2', 0, 0, 3, -1, -1, 0, -1, 66, 5, 20, 3, NULL, -1, -1, 'c29be6665644dc928a36eec2', NULL, NULL, NULL, NULL),
(164, '2015-05-08 22:49:05', '北京海淀区万泉河路68号紫金庄园9号楼(苏州街合兴源西侧)', '116.31436,39.973568', '2015-05-08 22:49:05', 39.9735679626465, 116.314361572266, '万泉庄专业麻辣烫', '(010)82650886', 'http://api.map.baidu.com/place/detail?uid=e96b4420e2c9404082288a69&output=html&source=placeapi_v2', 37, NULL, -1, 48, 'http://api.map.baidu.com/place/detail?uid=e96b4420e2c9404082288a69&output=html&source=placeapi_v2', 0, 0, 3.3, -1, -1, 0, -1, 33, 5, 20, 3.5, NULL, -1, -1, 'e96b4420e2c9404082288a69', NULL, NULL, NULL, NULL),
(165, '2015-05-08 22:49:05', '朝阳门内东水井胡同大街北京INN2号楼底商A103室', '116.4383,39.928387', '2015-05-08 22:49:05', 39.9283866882324, 116.438301086426, '杨国福麻辣烫(北京INN店)', '13021276838', 'http://api.map.baidu.com/place/detail?uid=6057f90b5a4048d658f6be3a&output=html&source=placeapi_v2', 37, NULL, -1, 35, 'http://api.map.baidu.com/place/detail?uid=6057f90b5a4048d658f6be3a&output=html&source=placeapi_v2', 0, 0, 2.4, -1, -1, 0, -1, 27, 5, 29, 3.5, NULL, -1, -1, '6057f90b5a4048d658f6be3a', NULL, NULL, NULL, NULL),
(166, '2015-05-08 22:49:06', '北京市东城区崇文门西大街2-5号', '116.42371,39.906784', '2015-05-08 22:49:06', 39.9067840576172, 116.423713684082, '李先生(崇文门西大街店)', '010-65283430', 'http://api.map.baidu.com/place/detail?uid=f757e6ee6b51f20e260bd075&output=html&source=placeapi_v2', 37, NULL, -1, 12, 'http://api.map.baidu.com/place/detail?uid=f757e6ee6b51f20e260bd075&output=html&source=placeapi_v2', 0, 0, 4, -1, -1, 4, -1, 7, 4.4, 27, 4.5, NULL, -1, -1, 'f757e6ee6b51f20e260bd075', NULL, NULL, NULL, NULL),
(167, '2015-05-08 22:49:06', '朝阳区东八里庄32号楼(苏宁电器后面)', '116.5035,39.92286', '2015-05-08 22:49:06', 39.9228591918945, 116.50350189209, '张亮麻辣烫(八里庄店)', '18612700586', 'http://api.map.baidu.com/place/detail?uid=8b122bfb6ac4165242d63eba&output=html&source=placeapi_v2', 37, NULL, -1, 17, 'http://api.map.baidu.com/place/detail?uid=8b122bfb6ac4165242d63eba&output=html&source=placeapi_v2', 0, 0, 3.6, -1, -1, 3, -1, 26, 4, -1, 3.5, NULL, -1, -1, '8b122bfb6ac4165242d63eba', NULL, NULL, NULL, NULL),
(168, '2015-05-08 22:49:06', '北京近郊顺义区站前南街(顺义火车站南侧)', '116.65192,40.130577', '2015-05-08 22:49:06', 40.1305770874023, 116.651916503906, '串好美', '13552282882', 'http://api.map.baidu.com/place/detail?uid=12bb6c21fcc145b729b97c81&output=html&source=placeapi_v2', 37, NULL, -1, 20, 'http://api.map.baidu.com/place/detail?uid=12bb6c21fcc145b729b97c81&output=html&source=placeapi_v2', 0, 0, 2.2, -1, -1, 1, -1, 23, 5, 50, 1.5, NULL, -1, -1, '12bb6c21fcc145b729b97c81', NULL, NULL, NULL, NULL),
(169, '2015-05-08 22:49:07', '北京市东城区建国门内大街１８号恒基中心Ｂ２层-1层', '116.43485,39.911564', '2015-05-08 22:49:07', 39.911563873291, 116.434852600098, '串香宴', '(010)65188685', 'http://api.map.baidu.com/place/detail?uid=09f1bb954c5182e6d618b701&output=html&source=placeapi_v2', 37, NULL, -1, 62, 'http://api.map.baidu.com/place/detail?uid=09f1bb954c5182e6d618b701&output=html&source=placeapi_v2', 0, 0, 4.5, -1, -1, 0, -1, 22, 4.2, 17, 3, NULL, -1, -1, '09f1bb954c5182e6d618b701', NULL, NULL, NULL, NULL),
(170, '2015-05-08 22:49:07', '北京市海淀区宝盛路天丰利百货商城1层', '116.37696,40.0432', '2015-05-08 22:49:07', 40.0432014465332, 116.376960754395, '嘉和一品粥(宝盛店)', '010-88879232,010-62905608', 'http://api.map.baidu.com/place/detail?uid=f5ba4190fb4c05310ba8d4b7&output=html&source=placeapi_v2', 37, NULL, -1, 207, 'http://api.map.baidu.com/place/detail?uid=f5ba4190fb4c05310ba8d4b7&output=html&source=placeapi_v2', 0, 0, 2.4, -1, -1, 0, -1, 81, 5, 29, 2.3, NULL, -1, -1, 'f5ba4190fb4c05310ba8d4b7', NULL, NULL, NULL, NULL),
(171, '2015-05-08 22:49:07', '东城区朝阳门南小街387-4号(外交部街公交站南)', '116.43304,39.91921', '2015-05-08 22:49:07', 39.9192085266113, 116.433036804199, '天地海老北京锅贴粥铺', '(010)85112152', 'http://api.map.baidu.com/place/detail?uid=05dd7d5f2d474a18ac080faf&output=html&source=placeapi_v2', 37, NULL, -1, 87, 'http://api.map.baidu.com/place/detail?uid=05dd7d5f2d474a18ac080faf&output=html&source=placeapi_v2', 0, 0, 3.3, -1, -1, 0, -1, 83, 5, 27, 3.4, NULL, -1, -1, '05dd7d5f2d474a18ac080faf', NULL, NULL, NULL, NULL),
(172, '2015-05-08 22:49:07', '朝阳区朝阳门外大街乙12-14号昆泰国际大厦底商(近神路街)(近月姬居酒屋)', '116.44905,39.928524', '2015-05-08 22:49:07', 39.928524017334, 116.44905090332, '杨国福麻辣烫(昆泰店)', '13552412572', 'http://api.map.baidu.com/place/detail?uid=35dbebf970d08f8dd22dd697&output=html&source=placeapi_v2', 37, NULL, -1, 30, 'http://api.map.baidu.com/place/detail?uid=35dbebf970d08f8dd22dd697&output=html&source=placeapi_v2', 0, 0, 2.1, -1, -1, 0, -1, 27, 5, 22, 1.6, NULL, -1, -1, '35dbebf970d08f8dd22dd697', NULL, NULL, NULL, NULL),
(173, '2015-05-08 22:49:08', '上地信息路38号', '116.320465,40.03176', '2015-05-08 22:49:08', 40.0317611694336, 116.320465087891, '李先生加州牛肉面(上地店)', '010-62984897', 'http://api.map.baidu.com/place/detail?uid=3a0a78bd459ae3e36318094f&output=html&source=placeapi_v2', 37, NULL, -1, 77, 'http://api.map.baidu.com/place/detail?uid=3a0a78bd459ae3e36318094f&output=html&source=placeapi_v2', 0, 0, 4.5, -1, -1, 0, -1, 46, 5, 28, 3.5, NULL, -1, -1, '3a0a78bd459ae3e36318094f', NULL, NULL, NULL, NULL),
(174, '2015-05-08 22:49:08', '海淀区马甸桥西公交站旁边(双秀公园附近在那个瓦罐汤的旁边)', '116.38261,39.97377', '2015-05-08 22:49:08', 39.9737701416016, 116.382606506348, '马甸桥西 老北京包子铺', NULL, 'http://api.map.baidu.com/place/detail?uid=5fca94adb9cf762c33f71dcf&output=html&source=placeapi_v2', 37, NULL, -1, 9, 'http://api.map.baidu.com/place/detail?uid=5fca94adb9cf762c33f71dcf&output=html&source=placeapi_v2', 0, 0, 3.5, -1, -1, 0, -1, 7, 5, 6, 4.5, NULL, -1, -1, '5fca94adb9cf762c33f71dcf', NULL, NULL, NULL, NULL),
(175, '2015-05-08 22:49:09', '永顺镇物资学院路3号(近北京物资学院)', '116.645775,39.92932', '2015-05-08 22:49:09', 39.9293212890625, 116.645774841309, '张亮麻辣烫(物资学院店)', '13021142007,(010)80546007', 'http://api.map.baidu.com/place/detail?uid=38b1118d65b4c533744ff12e&output=html&source=placeapi_v2', 37, NULL, -1, 105, 'http://api.map.baidu.com/place/detail?uid=38b1118d65b4c533744ff12e&output=html&source=placeapi_v2', 0, 0, 4.3, -1, -1, 2, -1, 42, 4.6, 19, 4.3, NULL, -1, -1, '38b1118d65b4c533744ff12e', NULL, NULL, NULL, NULL),
(176, '2015-05-08 22:49:10', '北京朝阳区天鹅湾北区底商(7-11旁湘滋湘味楼下)', '116.52762,39.92811', '2015-05-08 22:49:10', 39.928108215332, 116.527618408203, '杨国福麻辣烫(天鹅湾店)', NULL, 'http://api.map.baidu.com/place/detail?uid=78ab30b24cbfd84e41d63e38&output=html&source=placeapi_v2', 37, NULL, -1, 23, 'http://api.map.baidu.com/place/detail?uid=78ab30b24cbfd84e41d63e38&output=html&source=placeapi_v2', 0, 0, 2.4, -1, -1, 0, -1, 10, 5, 30, 4, NULL, -1, -1, '78ab30b24cbfd84e41d63e38', NULL, NULL, NULL, NULL),
(177, '2015-05-08 22:49:10', '北京海淀区大柳树北路23号虹祥宾馆院内(富海国际港旁)', '116.34166,39.9581', '2015-05-08 22:49:10', 39.9580993652344, 116.341659545898, '好这口重庆面馆', '(010)57206531', 'http://api.map.baidu.com/place/detail?uid=35461b426195df35c9c3db1c&output=html&source=placeapi_v2', 37, NULL, -1, 404, 'http://api.map.baidu.com/place/detail?uid=35461b426195df35c9c3db1c&output=html&source=placeapi_v2', 0, 0, 2.2, -1, -1, 0, -1, 784, 1.9, 23, 2.3, NULL, -1, -1, '35461b426195df35c9c3db1c', NULL, NULL, NULL, NULL),
(178, '2015-05-08 22:49:10', '北京市丰台区万芳园一区一号', '116.32718,39.85341', '2015-05-08 22:49:10', 39.8534088134766, 116.327178955078, '嘉和一品粥(花城店)', '010-83609950', 'http://api.map.baidu.com/place/detail?uid=f2f15ffbf74f6191621c67a2&output=html&source=placeapi_v2', 37, NULL, -1, 169, 'http://api.map.baidu.com/place/detail?uid=f2f15ffbf74f6191621c67a2&output=html&source=placeapi_v2', 0, 0, 4, -1, -1, 0, -1, 145, 5, 30, 2.4, NULL, -1, -1, 'f2f15ffbf74f6191621c67a2', NULL, NULL, NULL, NULL),
(179, '2015-05-08 22:49:10', '木樨园桥西路南辅路公交站天雅西侧50米(近天雅，百荣，京温，珠江骏景)', '116.40255,39.86303', '2015-05-08 22:49:10', 39.8630294799805, 116.402549743652, '张亮麻辣烫(木樨园桥)', '18301537058', 'http://api.map.baidu.com/place/detail?uid=3b39b21bb4c215275cbe8693&output=html&source=placeapi_v2', 37, NULL, -1, 35, 'http://api.map.baidu.com/place/detail?uid=3b39b21bb4c215275cbe8693&output=html&source=placeapi_v2', 0, 0, 4.5, -1, -1, 1, -1, 61, 4.3, -1, 4.5, NULL, -1, -1, '3b39b21bb4c215275cbe8693', NULL, NULL, NULL, NULL),
(180, '2015-05-08 22:49:11', '北京市朝阳区朝阳北路长楹天街购物中心2层', '116.607635,39.930836', '2015-05-08 22:49:11', 39.930835723877, 116.607635498047, '杨国福麻辣烫', '(010)53516071', 'http://api.map.baidu.com/place/detail?uid=142fab5748ef2318bca82223&output=html&source=placeapi_v2', 37, NULL, -1, 16, 'http://api.map.baidu.com/place/detail?uid=142fab5748ef2318bca82223&output=html&source=placeapi_v2', 0, 0, 4.35, -1, -1, 0, -1, 27, 4.5, 22, 4.3, NULL, -1, -1, '142fab5748ef2318bca82223', NULL, NULL, NULL, NULL),
(181, '2015-05-08 22:49:11', '北京丰台区小屯路甲10号(海友酒店旁)(东方名剪、海友酒店)', '116.26339,39.895256', '2015-05-08 22:49:11', 39.8952560424805, 116.263389587402, '杨国福麻辣烫(大成路店)', '13661352887', 'http://api.map.baidu.com/place/detail?uid=5be386baa5803f340c0e6b51&output=html&source=placeapi_v2', 37, NULL, -1, 88, 'http://api.map.baidu.com/place/detail?uid=5be386baa5803f340c0e6b51&output=html&source=placeapi_v2', 0, 0, 4, -1, -1, 0, -1, 35, 4.5, 20, 1.7, NULL, -1, -1, '5be386baa5803f340c0e6b51', NULL, NULL, NULL, NULL),
(182, '2015-05-08 22:49:11', '海淀区西二旗大街底商(近英伦时光面包房)', '116.31617,40.058144', '2015-05-08 22:49:11', 40.0581436157227, 116.31616973877, '杨国福麻辣烫(西二旗店)', NULL, 'http://api.map.baidu.com/place/detail?uid=3b75055725be24ed32870a31&output=html&source=placeapi_v2', 37, NULL, -1, 23, 'http://api.map.baidu.com/place/detail?uid=3b75055725be24ed32870a31&output=html&source=placeapi_v2', 0, 0, 3.7, -1, -1, 0, -1, 2, 4, 22, 3.65, NULL, -1, -1, '3b75055725be24ed32870a31', NULL, NULL, NULL, NULL),
(183, '2015-05-08 22:49:12', '东四北大街228-01号', '116.42376,39.9386', '2015-05-08 22:49:12', 39.9385986328125, 116.423759460449, '辣功煮麻辣烫', '(010)84011040', 'http://api.map.baidu.com/place/detail?uid=58175ea0e64dda6725e0a03c&output=html&source=placeapi_v2', 37, NULL, -1, 79, 'http://api.map.baidu.com/place/detail?uid=58175ea0e64dda6725e0a03c&output=html&source=placeapi_v2', 0, 0, 2, -1, -1, 0, -1, 86, 4.4, 18, 3, NULL, -1, -1, '58175ea0e64dda6725e0a03c', NULL, NULL, NULL, NULL),
(184, '2015-05-08 22:49:12', '北京市朝阳区呼家楼北街甲6号大可铁板烧底商', '116.47348,39.928207', '2015-05-08 22:49:12', 39.9282073974609, 116.473480224609, '禾悦粥店(呼家楼北街店)', '(010)65068325,(010)65062578', 'http://api.map.baidu.com/place/detail?uid=bff8fa7d970373b9c8213dcd&output=html&source=placeapi_v2', 37, NULL, -1, 72, 'http://api.map.baidu.com/place/detail?uid=bff8fa7d970373b9c8213dcd&output=html&source=placeapi_v2', 0, 0, 3.4, -1, -1, 0, -1, 50, 5, 24, 2.6, NULL, -1, -1, 'bff8fa7d970373b9c8213dcd', NULL, NULL, NULL, NULL),
(185, '2015-05-08 22:49:12', '通州区九棵树当代名筑底商', '116.67025,39.89449', '2015-05-08 22:49:12', 39.8944892883301, 116.670249938965, '张亮麻辣烫(九棵树东路辅路)', '13001121567', 'http://api.map.baidu.com/place/detail?uid=a6af54cc60f5ac75283a9f5d&output=html&source=placeapi_v2', 37, NULL, -1, 33, 'http://api.map.baidu.com/place/detail?uid=a6af54cc60f5ac75283a9f5d&output=html&source=placeapi_v2', 0, 0, 0, -1, -1, 2, -1, 34, 4.5, -1, 0, NULL, -1, -1, 'a6af54cc60f5ac75283a9f5d', NULL, NULL, NULL, NULL),
(186, '2015-05-08 22:49:12', '北京朝阳区酒仙桥路(久隆商场南)', '116.50289,39.96797', '2015-05-08 22:49:12', 39.9679718017578, 116.502891540527, '重庆正宗麻辣烫', NULL, 'http://api.map.baidu.com/place/detail?uid=bff8fa7dea4506b9c8213d0f&output=html&source=placeapi_v2', 37, NULL, -1, 49, 'http://api.map.baidu.com/place/detail?uid=bff8fa7dea4506b9c8213d0f&output=html&source=placeapi_v2', 0, 0, 2.7, -1, -1, 0, -1, 25, 4, 27, 1.6, NULL, -1, -1, 'bff8fa7dea4506b9c8213d0f', NULL, NULL, NULL, NULL),
(187, '2015-05-08 22:49:13', '北京市海淀区学清路甲21号', '116.35754,40.016537', '2015-05-08 22:49:13', 40.0165367126465, 116.357536315918, '晨香源一品粥(学知园店)', '(010)58877995', 'http://api.map.baidu.com/place/detail?uid=83298e26bb238d9354bfffeb&output=html&source=placeapi_v2', 37, NULL, -1, 12, 'http://api.map.baidu.com/place/detail?uid=83298e26bb238d9354bfffeb&output=html&source=placeapi_v2', 0, 0, 4.5, -1, -1, 1, -1, 31, 5, 10, 4.5, NULL, -1, -1, '83298e26bb238d9354bfffeb', NULL, NULL, NULL, NULL),
(188, '2015-05-08 22:49:13', '北京丰台区东铁营横一条(顺八条口)', '116.44038,39.855553', '2015-05-08 22:49:13', 39.8555526733398, 116.440376281738, '大粥锅(宋庄店)', '010-67646197', 'http://api.map.baidu.com/place/detail?uid=c8b5cdefd1e8d81a120daa81&output=html&source=placeapi_v2', 37, NULL, -1, 19, 'http://api.map.baidu.com/place/detail?uid=c8b5cdefd1e8d81a120daa81&output=html&source=placeapi_v2', 0, 0, 4, -1, -1, 3, -1, 55, 5, 24, 1.5, NULL, -1, -1, 'c8b5cdefd1e8d81a120daa81', NULL, NULL, NULL, NULL),
(189, '2015-05-08 22:49:13', '北京海淀区肖家河天秀路10号农大国际创业园1楼(近建设大学)', '116.28385,40.027084', '2015-05-08 22:49:13', 40.0270843505859, 116.283851623535, '昊天宝粥店(天秀路店)', '(010)62828083', 'http://api.map.baidu.com/place/detail?uid=4cf8d24e4dba32fd9df779ab&output=html&source=placeapi_v2', 37, NULL, -1, 57, 'http://api.map.baidu.com/place/detail?uid=4cf8d24e4dba32fd9df779ab&output=html&source=placeapi_v2', 0, 0, 3, -1, -1, 3, -1, 35, 5, 28, 2, NULL, -1, -1, '4cf8d24e4dba32fd9df779ab', NULL, NULL, NULL, NULL),
(190, '2015-05-08 22:49:14', '通州区通朝大街23号(物美大卖场东侧)', '116.66161,39.898945', '2015-05-08 22:49:14', 39.8989448547363, 116.661613464355, '宏状元粥店 通朝店', '(010)81563522', 'http://api.map.baidu.com/place/detail?uid=05629ff577a1a62490114c4b&output=html&source=placeapi_v2', 37, NULL, -1, 132, 'http://api.map.baidu.com/place/detail?uid=05629ff577a1a62490114c4b&output=html&source=placeapi_v2', 0, 0, 3.1, -1, -1, 0, -1, 47, 5, 33, 3.1, NULL, -1, -1, '05629ff577a1a62490114c4b', NULL, NULL, NULL, NULL),
(191, '2015-05-08 22:49:14', '右安门外大街10号院稻香村2层', '116.37148,39.8714', '2015-05-08 22:49:14', 39.8713989257812, 116.371482849121, '优品粥(右外大街店)', '(010)63535976', 'http://api.map.baidu.com/place/detail?uid=8ab0dfc4ef4d400fd8ecedfd&output=html&source=placeapi_v2', 37, NULL, -1, 25, 'http://api.map.baidu.com/place/detail?uid=8ab0dfc4ef4d400fd8ecedfd&output=html&source=placeapi_v2', 0, 0, 3.1, -1, -1, 0, -1, 52, 5, 29, 2.5, NULL, -1, -1, '8ab0dfc4ef4d400fd8ecedfd', NULL, NULL, NULL, NULL),
(192, '2015-05-08 22:49:14', '知春路51号慎昌大厦(近希格玛大厦)', '116.34278,39.982643', '2015-05-08 22:49:14', 39.9826431274414, 116.342781066895, '杨国福麻辣烫(慎昌大厦东)', NULL, 'http://api.map.baidu.com/place/detail?uid=52ea1441185ac7f82b06cef9&output=html&source=placeapi_v2', 37, NULL, -1, 30, 'http://api.map.baidu.com/place/detail?uid=52ea1441185ac7f82b06cef9&output=html&source=placeapi_v2', 0, 0, 4.5, -1, -1, 0, -1, 34, 5, 40, 4.5, NULL, -1, -1, '52ea1441185ac7f82b06cef9', NULL, NULL, NULL, NULL),
(193, '2015-05-08 22:49:14', '韩庄子中建宿舍9号楼底商西侧1号', '116.29761,39.843166', '2015-05-08 22:49:14', 39.8431663513184, 116.297607421875, '京川婆婆骨汤麻辣烫(富丰桥店)', '(010)83670058', 'http://api.map.baidu.com/place/detail?uid=468458df78b698b9373a7180&output=html&source=placeapi_v2', 37, NULL, -1, 111, 'http://api.map.baidu.com/place/detail?uid=468458df78b698b9373a7180&output=html&source=placeapi_v2', 0, 0, 3.65, -1, -1, 2, -1, 9, 4.3, 21, 3.7, NULL, -1, -1, '468458df78b698b9373a7180', NULL, NULL, NULL, NULL),
(194, '2015-05-08 22:49:15', '广渠门桥东南角名敦道广渠家园9号楼底商4号', '116.45403,39.897934', '2015-05-08 22:49:15', 39.8979339599609, 116.454032897949, '杨国福麻辣烫(广渠门店）', '13522985850', 'http://api.map.baidu.com/place/detail?uid=af2bf06085228f3e8bfc0654&output=html&source=placeapi_v2', 37, NULL, -1, 65, 'http://api.map.baidu.com/place/detail?uid=af2bf06085228f3e8bfc0654&output=html&source=placeapi_v2', 0, 0, 4.5, -1, -1, 2, -1, 47, 5, 23, 4.5, NULL, -1, -1, 'af2bf06085228f3e8bfc0654', NULL, NULL, NULL, NULL),
(195, '2015-05-08 22:49:15', '北京朝阳区亚运村安立路安慧里(近北辰购物中心)', '116.415634,39.998405', '2015-05-08 22:49:15', 39.998405456543, 116.415634155273, '好食麻辣烫亚运村店', '(010)64951225', 'http://api.map.baidu.com/place/detail?uid=0eb123deacdd45d03a04b1dc&output=html&source=placeapi_v2', 37, NULL, -1, 21, 'http://api.map.baidu.com/place/detail?uid=0eb123deacdd45d03a04b1dc&output=html&source=placeapi_v2', 0, 0, 3.8, -1, -1, 0, -1, 48, 5, 24, 4.5, NULL, -1, -1, '0eb123deacdd45d03a04b1dc', NULL, NULL, NULL, NULL),
(196, '2015-05-08 22:49:16', '北京朝阳区立水桥明天第一城(近链家地产)', '116.41627,40.05406', '2015-05-08 22:49:16', 40.0540618896484, 116.41626739502, '杨国福麻辣烫(立水桥店)', NULL, 'http://api.map.baidu.com/place/detail?uid=d4dde71143d06dfbeb12e4ad&output=html&source=placeapi_v2', 37, NULL, -1, 26, 'http://api.map.baidu.com/place/detail?uid=d4dde71143d06dfbeb12e4ad&output=html&source=placeapi_v2', 0, 0, 2.4, -1, -1, 0, -1, 7, 5, 24, 2.7, NULL, -1, -1, 'd4dde71143d06dfbeb12e4ad', NULL, NULL, NULL, NULL),
(197, '2015-05-08 22:49:16', '北京朝阳区霄云路35号(近鹿港小镇)', '116.46937,39.96298', '2015-05-08 22:49:16', 39.9629783630371, 116.469367980957, '乌巢(霄云路店)', '(010)83913131', 'http://api.map.baidu.com/place/detail?uid=a12baa407fd45b4fe856fa59&output=html&source=placeapi_v2', 37, NULL, -1, 392, 'http://api.map.baidu.com/place/detail?uid=a12baa407fd45b4fe856fa59&output=html&source=placeapi_v2', 0, 0, 3.5, -1, -1, 0, -1, 1789, 5, 87, 3.1, NULL, -1, -1, 'a12baa407fd45b4fe856fa59', NULL, NULL, NULL, NULL),
(198, '2015-05-08 22:49:16', '通州区临河里华业东方玫瑰14号楼105,106室', '116.69101,39.887383', '2015-05-08 22:49:16', 39.8873825073242, 116.691009521484, '杨国福麻辣烫(华业东方玫瑰店)', '13381075709', 'http://api.map.baidu.com/place/detail?uid=60d1778cc59559335e17c34c&output=html&source=placeapi_v2', 37, NULL, -1, 39, 'http://api.map.baidu.com/place/detail?uid=60d1778cc59559335e17c34c&output=html&source=placeapi_v2', 0, 0, 3.7, -1, -1, 0, -1, 27, 4.3, 23, 3.7, NULL, -1, -1, '60d1778cc59559335e17c34c', NULL, NULL, NULL, NULL),
(199, '2015-08-07 00:22:27', '西安市新城区后宰门202号', '108.954895,34.277561', '2015-08-07 00:22:27', 34.277561, 108.954895, '杨国福麻辣烫', '(010)87188356', '', 111, NULL, NULL, NULL, NULL, NULL, NULL, NULL, NULL, NULL, NULL, NULL, NULL, NULL, NULL, NULL, NULL, NULL, NULL, NULL, NULL, NULL, 'http://7xiowm.com1.z0.glb.clouddn.com/a53df1d385684cf093a03ba7b4e980fb', NULL);

-- --------------------------------------------------------

--
-- 表的结构 `shop_attr`
--

CREATE TABLE IF NOT EXISTS `shop_attr` (
  `id` bigint(20) NOT NULL AUTO_INCREMENT,
  `addDate` datetime DEFAULT NULL,
  `keyname` varchar(255) DEFAULT NULL,
  `keytype` varchar(255) DEFAULT NULL,
  `keyvalue` varchar(255) DEFAULT NULL,
  `sortnum` int(11) DEFAULT NULL,
  `url` varchar(100) DEFAULT NULL,
  `shopid` int(11) DEFAULT NULL,
  PRIMARY KEY (`id`),
  KEY `FK_ctevx80reb5m5rnolmglg9aek` (`shopid`)
) ENGINE=InnoDB DEFAULT CHARSET=utf8 AUTO_INCREMENT=1 ;

-- --------------------------------------------------------

--
-- 表的结构 `shop_bookmarks`
--

CREATE TABLE IF NOT EXISTS `shop_bookmarks` (
  `id` bigint(20) NOT NULL AUTO_INCREMENT,
  `addDate` datetime DEFAULT NULL,
  `label` varchar(100) DEFAULT NULL,
  `messages` varchar(255) DEFAULT NULL,
  `shopid` int(11) DEFAULT NULL,
  `userid` bigint(20) DEFAULT NULL,
  PRIMARY KEY (`id`),
  KEY `FK_qq5yup9w35o9rexngyuls6akm` (`shopid`),
  KEY `FK_ay406jtx4ykapbpt8176yse9p` (`userid`)
) ENGINE=InnoDB DEFAULT CHARSET=utf8 AUTO_INCREMENT=1 ;

-- --------------------------------------------------------

--
-- 表的结构 `shop_category`
--

CREATE TABLE IF NOT EXISTS `shop_category` (
  `id` int(11) NOT NULL AUTO_INCREMENT,
  `icon` varchar(255) DEFAULT NULL,
  `ids` varchar(255) DEFAULT NULL,
  `levelinfo` int(11) DEFAULT NULL,
  `lft` int(11) DEFAULT NULL,
  `name` varchar(255) DEFAULT NULL,
  `path` varchar(255) DEFAULT NULL,
  `rgt` int(11) DEFAULT NULL,
  `sortnum` int(11) DEFAULT NULL,
  `pid` int(11) DEFAULT NULL,
  `cname` varchar(255) DEFAULT NULL,
  `pinyin` varchar(255) DEFAULT NULL,
  `py` varchar(255) DEFAULT NULL,
  PRIMARY KEY (`id`),
  KEY `FK_kf4vftcc7owwdpxmlwsfskqrk` (`pid`)
) ENGINE=InnoDB  DEFAULT CHARSET=utf8 AUTO_INCREMENT=708 ;

--
-- 转存表中的数据 `shop_category`
--

INSERT INTO `shop_category` (`id`, `icon`, `ids`, `levelinfo`, `lft`, `name`, `path`, `rgt`, `sortnum`, `pid`, `cname`, `pinyin`, `py`) VALUES
(1, NULL, NULL, 1, 1, '商家分类', NULL, 1414, NULL, NULL, '商家分类', NULL, NULL),
(2, NULL, NULL, NULL, 2, 'health', NULL, 121, NULL, 1, '健康及医疗', NULL, NULL),
(3, NULL, NULL, NULL, 3, 'tcm', NULL, 4, NULL, 2, '中医药', NULL, NULL),
(4, NULL, NULL, NULL, 5, 'midwives', NULL, 6, NULL, 2, '助产士', NULL, NULL),
(5, NULL, NULL, NULL, 7, 'reflexology', NULL, 8, NULL, 2, '区域反射疗法', NULL, NULL),
(6, NULL, NULL, NULL, 9, 'hospice', NULL, 10, NULL, 2, '善终服务', NULL, NULL),
(7, NULL, NULL, NULL, 11, 'nursepractitioner', NULL, 12, NULL, 2, '执业护理师', NULL, NULL),
(8, NULL, NULL, NULL, 13, 'homehealthcare', NULL, 14, NULL, 2, '家庭看护', NULL, NULL),
(9, NULL, NULL, NULL, 15, 'c_and_mh', NULL, 18, NULL, 2, '心理健康及辅导', NULL, NULL),
(10, NULL, NULL, NULL, 16, 'sextherapists', NULL, 17, NULL, 9, '性治疗师', NULL, NULL),
(11, NULL, NULL, NULL, 19, 'urgent_care', NULL, 20, NULL, 2, '急症', NULL, NULL),
(12, NULL, NULL, NULL, 21, 'saunas', NULL, 22, NULL, 2, '桑拿', NULL, NULL),
(13, NULL, NULL, NULL, 23, 'weightlosscenters', NULL, 24, NULL, 2, '减肥中心', NULL, NULL),
(14, NULL, NULL, NULL, 25, 'laserlasikeyes', NULL, 26, NULL, 2, '激光矫视', NULL, NULL),
(15, NULL, NULL, NULL, 27, 'nutritionists', NULL, 28, NULL, 2, '营养师', NULL, NULL),
(16, NULL, NULL, NULL, 29, 'dentists', NULL, 44, NULL, 2, '牙医', NULL, NULL),
(17, NULL, NULL, NULL, 30, 'pediatric_dentists', NULL, 31, NULL, 16, '儿科牙医', NULL, NULL),
(18, NULL, NULL, NULL, 32, 'oralsurgeons', NULL, 33, NULL, 16, '口腔外科医生', NULL, NULL),
(19, NULL, NULL, NULL, 34, 'periodontists', NULL, 35, NULL, 16, '牙周病治疗专家', NULL, NULL),
(20, NULL, NULL, NULL, 36, 'generaldentistry', NULL, 37, NULL, 16, '牙科', NULL, NULL),
(21, NULL, NULL, NULL, 38, 'endodontists', NULL, 39, NULL, 16, '牙髓专科医生', NULL, NULL),
(22, NULL, NULL, NULL, 40, 'orthodontists', NULL, 41, NULL, 16, '牙齿矫正', NULL, NULL),
(23, NULL, NULL, NULL, 42, 'cosmeticdentists', NULL, 43, NULL, 16, '美容牙医', NULL, NULL),
(24, NULL, NULL, NULL, 45, 'physicaltherapy', NULL, 46, NULL, 2, '物理治疗', NULL, NULL),
(25, NULL, NULL, NULL, 47, 'sleepspecialists', NULL, 48, NULL, 2, '睡眠専家', NULL, NULL),
(26, NULL, NULL, NULL, 49, 'retirement_homes', NULL, 50, NULL, 2, '老人院', NULL, NULL),
(27, NULL, NULL, NULL, 51, 'chiropractors', NULL, 52, NULL, 2, '脊医', NULL, NULL),
(28, NULL, NULL, NULL, 53, 'pharmacy', NULL, 54, NULL, 2, '药房', NULL, NULL),
(29, NULL, NULL, NULL, 55, 'optometrists', NULL, 56, NULL, 2, '视光师', NULL, NULL),
(30, NULL, NULL, NULL, 57, 'speech_therapists', NULL, 58, NULL, 2, '言语治疗师', NULL, NULL),
(31, NULL, NULL, NULL, 59, 'physicians', NULL, 112, NULL, 2, '医生', NULL, NULL),
(32, NULL, NULL, NULL, 60, 'pediatricians', NULL, 61, NULL, 31, '儿科医生', NULL, NULL),
(33, NULL, NULL, NULL, 62, 'internalmed', NULL, 63, NULL, 31, '内科', NULL, NULL),
(34, NULL, NULL, NULL, 64, 'obgyn', NULL, 65, NULL, 31, '妇产科医生', NULL, NULL),
(35, NULL, NULL, NULL, 66, 'familydr', NULL, 67, NULL, 31, '家庭医生', NULL, NULL),
(36, NULL, NULL, NULL, 68, 'cardiology', NULL, 69, NULL, 31, '心脏科医生', NULL, NULL),
(37, NULL, NULL, NULL, 70, 'radiologists', NULL, 71, NULL, 31, '放射科医生', NULL, NULL),
(38, NULL, NULL, NULL, 72, 'cosmeticsurgeons', NULL, 73, NULL, 31, '整形外科医生', NULL, NULL),
(39, NULL, NULL, NULL, 74, 'naturopathic', NULL, 75, NULL, 31, '整体自然疗法', NULL, NULL),
(40, NULL, NULL, NULL, 76, 'fertility', NULL, 77, NULL, 31, '生殖医学中心', NULL, NULL),
(41, NULL, NULL, NULL, 78, 'dermatology', NULL, 79, NULL, 31, '皮肤科医生', NULL, NULL),
(42, NULL, NULL, NULL, 80, 'proctologist', NULL, 81, NULL, 31, '直肠和肛门专科', NULL, NULL),
(43, NULL, NULL, NULL, 82, 'opthamalogists', NULL, 83, NULL, 31, '眼科医生', NULL, NULL),
(44, NULL, NULL, NULL, 84, 'neurologist', NULL, 85, NULL, 31, '神经学家', NULL, NULL),
(45, NULL, NULL, NULL, 86, 'psychiatrists', NULL, 87, NULL, 31, '精神科医生', NULL, NULL),
(46, NULL, NULL, NULL, 88, 'tattooremoval', NULL, 89, NULL, 31, '纹身移除', NULL, NULL),
(47, NULL, NULL, NULL, 90, 'gerontologist', NULL, 91, NULL, 31, '老人学学家', NULL, NULL),
(48, NULL, NULL, NULL, 92, 'earnosethroat', NULL, 93, NULL, 31, '耳鼻喉科', NULL, NULL),
(49, NULL, NULL, NULL, 94, 'audiologist', NULL, 95, NULL, 31, '听力师', NULL, NULL),
(50, NULL, NULL, NULL, 96, 'gastroenterologist', NULL, 97, NULL, 31, '胃肠病专科', NULL, NULL),
(51, NULL, NULL, NULL, 98, 'pulmonologist', NULL, 99, NULL, 31, '胸肺科医生', NULL, NULL),
(52, NULL, NULL, NULL, 100, 'oncologist', NULL, 101, NULL, 31, '肿瘤科医生', NULL, NULL),
(53, NULL, NULL, NULL, 102, 'podiatrists', NULL, 103, NULL, 31, '足病诊疗师', NULL, NULL),
(54, NULL, NULL, NULL, 104, 'sportsmed', NULL, 105, NULL, 31, '运动医学', NULL, NULL),
(55, NULL, NULL, NULL, 106, 'allergist', NULL, 107, NULL, 31, '过敏症专科医师', NULL, NULL),
(56, NULL, NULL, NULL, 108, 'osteopathicphysicians', NULL, 109, NULL, 31, '骨疗师', NULL, NULL),
(57, NULL, NULL, NULL, 110, 'orthopedists', NULL, 111, NULL, 31, '骨科医生', NULL, NULL),
(58, NULL, NULL, NULL, 113, 'medcenters', NULL, 114, NULL, 2, '医疗中心', NULL, NULL),
(59, NULL, NULL, NULL, 115, 'medicalspa', NULL, 116, NULL, 2, '医疗水疗', NULL, NULL),
(60, NULL, NULL, NULL, 117, 'hospitals', NULL, 118, NULL, 2, '医院', NULL, NULL),
(61, NULL, NULL, NULL, 119, 'acupuncture', NULL, 120, NULL, 2, '针灸', NULL, NULL),
(62, NULL, NULL, NULL, 122, 'nightlife', NULL, 161, NULL, 1, '夜生活', NULL, NULL),
(63, NULL, NULL, NULL, 123, 'karaoke', NULL, 124, NULL, 62, '卡拉OK', NULL, NULL),
(64, NULL, NULL, NULL, 125, 'comedyclubs', NULL, 126, NULL, 62, '喜剧剧院', NULL, NULL),
(65, NULL, NULL, NULL, 127, 'danceclubs', NULL, 128, NULL, 62, '夜店', NULL, NULL),
(66, NULL, NULL, NULL, 129, 'adultentertainment', NULL, 130, NULL, 62, '成人娱乐', NULL, NULL),
(67, NULL, NULL, NULL, 131, 'jazzandblues', NULL, 132, NULL, 62, '爵士及蓝调', NULL, NULL),
(68, NULL, NULL, NULL, 133, 'poolhalls', NULL, 134, NULL, 62, '英式及美式桌球室', NULL, NULL),
(69, NULL, NULL, NULL, 135, 'bars', NULL, 156, NULL, 62, '酒吧', NULL, NULL),
(70, NULL, NULL, NULL, 136, 'wine_bars', NULL, 137, NULL, 69, '品酒室', NULL, NULL),
(71, NULL, NULL, NULL, 138, 'divebars', NULL, 139, NULL, 69, '小酒馆', NULL, NULL),
(72, NULL, NULL, NULL, 140, 'airportlounges', NULL, 141, NULL, 69, '机场贵宾室', NULL, NULL),
(73, NULL, NULL, NULL, 142, 'hookah_bars', NULL, 143, NULL, 69, '水烟吧', NULL, NULL),
(74, NULL, NULL, NULL, 144, 'gaybars', NULL, 145, NULL, 69, '男同志酒吧', NULL, NULL),
(75, NULL, NULL, NULL, 146, 'pubs', NULL, 147, NULL, 69, '英式酒吧', NULL, NULL),
(76, NULL, NULL, NULL, 148, 'lounges', NULL, 149, NULL, 69, '酒廊', NULL, NULL),
(77, NULL, NULL, NULL, 150, 'cocktailbars', NULL, 151, NULL, 69, '鸡尾酒酒吧', NULL, NULL),
(78, NULL, NULL, NULL, 152, 'champagne_bars', NULL, 153, NULL, 69, '香槟吧', NULL, NULL),
(79, NULL, NULL, NULL, 154, 'sportsbars', NULL, 155, NULL, 69, '体育酒吧', NULL, NULL),
(80, NULL, NULL, NULL, 157, 'pianobars', NULL, 158, NULL, 62, '钢琴酒吧', NULL, NULL),
(81, NULL, NULL, NULL, 159, 'musicvenues', NULL, 160, NULL, 62, '音乐表演场地', NULL, NULL),
(82, NULL, NULL, NULL, 162, 'massmedia', NULL, 169, NULL, 1, '大众媒体', NULL, NULL),
(83, NULL, NULL, NULL, 163, 'printmedia', NULL, 164, NULL, 82, '平面媒体及出版', NULL, NULL),
(84, NULL, NULL, NULL, 165, 'radiostations', NULL, 166, NULL, 82, '电台', NULL, NULL),
(85, NULL, NULL, NULL, 167, 'televisionstations', NULL, 168, NULL, 82, '电视台', NULL, NULL),
(86, NULL, NULL, NULL, 170, 'religiousorgs', NULL, 181, NULL, 1, '宗教组织', NULL, NULL),
(87, NULL, NULL, NULL, 171, 'buddhist_temples', NULL, 172, NULL, 86, '佛教寺庙', NULL, NULL),
(88, NULL, NULL, NULL, 173, 'hindu_temples', NULL, 174, NULL, 86, '印度教寺庙', NULL, NULL),
(89, NULL, NULL, NULL, 175, 'churches', NULL, 176, NULL, 86, '教堂', NULL, NULL),
(90, NULL, NULL, NULL, 177, 'mosques', NULL, 178, NULL, 86, '清真寺', NULL, NULL),
(91, NULL, NULL, NULL, 179, 'synagogues', NULL, 180, NULL, 86, '犹太教堂', NULL, NULL),
(92, NULL, NULL, NULL, 182, 'homeservices', NULL, 297, NULL, 1, '家居服务', NULL, NULL),
(93, NULL, NULL, NULL, 183, 'securitysystems', NULL, 184, NULL, 92, '保安系统', NULL, NULL),
(94, NULL, NULL, NULL, 185, 'hvac', NULL, 186, NULL, 92, '冷暖气通风设备', NULL, NULL),
(95, NULL, NULL, NULL, 187, 'gardeners', NULL, 188, NULL, 92, '园丁', NULL, NULL),
(96, NULL, NULL, NULL, 189, 'landscaping', NULL, 190, NULL, 92, '园林绿化', NULL, NULL),
(97, NULL, NULL, NULL, 191, 'flooring', NULL, 192, NULL, 92, '地板', NULL, NULL),
(98, NULL, NULL, NULL, 193, 'carpeting', NULL, 194, NULL, 92, '地毯', NULL, NULL),
(99, NULL, NULL, NULL, 195, 'carpetinstallation', NULL, 196, NULL, 92, '地毯安装', NULL, NULL),
(100, NULL, NULL, NULL, 197, 'fireplace', NULL, 198, NULL, 92, '壁炉服务', NULL, NULL),
(101, NULL, NULL, NULL, 199, 'solarinstallation', NULL, 200, NULL, 92, '太阳能安装', NULL, NULL),
(102, NULL, NULL, NULL, 201, 'interiordesign', NULL, 202, NULL, 92, '室内设计', NULL, NULL),
(103, NULL, NULL, NULL, 203, 'furnitureassembly', NULL, 204, NULL, 92, '家俬安装', NULL, NULL),
(104, NULL, NULL, NULL, 205, 'homecleaning', NULL, 206, NULL, 92, '家居清洁', NULL, NULL),
(105, NULL, NULL, NULL, 207, 'hometheatreinstallation', NULL, 208, NULL, 92, '家庭影院安装', NULL, NULL),
(106, NULL, NULL, NULL, 209, 'roofing', NULL, 210, NULL, 92, '屋顶', NULL, NULL),
(107, NULL, NULL, NULL, 211, 'contractors', NULL, 212, NULL, 92, '建筑承包商', NULL, NULL),
(108, NULL, NULL, NULL, 213, 'buildingsupplies', NULL, 214, NULL, 92, '建筑材料', NULL, NULL),
(109, NULL, NULL, NULL, 215, 'realestate', NULL, 238, NULL, 92, '房地产', NULL, NULL),
(110, NULL, NULL, NULL, 216, 'apartments', NULL, 217, NULL, 109, '住屋', NULL, NULL),
(111, NULL, NULL, NULL, 218, 'sharedofficespaces', NULL, 219, NULL, 109, '共用办公室', NULL, NULL),
(112, NULL, NULL, NULL, 220, 'university_housing', NULL, 221, NULL, 109, '大学住屋', NULL, NULL),
(113, NULL, NULL, NULL, 222, 'homestaging', NULL, 223, NULL, 109, '家居布置', NULL, NULL),
(114, NULL, NULL, NULL, 224, 'realestatesvcs', NULL, 225, NULL, 109, '房地产服务', NULL, NULL),
(115, NULL, NULL, NULL, 226, 'realestateagents', NULL, 227, NULL, 109, '房地产经理', NULL, NULL),
(116, NULL, NULL, NULL, 228, 'mortgagebrokers', NULL, 229, NULL, 109, '按揭经纪', NULL, NULL),
(117, NULL, NULL, NULL, 230, 'mobilehomes', NULL, 231, NULL, 109, '流动房屋经销商', NULL, NULL),
(118, NULL, NULL, NULL, 232, 'propertymgmt', NULL, 233, NULL, 109, '物业管理', NULL, NULL),
(119, NULL, NULL, NULL, 234, 'artspacerentals', NULL, 235, NULL, 109, '艺术展览场地租用', NULL, NULL),
(120, NULL, NULL, NULL, 236, 'estateliquidation', NULL, 237, NULL, 109, '遗产清算', NULL, NULL),
(121, NULL, NULL, NULL, 239, 'shutters', NULL, 240, NULL, 92, '卷闸', NULL, NULL),
(122, NULL, NULL, NULL, 241, 'gutterservices', NULL, 242, NULL, 92, '排水渠清洁服务', NULL, NULL),
(123, NULL, NULL, NULL, 243, 'movers', NULL, 244, NULL, 92, '搬运工人', NULL, NULL),
(124, NULL, NULL, NULL, 245, 'landscapearchitects', NULL, 246, NULL, 92, '景观建筑师', NULL, NULL),
(125, NULL, NULL, NULL, 247, 'carpenters', NULL, 248, NULL, 92, '木匠', NULL, NULL),
(126, NULL, NULL, NULL, 249, 'treeservices', NULL, 250, NULL, 92, '树木修葺服务', NULL, NULL),
(127, NULL, NULL, NULL, 251, 'stucco', NULL, 252, NULL, 92, '水泥粉饰服务', NULL, NULL),
(128, NULL, NULL, NULL, 253, 'waterpurification', NULL, 254, NULL, 92, '水质纯化服务', NULL, NULL),
(129, NULL, NULL, NULL, 255, 'poolservice', NULL, 256, NULL, 92, '泳池及热水浴池服务', NULL, NULL),
(130, NULL, NULL, NULL, 257, 'poolcleaners', NULL, 258, NULL, 92, '泳池清洁工人', NULL, NULL),
(131, NULL, NULL, NULL, 259, 'windowwashing', NULL, 260, NULL, 92, '洗窗', NULL, NULL),
(132, NULL, NULL, NULL, 261, 'chimneysweeps', NULL, 262, NULL, 92, '烟囱清洁工人', NULL, NULL),
(133, NULL, NULL, NULL, 263, 'lighting', NULL, 264, NULL, 92, '照明灯具及设备', NULL, NULL),
(134, NULL, NULL, NULL, 265, 'blinds', NULL, 266, NULL, 92, '灯罩及百叶帘', NULL, NULL),
(135, NULL, NULL, NULL, 267, 'glassandmirrors', NULL, 268, NULL, 92, '玻璃及镜子', NULL, NULL),
(136, NULL, NULL, NULL, 269, 'painters', NULL, 270, NULL, 92, '画家', NULL, NULL),
(137, NULL, NULL, NULL, 271, 'masonry_concrete', NULL, 272, NULL, 92, '砖石／混凝土', NULL, NULL),
(138, NULL, NULL, NULL, 273, 'windowsinstallation', NULL, 274, NULL, 92, '窗户安装', NULL, NULL),
(139, NULL, NULL, NULL, 275, 'plumbing', NULL, 276, NULL, 92, '管道工程', NULL, NULL),
(140, NULL, NULL, NULL, 277, 'structuralengineers', NULL, 278, NULL, 92, '结构工程师', NULL, NULL),
(141, NULL, NULL, NULL, 279, 'insulationinstallation', NULL, 280, NULL, 92, '绝缘安装', NULL, NULL),
(142, NULL, NULL, NULL, 281, 'isps', NULL, 282, NULL, 92, '网络服务供应商', NULL, NULL),
(143, NULL, NULL, NULL, 283, 'refinishing', NULL, 284, NULL, 92, '装修翻新服务', NULL, NULL),
(144, NULL, NULL, NULL, 285, 'locksmiths', NULL, 286, NULL, 92, '钥匙及锁匠', NULL, NULL),
(145, NULL, NULL, NULL, 287, 'fireprotection', NULL, 288, NULL, 92, '防火设备服务', NULL, NULL),
(146, NULL, NULL, NULL, 289, 'handyman', NULL, 290, NULL, 92, '杂工', NULL, NULL),
(147, NULL, NULL, NULL, 291, 'electricians', NULL, 292, NULL, 92, '电工', NULL, NULL),
(148, NULL, NULL, NULL, 293, 'televisionserviceproviders', NULL, 294, NULL, 92, '电视服务供应商', NULL, NULL),
(149, NULL, NULL, NULL, 295, 'home_inspectors', NULL, 296, NULL, 92, '验楼师', NULL, NULL),
(150, NULL, NULL, NULL, 298, 'pets', NULL, 315, NULL, 1, '宠物', NULL, NULL),
(151, NULL, NULL, NULL, 299, 'animalshelters', NULL, 300, NULL, 150, '动物收容所', NULL, NULL),
(152, NULL, NULL, NULL, 301, 'petstore', NULL, 302, NULL, 150, '宠物店', NULL, NULL),
(153, NULL, NULL, NULL, 303, 'petservices', NULL, 312, NULL, 150, '宠物服务', NULL, NULL),
(154, NULL, NULL, NULL, 304, 'pet_sitting', NULL, 305, NULL, 153, '宠物寄宿／宠物看护 ', NULL, NULL),
(155, NULL, NULL, NULL, 306, 'groomer', NULL, 307, NULL, 153, '宠物美容师', NULL, NULL),
(156, NULL, NULL, NULL, 308, 'pet_training', NULL, 309, NULL, 153, '宠物训练', NULL, NULL),
(157, NULL, NULL, NULL, 310, 'dogwalkers', NULL, 311, NULL, 153, '专业放狗员', NULL, NULL),
(158, NULL, NULL, NULL, 313, 'vet', NULL, 314, NULL, 150, '兽医', NULL, NULL),
(159, NULL, NULL, NULL, 316, 'professional', NULL, 379, NULL, 1, '专业服务', NULL, NULL),
(160, NULL, NULL, NULL, 317, 'lifecoach', NULL, 318, NULL, 159, '人生教练', NULL, NULL),
(161, NULL, NULL, NULL, 319, 'security', NULL, 320, NULL, 159, '保安服务', NULL, NULL),
(162, NULL, NULL, NULL, 321, 'publicrelations', NULL, 322, NULL, 159, '公共关系', NULL, NULL),
(163, NULL, NULL, NULL, 323, 'taxidermy', NULL, 324, NULL, 159, '动物标本制作', NULL, NULL),
(164, NULL, NULL, NULL, 325, 'marketing', NULL, 326, NULL, 159, '市场营销', NULL, NULL),
(165, NULL, NULL, NULL, 327, 'graphicdesign', NULL, 328, NULL, 159, '平面设计', NULL, NULL),
(166, NULL, NULL, NULL, 329, 'advertising', NULL, 330, NULL, 159, '广告', NULL, NULL),
(167, NULL, NULL, NULL, 331, 'architects', NULL, 332, NULL, 159, '建筑师', NULL, NULL),
(168, NULL, NULL, NULL, 333, 'lawyers', NULL, 352, NULL, 159, '律师', NULL, NULL),
(169, NULL, NULL, NULL, 334, 'general_litigation', NULL, 335, NULL, 168, '一般诉讼', NULL, NULL),
(170, NULL, NULL, NULL, 336, 'personal_injury', NULL, 337, NULL, 168, '人身伤害法', NULL, NULL),
(171, NULL, NULL, NULL, 338, 'criminaldefense', NULL, 339, NULL, 168, '刑事辩护律师', NULL, NULL),
(172, NULL, NULL, NULL, 340, 'employmentlawyers', NULL, 341, NULL, 168, '劳工法', NULL, NULL),
(173, NULL, NULL, NULL, 342, 'realestatelawyers', NULL, 343, NULL, 168, '房地产法', NULL, NULL),
(174, NULL, NULL, NULL, 344, 'bankruptcy', NULL, 345, NULL, 168, '破产法', NULL, NULL),
(175, NULL, NULL, NULL, 346, 'immigrationlawyers', NULL, 347, NULL, 168, '移民法', NULL, NULL),
(176, NULL, NULL, NULL, 348, 'estateplanning', NULL, 349, NULL, 168, '遗产继承法', NULL, NULL),
(177, NULL, NULL, NULL, 350, 'divorce', NULL, 351, NULL, 168, '离婚及家庭法', NULL, NULL),
(178, NULL, NULL, NULL, 353, 'accountants', NULL, 354, NULL, 159, '会计师', NULL, NULL),
(179, NULL, NULL, NULL, 355, 'privateinvestigation', NULL, 356, NULL, 159, '私家侦探', NULL, NULL),
(180, NULL, NULL, NULL, 357, 'tenantlaw', NULL, 358, NULL, 159, '租户及被逐法', NULL, NULL),
(181, NULL, NULL, NULL, 359, 'isps', NULL, 360, NULL, 159, '网络服务供应商', NULL, NULL),
(182, NULL, NULL, NULL, 361, 'web_design', NULL, 362, NULL, 159, '网页设计', NULL, NULL),
(183, NULL, NULL, NULL, 363, 'translationservices', NULL, 364, NULL, 159, '翻译服务', NULL, NULL),
(184, NULL, NULL, NULL, 365, 'employmentagencies', NULL, 366, NULL, 159, '职业介绍所', NULL, NULL),
(185, NULL, NULL, NULL, 367, 'careercounseling', NULL, 368, NULL, 159, '职业咨询', NULL, NULL),
(186, NULL, NULL, NULL, 369, 'boatrepair', NULL, 370, NULL, 159, '船只维修', NULL, NULL),
(187, NULL, NULL, NULL, 371, 'videofilmproductions', NULL, 372, NULL, 159, '视频／电影制作', NULL, NULL),
(188, NULL, NULL, NULL, 373, 'softwaredevelopment', NULL, 374, NULL, 159, '软件开发', NULL, NULL),
(189, NULL, NULL, NULL, 375, 'officecleaning', NULL, 376, NULL, 159, '办公室清洁', NULL, NULL),
(190, NULL, NULL, NULL, 377, 'musicproduction', NULL, 378, NULL, 159, '音乐制作服务', NULL, NULL),
(191, NULL, NULL, NULL, 380, 'realestate', NULL, 403, NULL, 1, '房地产', NULL, NULL),
(192, NULL, NULL, NULL, 381, 'apartments', NULL, 382, NULL, 191, '住屋', NULL, NULL),
(193, NULL, NULL, NULL, 383, 'sharedofficespaces', NULL, 384, NULL, 191, '共用办公室', NULL, NULL),
(194, NULL, NULL, NULL, 385, 'university_housing', NULL, 386, NULL, 191, '大学住屋', NULL, NULL),
(195, NULL, NULL, NULL, 387, 'homestaging', NULL, 388, NULL, 191, '家居布置', NULL, NULL),
(196, NULL, NULL, NULL, 389, 'realestatesvcs', NULL, 390, NULL, 191, '房地产服务', NULL, NULL),
(197, NULL, NULL, NULL, 391, 'realestateagents', NULL, 392, NULL, 191, '房地产经理', NULL, NULL),
(198, NULL, NULL, NULL, 393, 'mortgagebrokers', NULL, 394, NULL, 191, '按揭经纪', NULL, NULL),
(199, NULL, NULL, NULL, 395, 'mobilehomes', NULL, 396, NULL, 191, '流动房屋经销商', NULL, NULL),
(200, NULL, NULL, NULL, 397, 'propertymgmt', NULL, 398, NULL, 191, '物业管理', NULL, NULL),
(201, NULL, NULL, NULL, 399, 'artspacerentals', NULL, 400, NULL, 191, '艺术展览场地租用', NULL, NULL),
(202, NULL, NULL, NULL, 401, 'estateliquidation', NULL, 402, NULL, 191, '遗产清算', NULL, NULL),
(203, NULL, NULL, NULL, 404, 'publicservicesgovt', NULL, 421, NULL, 1, '政府与公共事务', NULL, NULL),
(204, NULL, NULL, NULL, 405, 'libraries', NULL, 406, NULL, 203, '图书馆', NULL, NULL),
(205, NULL, NULL, NULL, 407, 'landmarks', NULL, 408, NULL, 203, '地标与历史建筑物', NULL, NULL),
(206, NULL, NULL, NULL, 409, 'embassy', NULL, 410, NULL, 203, '大使馆', NULL, NULL),
(207, NULL, NULL, NULL, 411, 'firedepartments', NULL, 412, NULL, 203, '消防局', NULL, NULL),
(208, NULL, NULL, NULL, 413, 'taxoffice', NULL, 414, NULL, 203, '税务局', NULL, NULL),
(209, NULL, NULL, NULL, 415, 'policedepartments', NULL, 416, NULL, 203, '警察局', NULL, NULL),
(210, NULL, NULL, NULL, 417, 'departmentsofmotorvehicles', NULL, 418, NULL, 203, '运输署', NULL, NULL),
(211, NULL, NULL, NULL, 419, 'postoffices', NULL, 420, NULL, 203, '邮政局', NULL, NULL),
(212, NULL, NULL, NULL, 422, 'education', NULL, 477, NULL, 1, '教育', NULL, NULL),
(213, NULL, NULL, NULL, 423, 'highschools', NULL, 424, NULL, 212, '中学及高中', NULL, NULL),
(214, NULL, NULL, NULL, 425, 'preschools', NULL, 426, NULL, 212, '学前班', NULL, NULL),
(215, NULL, NULL, NULL, 427, 'collegeuniv', NULL, 428, NULL, 212, '学院及大学', NULL, NULL),
(216, NULL, NULL, NULL, 429, 'specialtyschools', NULL, 462, NULL, 212, '专科学校', NULL, NULL),
(217, NULL, NULL, NULL, 430, 'firstaidclasses', NULL, 431, NULL, 216, '急救课程', NULL, NULL),
(218, NULL, NULL, NULL, 432, 'massage_schools', NULL, 433, NULL, 216, '按摩学校', NULL, NULL),
(219, NULL, NULL, NULL, 434, 'swimminglessons', NULL, 435, NULL, 216, '游泳课程／学校', NULL, NULL),
(220, NULL, NULL, NULL, 436, 'skischools', NULL, 437, NULL, 216, '滑雪学校', NULL, NULL),
(221, NULL, NULL, NULL, 438, 'cookingschools', NULL, 439, NULL, 216, '烹饪学院', NULL, NULL),
(222, NULL, NULL, NULL, 440, 'poledancingclasses', NULL, 441, NULL, 216, '纲管舞班', NULL, NULL),
(223, NULL, NULL, NULL, 442, 'cosmetology_schools', NULL, 443, NULL, 216, '美容学院', NULL, NULL),
(224, NULL, NULL, NULL, 444, 'vocation', NULL, 445, NULL, 216, '职业训练及专业进修学院', NULL, NULL),
(225, NULL, NULL, NULL, 446, 'parentingclasses', NULL, 447, NULL, 216, '育儿班', NULL, NULL),
(226, NULL, NULL, NULL, 448, 'dance_schools', NULL, 449, NULL, 216, '舞蹈学校', NULL, NULL),
(227, NULL, NULL, NULL, 450, 'artschools', NULL, 451, NULL, 216, '艺术学校', NULL, NULL),
(228, NULL, NULL, NULL, 452, 'language_schools', NULL, 453, NULL, 216, '语言学校', NULL, NULL),
(229, NULL, NULL, NULL, 454, 'bartendingschools', NULL, 455, NULL, 216, '调酒师学校', NULL, NULL),
(230, NULL, NULL, NULL, 456, 'nursingschools', NULL, 457, NULL, 216, '护士学校', NULL, NULL),
(231, NULL, NULL, NULL, 458, 'flightinstruction', NULL, 459, NULL, 216, '飞行指导', NULL, NULL),
(232, NULL, NULL, NULL, 460, 'driving_schools', NULL, 461, NULL, 216, '驾驶学院', NULL, NULL),
(233, NULL, NULL, NULL, 463, 'elementaryschools', NULL, 464, NULL, 212, '小学', NULL, NULL),
(234, NULL, NULL, NULL, 465, 'adultedu', NULL, 466, NULL, 212, '成人教育', NULL, NULL),
(235, NULL, NULL, NULL, 467, 'educationservices', NULL, 468, NULL, 212, '教育服务', NULL, NULL),
(236, NULL, NULL, NULL, 469, 'specialed', NULL, 470, NULL, 212, '特殊教育', NULL, NULL),
(237, NULL, NULL, NULL, 471, 'privatetutors', NULL, 472, NULL, 212, '私人补习老师', NULL, NULL),
(238, NULL, NULL, NULL, 473, 'testprep', NULL, 474, NULL, 212, '考试准备', NULL, NULL),
(239, NULL, NULL, NULL, 475, 'tutoring', NULL, 476, NULL, 212, '补习中心', NULL, NULL),
(240, NULL, NULL, NULL, 478, 'localservices', NULL, 551, NULL, 1, '本地服务', NULL, NULL),
(241, NULL, NULL, NULL, 479, 'propane', NULL, 480, NULL, 240, '丙烷', NULL, NULL),
(242, NULL, NULL, NULL, 481, 'nannys', NULL, 482, NULL, 240, '保姆服务', NULL, NULL),
(243, NULL, NULL, NULL, 483, 'reupholstery', NULL, 484, NULL, 240, '傢俬维修', NULL, NULL),
(244, NULL, NULL, NULL, 485, 'notaries', NULL, 486, NULL, 240, '公证人', NULL, NULL),
(245, NULL, NULL, NULL, 487, 'copyshops', NULL, 488, NULL, 240, '印刷服务', NULL, NULL),
(246, NULL, NULL, NULL, 489, 'bike_repair_maintenance', NULL, 490, NULL, 240, '单车维修／保养', NULL, NULL),
(247, NULL, NULL, NULL, 491, 'recyclingcenter', NULL, 492, NULL, 240, '回收中心', NULL, NULL),
(248, NULL, NULL, NULL, 493, 'carpet_cleaning', NULL, 494, NULL, 240, '地毯清洗', NULL, NULL),
(249, NULL, NULL, NULL, 495, 'junkremovalandhauling', NULL, 496, NULL, 240, '垃圾处理及搬运', NULL, NULL),
(250, NULL, NULL, NULL, 497, 'furniturerepair', NULL, 498, NULL, 240, '家俬维修', NULL, NULL),
(251, NULL, NULL, NULL, 499, 'homeappliancerepair', NULL, 500, NULL, 240, '家居电器及维修', NULL, NULL),
(252, NULL, NULL, NULL, 501, 'childcare', NULL, 502, NULL, 240, '托儿服务及日间托儿服务', NULL, NULL),
(253, NULL, NULL, NULL, 503, 'musicinstrumentservices', NULL, 510, NULL, 240, '乐器保养服务', NULL, NULL),
(254, NULL, NULL, NULL, 504, 'guitarstores', NULL, 505, NULL, 253, '结他专门店', NULL, NULL),
(255, NULL, NULL, NULL, 506, 'pianoservices', NULL, 507, NULL, 253, '钢琴保养服务', NULL, NULL),
(256, NULL, NULL, NULL, 508, 'pianostores', NULL, 509, NULL, 253, '钢琴専门店', NULL, NULL),
(257, NULL, NULL, NULL, 511, 'funeralservices', NULL, 512, NULL, 240, '殡仪服务及墓园', NULL, NULL),
(258, NULL, NULL, NULL, 513, 'drycleaninglaundry', NULL, 514, NULL, 240, '洗衣干衣店', NULL, NULL),
(259, NULL, NULL, NULL, 515, 'pest_control', NULL, 516, NULL, 240, '灭虫', NULL, NULL),
(260, NULL, NULL, NULL, 517, 'nonprofit', NULL, 520, NULL, 240, '社区服务／非牟利机构', NULL, NULL),
(261, NULL, NULL, NULL, 518, 'foodbanks', NULL, 519, NULL, 260, '食物银行', NULL, NULL),
(262, NULL, NULL, NULL, 521, 'screenprinting', NULL, 522, NULL, 240, '丝网印刷', NULL, NULL),
(263, NULL, NULL, NULL, 523, 'sewingalterations', NULL, 524, NULL, 240, '缝纫及裁缝', NULL, NULL),
(264, NULL, NULL, NULL, 525, 'selfstorage', NULL, 526, NULL, 240, '自存仓', NULL, NULL),
(265, NULL, NULL, NULL, 527, 'shoerepair', NULL, 528, NULL, 240, '补鞋', NULL, NULL),
(266, NULL, NULL, NULL, 529, 'shipping_centers', NULL, 530, NULL, 240, '货运中心', NULL, NULL),
(267, NULL, NULL, NULL, 531, 'itservices', NULL, 534, NULL, 240, '资讯科技服务及电脑维修', NULL, NULL),
(268, NULL, NULL, NULL, 532, 'mobilephonerepair', NULL, 533, NULL, 267, '手机维修', NULL, NULL),
(269, NULL, NULL, NULL, 535, 'waterdelivery', NULL, 536, NULL, 240, '送水服务', NULL, NULL),
(270, NULL, NULL, NULL, 537, 'couriers', NULL, 538, NULL, 240, '速递服务', NULL, NULL),
(271, NULL, NULL, NULL, 539, 'metalfabricators', NULL, 540, NULL, 240, '金属加工商', NULL, NULL),
(272, NULL, NULL, NULL, 541, 'recording_studios', NULL, 542, NULL, 240, '录音及排练工作室', NULL, NULL),
(273, NULL, NULL, NULL, 543, 'watch_repair', NULL, 544, NULL, 240, '钟表维修', NULL, NULL),
(274, NULL, NULL, NULL, 545, 'appraisalservices', NULL, 546, NULL, 240, '鉴定服务', NULL, NULL),
(275, NULL, NULL, NULL, 547, 'electronicsrepair', NULL, 548, NULL, 240, '电子产品维修', NULL, NULL),
(276, NULL, NULL, NULL, 549, 'adoptionservices', NULL, 550, NULL, 240, '领养服务', NULL, NULL),
(277, NULL, NULL, NULL, 552, 'localflavor', NULL, 555, NULL, 1, '本地特色', NULL, NULL),
(278, NULL, NULL, NULL, 553, 'yelpevents', NULL, 554, NULL, 277, 'Yelp活动', NULL, NULL),
(279, NULL, NULL, NULL, 556, 'auto', NULL, 593, NULL, 1, '汽车', NULL, NULL),
(280, NULL, NULL, NULL, 557, 'parking', NULL, 558, NULL, 279, '停车场', NULL, NULL),
(281, NULL, NULL, NULL, 559, 'smog_check_stations', NULL, 560, NULL, 279, '废气检测站', NULL, NULL),
(282, NULL, NULL, NULL, 561, 'towing', NULL, 562, NULL, 279, '拖车', NULL, NULL),
(283, NULL, NULL, NULL, 563, 'oilchange', NULL, 564, NULL, 279, '换偈油车房', NULL, NULL),
(284, NULL, NULL, NULL, 565, 'vehicleshipping', NULL, 566, NULL, 279, '搬运汽车', NULL, NULL),
(285, NULL, NULL, NULL, 567, 'windshieldinstallrepair', NULL, 568, NULL, 279, '汽车挡风玻璃安装及维修', NULL, NULL),
(286, NULL, NULL, NULL, 569, 'autoglass', NULL, 570, NULL, 279, '汽车玻璃', NULL, NULL),
(287, NULL, NULL, NULL, 571, 'car_dealers', NULL, 572, NULL, 279, '汽车经销商', NULL, NULL),
(288, NULL, NULL, NULL, 573, 'autorepair', NULL, 574, NULL, 279, '汽车维修', NULL, NULL),
(289, NULL, NULL, NULL, 575, 'auto_detailing', NULL, 576, NULL, 279, '汽车美容', NULL, NULL),
(290, NULL, NULL, NULL, 577, 'autopartssupplies', NULL, 578, NULL, 279, '汽车零件及用品', NULL, NULL),
(291, NULL, NULL, NULL, 579, 'stereo_installation', NULL, 580, NULL, 279, '汽车音响安装', NULL, NULL),
(292, NULL, NULL, NULL, 581, 'servicestations', NULL, 582, NULL, 279, '油站', NULL, NULL),
(293, NULL, NULL, NULL, 583, 'carwash', NULL, 584, NULL, 279, '洗车', NULL, NULL),
(294, NULL, NULL, NULL, 585, 'bodyshops', NULL, 586, NULL, 279, '车身护理', NULL, NULL),
(295, NULL, NULL, NULL, 587, 'tires', NULL, 588, NULL, 279, '轮胎', NULL, NULL),
(296, NULL, NULL, NULL, 589, 'motorcycledealers', NULL, 590, NULL, 279, '电单车经销商', NULL, NULL),
(297, NULL, NULL, NULL, 591, 'motorcyclerepair', NULL, 592, NULL, 279, '电单车维修', NULL, NULL),
(298, NULL, NULL, NULL, 594, 'eventservices', NULL, 627, NULL, 1, '活动策划及统筹', NULL, NULL),
(299, NULL, NULL, NULL, 595, 'djs', NULL, 596, NULL, 298, 'DJ', NULL, NULL),
(300, NULL, NULL, NULL, 597, 'catering', NULL, 598, NULL, 298, '到会', NULL, NULL),
(301, NULL, NULL, NULL, 599, 'boatcharters', NULL, 600, NULL, 298, '包船', NULL, NULL),
(302, NULL, NULL, NULL, 601, 'wedding_planning', NULL, 602, NULL, 298, '婚礼策划', NULL, NULL),
(303, NULL, NULL, NULL, 603, 'clowns', NULL, 604, NULL, 298, '小丑', NULL, NULL),
(304, NULL, NULL, NULL, 605, 'videographers', NULL, 606, NULL, 298, '拍摄师', NULL, NULL),
(305, NULL, NULL, NULL, 607, 'photographers', NULL, 608, NULL, 298, '摄影师', NULL, NULL),
(306, NULL, NULL, NULL, 609, 'venues', NULL, 610, NULL, 298, '会场及活动空间', NULL, NULL),
(307, NULL, NULL, NULL, 611, 'eventplanning', NULL, 612, NULL, 298, '派对及活动策划', NULL, NULL),
(308, NULL, NULL, NULL, 613, 'partysupplies', NULL, 614, NULL, 298, '派对用品', NULL, NULL),
(309, NULL, NULL, NULL, 615, 'personalchefs', NULL, 616, NULL, 298, '私人厨师', NULL, NULL),
(310, NULL, NULL, NULL, 617, 'stationery', NULL, 618, NULL, 298, '贺卡及文具', NULL, NULL),
(311, NULL, NULL, NULL, 619, 'hotels', NULL, 622, NULL, 298, '酒店', NULL, NULL),
(312, NULL, NULL, NULL, 620, 'reststops', NULL, 621, NULL, 311, '休息站', NULL, NULL),
(313, NULL, NULL, NULL, 623, 'musicians', NULL, 624, NULL, 298, '音乐家', NULL, NULL),
(314, NULL, NULL, NULL, 625, 'magicians', NULL, 626, NULL, 298, '魔术师', NULL, NULL),
(315, NULL, NULL, NULL, 628, 'beautysvc', NULL, 671, NULL, 1, '美容及水疗店', NULL, NULL),
(316, NULL, NULL, NULL, 629, 'cosmetics', NULL, 630, NULL, 315, '化妆品及美容用品', NULL, NULL),
(317, NULL, NULL, NULL, 631, 'makeupartists', NULL, 632, NULL, 315, '化妆师', NULL, NULL),
(318, NULL, NULL, NULL, 633, 'tanning', NULL, 638, NULL, 315, '太阳灯', NULL, NULL),
(319, NULL, NULL, NULL, 634, 'spraytanning', NULL, 635, NULL, 318, '古铜色喷雾', NULL, NULL),
(320, NULL, NULL, NULL, 636, 'tanningbeds', NULL, 637, NULL, 318, '太阳灯床', NULL, NULL),
(321, NULL, NULL, NULL, 639, 'massage', NULL, 640, NULL, 315, '按摩', NULL, NULL),
(322, NULL, NULL, NULL, 641, 'spas', NULL, 642, NULL, 315, '日间水疗中心', NULL, NULL),
(323, NULL, NULL, NULL, 643, 'barbers', NULL, 644, NULL, 315, '理发师', NULL, NULL),
(324, NULL, NULL, NULL, 645, 'skincare', NULL, 646, NULL, 315, '皮肤护理', NULL, NULL),
(325, NULL, NULL, NULL, 647, 'eyelashservice', NULL, 648, NULL, 315, '睫毛护理', NULL, NULL),
(326, NULL, NULL, NULL, 649, 'permanentmakeup', NULL, 650, NULL, 315, '纹绣', NULL, NULL),
(327, NULL, NULL, NULL, 651, 'tattoo', NULL, 652, NULL, 315, '纹身', NULL, NULL),
(328, NULL, NULL, NULL, 653, 'othersalons', NULL, 654, NULL, 315, '美甲店', NULL, NULL),
(329, NULL, NULL, NULL, 655, 'hairremoval', NULL, 660, NULL, 315, '脱毛', NULL, NULL),
(330, NULL, NULL, NULL, 656, 'laser_hair_removal', NULL, 657, NULL, 329, '激光脱毛', NULL, NULL),
(331, NULL, NULL, NULL, 658, 'waxing', NULL, 659, NULL, 329, '脱毛', NULL, NULL),
(332, NULL, NULL, NULL, 661, 'hairloss', NULL, 662, NULL, 315, '护发中心', NULL, NULL),
(333, NULL, NULL, NULL, 663, 'medicalspa', NULL, 664, NULL, 315, '医疗水疗', NULL, NULL),
(334, NULL, NULL, NULL, 665, 'perfume', NULL, 666, NULL, 315, '香水', NULL, NULL),
(335, NULL, NULL, NULL, 667, 'piercing', NULL, 668, NULL, 315, '体环穿刺', NULL, NULL),
(336, NULL, NULL, NULL, 669, 'hair', NULL, 670, NULL, 315, '发型屋', NULL, NULL),
(337, NULL, NULL, NULL, 672, 'arts', NULL, 723, NULL, 1, '艺术及娱乐', NULL, NULL),
(338, NULL, NULL, NULL, 673, 'museums', NULL, 674, NULL, 337, '博物馆', NULL, NULL),
(339, NULL, NULL, NULL, 675, 'choirs', NULL, 676, NULL, 337, '合唱团', NULL, NULL),
(340, NULL, NULL, NULL, 677, 'ticketsales', NULL, 678, NULL, 337, '售票', NULL, NULL),
(341, NULL, NULL, NULL, 679, 'planetarium', NULL, 680, NULL, 337, '天象仪', NULL, NULL),
(342, NULL, NULL, NULL, 681, 'sportsteams', NULL, 682, NULL, 337, '专业运动队', NULL, NULL),
(343, NULL, NULL, NULL, 683, 'movietheaters', NULL, 684, NULL, 337, '戏院', NULL, NULL),
(344, NULL, NULL, NULL, 685, 'bettingcenters', NULL, 686, NULL, 337, '投注站', NULL, NULL),
(345, NULL, NULL, NULL, 687, 'culturalcenter', NULL, 688, NULL, 337, '文化中心', NULL, NULL),
(346, NULL, NULL, NULL, 689, 'gardens', NULL, 690, NULL, 337, '植物园', NULL, NULL),
(347, NULL, NULL, NULL, 691, 'opera', NULL, 692, NULL, 337, '歌剧及芭蕾', NULL, NULL),
(348, NULL, NULL, NULL, 693, 'jazzandblues', NULL, 694, NULL, 337, '爵士及蓝调', NULL, NULL),
(349, NULL, NULL, NULL, 695, 'social_clubs', NULL, 696, NULL, 337, '社交会所', NULL, NULL),
(350, NULL, NULL, NULL, 697, 'festivals', NULL, 700, NULL, 337, '节日', NULL, NULL),
(351, NULL, NULL, NULL, 698, 'xmasmarkets', NULL, 699, NULL, 350, '圣诞街会', NULL, NULL),
(352, NULL, NULL, NULL, 701, 'paintandsip', NULL, 702, NULL, 337, '艺术品酒室', NULL, NULL),
(353, NULL, NULL, NULL, 703, 'galleries', NULL, 704, NULL, 337, '艺术画廊', NULL, NULL),
(354, NULL, NULL, NULL, 705, 'theater', NULL, 706, NULL, 337, '表演艺术', NULL, NULL),
(355, NULL, NULL, NULL, 707, 'observatories', NULL, 708, NULL, 337, '观景台', NULL, NULL),
(356, NULL, NULL, NULL, 709, 'racetracks', NULL, 710, NULL, 337, '赛道', NULL, NULL),
(357, NULL, NULL, NULL, 711, 'psychic_astrology', NULL, 712, NULL, 337, '通灵及占星家', NULL, NULL),
(358, NULL, NULL, NULL, 713, 'arcades', NULL, 714, NULL, 337, '游戏中心', NULL, NULL),
(359, NULL, NULL, NULL, 715, 'wineries', NULL, 716, NULL, 337, '酒庄', NULL, NULL),
(360, NULL, NULL, NULL, 717, 'musicvenues', NULL, 718, NULL, 337, '音乐表演场地', NULL, NULL),
(361, NULL, NULL, NULL, 719, 'stadiumsarenas', NULL, 720, NULL, 337, '体育场及竞技场', NULL, NULL),
(362, NULL, NULL, NULL, 721, 'mahjong', NULL, 722, NULL, 337, '麻雀馆', NULL, NULL),
(363, NULL, NULL, NULL, 724, 'shopping', NULL, 905, NULL, 1, '购物', NULL, NULL),
(364, NULL, NULL, NULL, 725, 'hifi', NULL, 726, NULL, 363, 'Hi-Fi 音响器材', NULL, NULL),
(365, NULL, NULL, NULL, 727, 'fitnessequipment', NULL, 728, NULL, 363, '健身／运动器材', NULL, NULL),
(366, NULL, NULL, NULL, 729, 'uniforms', NULL, 730, NULL, 363, '制服', NULL, NULL),
(367, NULL, NULL, NULL, 731, 'cosmetics', NULL, 732, NULL, 363, '化妆品及美容用品', NULL, NULL),
(368, NULL, NULL, NULL, 733, 'antiques', NULL, 734, NULL, 363, '古董', NULL, NULL),
(369, NULL, NULL, NULL, 735, 'shoppingcenters', NULL, 736, NULL, 363, '商场', NULL, NULL),
(370, NULL, NULL, NULL, 737, 'thrift_stores', NULL, 738, NULL, 363, '夜冷舖', NULL, NULL),
(371, NULL, NULL, NULL, 739, 'baby_gear', NULL, 740, NULL, 363, '婴儿服装和家具', NULL, NULL),
(372, NULL, NULL, NULL, 741, 'homeandgarden', NULL, 760, NULL, 363, '家居及园艺', NULL, NULL),
(373, NULL, NULL, NULL, 742, 'hardware', NULL, 743, NULL, 372, '五金舖', NULL, NULL),
(374, NULL, NULL, NULL, 744, 'furniture', NULL, 745, NULL, 372, '傢俬舖', NULL, NULL),
(375, NULL, NULL, NULL, 746, 'homedecor', NULL, 747, NULL, 372, '家居装饰', NULL, NULL),
(376, NULL, NULL, NULL, 748, 'appliances', NULL, 749, NULL, 372, '家居电器', NULL, NULL),
(377, NULL, NULL, NULL, 750, 'mattresses', NULL, 751, NULL, 372, '床褥', NULL, NULL),
(378, NULL, NULL, NULL, 752, 'kitchenandbath', NULL, 753, NULL, 372, '厨房及浴室', NULL, NULL),
(379, NULL, NULL, NULL, 754, 'hottubandpool', NULL, 755, NULL, 372, '热水浴池及游泳池', NULL, NULL),
(380, NULL, NULL, NULL, 756, 'christmastrees', NULL, 757, NULL, 372, '圣诞树', NULL, NULL),
(381, NULL, NULL, NULL, 758, 'gardening', NULL, 759, NULL, 372, '苗圃和园艺', NULL, NULL),
(382, NULL, NULL, NULL, 761, 'photographystores', NULL, 762, NULL, 363, '影相舖及服务', NULL, NULL),
(383, NULL, NULL, NULL, 763, 'media', NULL, 778, NULL, 363, '影音、书籍及杂志', NULL, NULL),
(384, NULL, NULL, NULL, 764, 'mags', NULL, 765, NULL, 383, '报纸杂志', NULL, NULL),
(385, NULL, NULL, NULL, 766, 'videoandgames', NULL, 767, NULL, 383, '影片及电子游戏租赁', NULL, NULL),
(386, NULL, NULL, NULL, 768, 'bookstores', NULL, 769, NULL, 383, '书店', NULL, NULL),
(387, NULL, NULL, NULL, 770, 'comicbooks', NULL, 771, NULL, 383, '漫画书', NULL, NULL),
(388, NULL, NULL, NULL, 772, 'videogamestores', NULL, 773, NULL, 383, '电子游戏専门店', NULL, NULL),
(389, NULL, NULL, NULL, 774, 'musicvideo', NULL, 775, NULL, 383, '音乐及DVDs', NULL, NULL),
(390, NULL, NULL, NULL, 776, 'vinyl_records', NULL, 777, NULL, 383, '黑胶唱片', NULL, NULL),
(391, NULL, NULL, NULL, 779, 'adult', NULL, 780, NULL, 363, '成人', NULL, NULL),
(392, NULL, NULL, NULL, 781, 'mobilephones', NULL, 782, NULL, 363, '手提电话', NULL, NULL),
(393, NULL, NULL, NULL, 783, 'wholesale_stores', NULL, 784, NULL, 363, '批发店', NULL, NULL),
(394, NULL, NULL, NULL, 785, 'fashion', NULL, 812, NULL, 363, '时尚', NULL, NULL),
(395, NULL, NULL, NULL, 786, 'vintage', NULL, 787, NULL, 394, '二手，复古及寄售', NULL, NULL),
(396, NULL, NULL, NULL, 788, 'lingerie', NULL, 789, NULL, 394, '女用贴身内衣裤', NULL, NULL),
(397, NULL, NULL, NULL, 790, 'womenscloth', NULL, 791, NULL, 394, '女装', NULL, NULL),
(398, NULL, NULL, NULL, 792, 'maternity', NULL, 793, NULL, 394, '孕妇装', NULL, NULL),
(399, NULL, NULL, NULL, 794, 'swimwear', NULL, 795, NULL, 394, '泳装', NULL, NULL),
(400, NULL, NULL, NULL, 796, 'menscloth', NULL, 797, NULL, 394, '男装', NULL, NULL),
(401, NULL, NULL, NULL, 798, 'deptstores', NULL, 799, NULL, 394, '百货公司', NULL, NULL),
(402, NULL, NULL, NULL, 800, 'leather', NULL, 801, NULL, 394, '皮革制品', NULL, NULL),
(403, NULL, NULL, NULL, 802, 'childcloth', NULL, 803, NULL, 394, '童装', NULL, NULL),
(404, NULL, NULL, NULL, 804, 'surfshop', NULL, 805, NULL, 394, '冲浪用品店', NULL, NULL),
(405, NULL, NULL, NULL, 806, 'sportswear', NULL, 807, NULL, 394, '运动服', NULL, NULL),
(406, NULL, NULL, NULL, 808, 'shoes', NULL, 809, NULL, 394, '鞋舖', NULL, NULL),
(407, NULL, NULL, NULL, 810, 'accessories', NULL, 811, NULL, 394, '饰物', NULL, NULL),
(408, NULL, NULL, NULL, 813, 'hobbyshops', NULL, 814, NULL, 363, '业余爱好品店', NULL, NULL),
(409, NULL, NULL, NULL, 815, 'musicalinstrumentsandteachers', NULL, 816, NULL, 363, '乐器及教师', NULL, NULL),
(410, NULL, NULL, NULL, 817, 'tobaccoshops', NULL, 818, NULL, 363, '烟草店', NULL, NULL),
(411, NULL, NULL, NULL, 819, 'discountstore', NULL, 820, NULL, 363, '特卖场', NULL, NULL),
(412, NULL, NULL, NULL, 821, 'trophyshops', NULL, 822, NULL, 363, '奖杯店', NULL, NULL),
(413, NULL, NULL, NULL, 823, 'toys', NULL, 824, NULL, 363, '玩具店', NULL, NULL),
(414, NULL, NULL, NULL, 825, 'jewelry', NULL, 826, NULL, 363, '珠宝首饰', NULL, NULL),
(415, NULL, NULL, NULL, 827, 'pawn', NULL, 828, NULL, 363, '当舖', NULL, NULL),
(416, NULL, NULL, NULL, 829, 'deptstores', NULL, 830, NULL, 363, '百货公司', NULL, NULL),
(417, NULL, NULL, NULL, 831, 'outlet_stores', NULL, 832, NULL, 363, '直销店', NULL, NULL),
(418, NULL, NULL, NULL, 833, 'opticians', NULL, 834, NULL, 363, '眼镜及配镜师', NULL, NULL),
(419, NULL, NULL, NULL, 835, 'popupshops', NULL, 836, NULL, 363, '短期商店', NULL, NULL),
(420, NULL, NULL, NULL, 837, 'personal_shopping', NULL, 838, NULL, 363, '私人购物', NULL, NULL),
(421, NULL, NULL, NULL, 839, 'souvenirs', NULL, 840, NULL, 363, '纪念品店', NULL, NULL),
(422, NULL, NULL, NULL, 841, 'bridal', NULL, 842, NULL, 363, '结婚筹备', NULL, NULL),
(423, NULL, NULL, NULL, 843, 'poolbilliards', NULL, 844, NULL, 363, '英式及美式桌球', NULL, NULL),
(424, NULL, NULL, NULL, 845, 'artsandcrafts', NULL, 858, NULL, 363, '艺术及手工艺', NULL, NULL),
(425, NULL, NULL, NULL, 846, 'fabricstores', NULL, 847, NULL, 424, '布艺店', NULL, NULL),
(426, NULL, NULL, NULL, 848, 'costumes', NULL, 849, NULL, 424, '服饰', NULL, NULL),
(427, NULL, NULL, NULL, 850, 'framing', NULL, 851, NULL, 424, '框架', NULL, NULL),
(428, NULL, NULL, NULL, 852, 'cookingclasses', NULL, 853, NULL, 424, '烹饪班', NULL, NULL),
(429, NULL, NULL, NULL, 854, 'artsupplies', NULL, 855, NULL, 424, '美术用品', NULL, NULL),
(430, NULL, NULL, NULL, 856, 'stationery', NULL, 857, NULL, 424, '贺卡及文具', NULL, NULL),
(431, NULL, NULL, NULL, 859, 'galleries', NULL, 860, NULL, 363, '艺术画廊', NULL, NULL),
(432, NULL, NULL, NULL, 861, 'drugstores', NULL, 862, NULL, 363, '药房', NULL, NULL),
(433, NULL, NULL, NULL, 863, 'luggage', NULL, 864, NULL, 363, '行李', NULL, NULL),
(434, NULL, NULL, NULL, 865, 'custommerchandise', NULL, 866, NULL, 363, '订做商品', NULL, NULL),
(435, NULL, NULL, NULL, 867, 'fleamarkets', NULL, 868, NULL, 363, '跳蚤市场', NULL, NULL),
(436, NULL, NULL, NULL, 869, 'officeequipment', NULL, 870, NULL, 363, '办公室设备', NULL, NULL),
(437, NULL, NULL, NULL, 871, 'knittingsupplies', NULL, 872, NULL, 363, '针织用品', NULL, NULL),
(438, NULL, NULL, NULL, 873, 'watches', NULL, 874, NULL, 363, '钟表', NULL, NULL),
(439, NULL, NULL, NULL, 875, 'motorcyclinggear', NULL, 876, NULL, 363, '电单车装备', NULL, NULL),
(440, NULL, NULL, NULL, 877, 'electronics', NULL, 878, NULL, 363, '电子产品', NULL, NULL),
(441, NULL, NULL, NULL, 879, 'batterystores', NULL, 880, NULL, 363, '电池专门店', NULL, NULL),
(442, NULL, NULL, NULL, 881, 'computers', NULL, 882, NULL, 363, '电脑', NULL, NULL),
(443, NULL, NULL, NULL, 883, 'perfume', NULL, 884, NULL, 363, '香水', NULL, NULL),
(444, NULL, NULL, NULL, 885, 'sportgoods', NULL, 894, NULL, 363, '体育用品', NULL, NULL),
(445, NULL, NULL, NULL, 886, 'bikes', NULL, 887, NULL, 444, '单车', NULL, NULL),
(446, NULL, NULL, NULL, 888, 'outdoorgear', NULL, 889, NULL, 444, '户外用品', NULL, NULL),
(447, NULL, NULL, NULL, 890, 'skateshops', NULL, 891, NULL, 444, '滑板专门店', NULL, NULL),
(448, NULL, NULL, NULL, 892, 'sportswear', NULL, 893, NULL, 444, '运动服', NULL, NULL),
(449, NULL, NULL, NULL, 895, 'golfshops', NULL, 896, NULL, 363, '高尔夫球用品店', NULL, NULL),
(450, NULL, NULL, NULL, 897, 'flowers', NULL, 904, NULL, 363, '鲜花礼品', NULL, NULL),
(451, NULL, NULL, NULL, 898, 'giftshops', NULL, 899, NULL, 450, '礼品店', NULL, NULL),
(452, NULL, NULL, NULL, 900, 'florists', NULL, 901, NULL, 450, '花店', NULL, NULL),
(453, NULL, NULL, NULL, 902, 'stationery', NULL, 903, NULL, 450, '贺卡及文具', NULL, NULL),
(454, NULL, NULL, NULL, 906, 'hotelstravel', NULL, 971, NULL, 1, '酒店及旅游', NULL, NULL),
(455, NULL, NULL, NULL, 907, 'bedbreakfast', NULL, 908, NULL, 454, '住宿加早餐旅馆', NULL, NULL),
(456, NULL, NULL, NULL, 909, 'healthretreats', NULL, 910, NULL, 454, '健康疗养院', NULL, NULL),
(457, NULL, NULL, NULL, 911, 'vacation_rentals', NULL, 912, NULL, 454, '度假屋租赁', NULL, NULL),
(458, NULL, NULL, NULL, 913, 'vacationrentalagents', NULL, 914, NULL, 454, '度假屋租赁代理', NULL, NULL),
(459, NULL, NULL, NULL, 915, 'tours', NULL, 930, NULL, 454, '旅行团', NULL, NULL),
(460, NULL, NULL, NULL, 916, 'winetours', NULL, 917, NULL, 459, '品酒团', NULL, NULL),
(461, NULL, NULL, NULL, 918, 'walkingtours', NULL, 919, NULL, 459, '导赏团', NULL, NULL),
(462, NULL, NULL, NULL, 920, 'bustours', NULL, 921, NULL, 459, '巴士团', NULL, NULL),
(463, NULL, NULL, NULL, 922, 'architecturaltours', NULL, 923, NULL, 459, '建筑游览', NULL, NULL),
(464, NULL, NULL, NULL, 924, 'historicaltours', NULL, 925, NULL, 459, '历史游览', NULL, NULL),
(465, NULL, NULL, NULL, 926, 'foodtours', NULL, 927, NULL, 459, '美食团', NULL, NULL),
(466, NULL, NULL, NULL, 928, 'arttours', NULL, 929, NULL, 459, '艺术游览', NULL, NULL),
(467, NULL, NULL, NULL, 931, 'travelservices', NULL, 932, NULL, 454, '旅游服务', NULL, NULL),
(468, NULL, NULL, NULL, 933, 'hostels', NULL, 934, NULL, 454, '旅馆', NULL, NULL),
(469, NULL, NULL, NULL, 935, 'airports', NULL, 936, NULL, 454, '机场', NULL, NULL),
(470, NULL, NULL, NULL, 937, 'guesthouses', NULL, 938, NULL, 454, '民宿', NULL, NULL),
(471, NULL, NULL, NULL, 939, 'carrental', NULL, 940, NULL, 454, '汽车租赁', NULL, NULL),
(472, NULL, NULL, NULL, 941, 'skiresorts', NULL, 942, NULL, 454, '滑雪度假村', NULL, NULL),
(473, NULL, NULL, NULL, 943, 'campgrounds', NULL, 944, NULL, 454, '营地', NULL, NULL),
(474, NULL, NULL, NULL, 945, 'transport', NULL, 962, NULL, 454, '运输', NULL, NULL),
(475, NULL, NULL, NULL, 946, 'publictransport', NULL, 947, NULL, 474, '公共交通', NULL, NULL),
(476, NULL, NULL, NULL, 948, 'bikesharing', NULL, 949, NULL, 474, '单车共享', NULL, NULL),
(477, NULL, NULL, NULL, 950, 'buses', NULL, 951, NULL, 474, '巴士', NULL, NULL),
(478, NULL, NULL, NULL, 952, 'airport_shuttles', NULL, 953, NULL, 474, '机场接送', NULL, NULL),
(479, NULL, NULL, NULL, 954, 'ferries', NULL, 955, NULL, 474, '渡轮', NULL, NULL),
(480, NULL, NULL, NULL, 956, 'taxis', NULL, 957, NULL, 474, '的士', NULL, NULL),
(481, NULL, NULL, NULL, 958, 'airlines', NULL, 959, NULL, 474, '航空公司', NULL, NULL),
(482, NULL, NULL, NULL, 960, 'limos', NULL, 961, NULL, 474, '豪华房车', NULL, NULL),
(483, NULL, NULL, NULL, 963, 'hotels', NULL, 966, NULL, 454, '酒店', NULL, NULL),
(484, NULL, NULL, NULL, 964, 'reststops', NULL, 965, NULL, 483, '休息站', NULL, NULL),
(485, NULL, NULL, NULL, 967, 'trainstations', NULL, 968, NULL, 454, '铁路站', NULL, NULL),
(486, NULL, NULL, NULL, 969, 'rvrental', NULL, 970, NULL, 454, '露营车租赁', NULL, NULL),
(487, NULL, NULL, NULL, 972, 'financialservices', NULL, 987, NULL, 1, '金融服务', NULL, NULL),
(488, NULL, NULL, NULL, 973, 'insurance', NULL, 974, NULL, 487, '保险', NULL, NULL),
(489, NULL, NULL, NULL, 975, 'currencyexchange', NULL, 976, NULL, 487, '外币兑换', NULL, NULL),
(490, NULL, NULL, NULL, 977, 'investing', NULL, 978, NULL, 487, '投资', NULL, NULL),
(491, NULL, NULL, NULL, 979, 'paydayloans', NULL, 980, NULL, 487, '支票兑现／贷款', NULL, NULL),
(492, NULL, NULL, NULL, 981, 'taxservices', NULL, 982, NULL, 487, '税务服务', NULL, NULL),
(493, NULL, NULL, NULL, 983, 'financialadvising', NULL, 984, NULL, 487, '财务顾问', NULL, NULL),
(494, NULL, NULL, NULL, 985, 'banks', NULL, 986, NULL, 487, '银行及信贷协会', NULL, NULL),
(495, NULL, NULL, NULL, 988, 'food', NULL, 1059, NULL, 1, '食品', NULL, NULL),
(496, NULL, NULL, NULL, 989, 'convenience', NULL, 990, NULL, 495, '便利店', NULL, NULL),
(497, NULL, NULL, NULL, 991, 'donuts', NULL, 992, NULL, 495, '冬甩', NULL, NULL),
(498, NULL, NULL, NULL, 993, 'coffee', NULL, 994, NULL, 495, '咖啡或茶', NULL, NULL),
(499, NULL, NULL, NULL, 995, 'breweries', NULL, 996, NULL, 495, '啤酒酿制店', NULL, NULL),
(500, NULL, NULL, NULL, 997, 'beer_and_wine', NULL, 998, NULL, 495, '啤酒，葡萄酒及烈酒', NULL, NULL),
(501, NULL, NULL, NULL, 999, 'fooddeliveryservices', NULL, 1000, NULL, 495, '外卖送递服务', NULL, NULL),
(502, NULL, NULL, NULL, 1001, 'foodtrucks', NULL, 1002, NULL, 495, '快餐车', NULL, NULL),
(503, NULL, NULL, NULL, 1003, 'organic_stores', NULL, 1004, NULL, 495, '有机店', NULL, NULL),
(504, NULL, NULL, NULL, 1005, 'cupcakes', NULL, 1006, NULL, 495, '杯子蛋糕', NULL, NULL),
(505, NULL, NULL, NULL, 1007, 'juicebars', NULL, 1008, NULL, 495, '果汁沙冰店', NULL, NULL),
(506, NULL, NULL, NULL, 1009, 'hawkercentre', NULL, 1010, NULL, 495, '熟食中心', NULL, NULL),
(507, NULL, NULL, NULL, 1011, 'delicatessen', NULL, 1012, NULL, 495, '熟食店', NULL, NULL),
(508, NULL, NULL, NULL, 1013, 'gourmet', NULL, 1032, NULL, 495, '特色食品', NULL, NULL),
(509, NULL, NULL, NULL, 1014, 'healthmarkets', NULL, 1015, NULL, 508, '健康食品店', NULL, NULL),
(510, NULL, NULL, NULL, 1016, 'chocolate', NULL, 1017, NULL, 508, '巧克力店', NULL, NULL),
(511, NULL, NULL, NULL, 1018, 'ethnicmarkets', NULL, 1019, NULL, 508, '民族食品', NULL, NULL),
(512, NULL, NULL, NULL, 1020, 'markets', NULL, 1021, NULL, 508, '水果及蔬菜', NULL, NULL),
(513, NULL, NULL, NULL, 1022, 'seafoodmarkets', NULL, 1023, NULL, 508, '海鲜市场', NULL, NULL),
(514, NULL, NULL, NULL, 1024, 'candy', NULL, 1025, NULL, 508, '糖果店', NULL, NULL),
(515, NULL, NULL, NULL, 1026, 'meats', NULL, 1027, NULL, 508, '肉舖', NULL, NULL),
(516, NULL, NULL, NULL, 1028, 'cheese', NULL, 1029, NULL, 508, '芝士专门店', NULL, NULL),
(517, NULL, NULL, NULL, 1030, 'herbsandspices', NULL, 1031, NULL, 508, '草药和香料', NULL, NULL),
(518, NULL, NULL, NULL, 1033, 'bubbletea', NULL, 1034, NULL, 495, '珍珠奶茶', NULL, NULL),
(519, NULL, NULL, NULL, 1035, 'desserts', NULL, 1036, NULL, 495, '甜品', NULL, NULL),
(520, NULL, NULL, NULL, 1037, 'bagels', NULL, 1038, NULL, 495, '百吉圈／贝果', NULL, NULL),
(521, NULL, NULL, NULL, 1039, 'internetcafe', NULL, 1040, NULL, 495, '网吧', NULL, NULL),
(522, NULL, NULL, NULL, 1041, 'butcher', NULL, 1042, NULL, 495, '肉食品店', NULL, NULL),
(523, NULL, NULL, NULL, 1043, 'diyfood', NULL, 1044, NULL, 495, '自制食品', NULL, NULL),
(524, NULL, NULL, NULL, 1045, 'tea', NULL, 1046, NULL, 495, '茶室', NULL, NULL),
(525, NULL, NULL, NULL, 1047, 'farmersmarket', NULL, 1048, NULL, 495, '街市', NULL, NULL),
(526, NULL, NULL, NULL, 1049, 'streetvendors', NULL, 1050, NULL, 495, '街头小食', NULL, NULL),
(527, NULL, NULL, NULL, 1051, 'grocery', NULL, 1052, NULL, 495, '超级市场', NULL, NULL),
(528, NULL, NULL, NULL, 1053, 'wineries', NULL, 1054, NULL, 495, '酒庄', NULL, NULL),
(529, NULL, NULL, NULL, 1055, 'icecream', NULL, 1056, NULL, 495, '雪糕／冰冻乳酪', NULL, NULL),
(530, NULL, NULL, NULL, 1057, 'bakeries', NULL, 1058, NULL, 495, '面包舖', NULL, NULL),
(531, NULL, NULL, NULL, 1060, 'restaurants', NULL, 1287, NULL, 1, '餐厅', NULL, NULL),
(532, NULL, NULL, NULL, 1061, 'sandwiches', NULL, 1062, NULL, 531, '三文治', NULL, NULL),
(533, NULL, NULL, NULL, 1063, 'gluten_free', NULL, 1064, NULL, 531, '不含麸质', NULL, NULL),
(534, NULL, NULL, NULL, 1065, 'chinese', NULL, 1086, NULL, 531, '中国菜', NULL, NULL),
(535, NULL, NULL, NULL, 1066, 'shanghainese', NULL, 1067, NULL, 534, '上海菜', NULL, NULL);
INSERT INTO `shop_category` (`id`, `icon`, `ids`, `levelinfo`, `lft`, `name`, `path`, `rgt`, `sortnum`, `pid`, `cname`, `pinyin`, `py`) VALUES
(536, NULL, NULL, NULL, 1068, 'pekinese', NULL, 1069, NULL, 534, '北京菜', NULL, NULL),
(537, NULL, NULL, NULL, 1070, 'szechuan', NULL, 1071, NULL, 534, '四川菜', NULL, NULL),
(538, NULL, NULL, NULL, 1072, 'hakka', NULL, 1073, NULL, 534, '客家菜', NULL, NULL),
(539, NULL, NULL, NULL, 1074, 'cantonese', NULL, 1075, NULL, 534, '广东菜', NULL, NULL),
(540, NULL, NULL, NULL, 1076, 'hunan', NULL, 1077, NULL, 534, '湖南菜', NULL, NULL),
(541, NULL, NULL, NULL, 1078, 'teochew', NULL, 1079, NULL, 534, '潮州菜', NULL, NULL),
(542, NULL, NULL, NULL, 1080, 'fuzhou', NULL, 1081, NULL, 534, '福州菜', NULL, NULL),
(543, NULL, NULL, NULL, 1082, 'congee', NULL, 1083, NULL, 534, '粥粉面', NULL, NULL),
(544, NULL, NULL, NULL, 1084, 'dimsum', NULL, 1085, NULL, 534, '点心', NULL, NULL),
(545, NULL, NULL, NULL, 1087, 'mideastern', NULL, 1088, NULL, 531, '中东菜', NULL, NULL),
(546, NULL, NULL, NULL, 1089, 'asianfusion', NULL, 1090, NULL, 531, '亚洲融合', NULL, NULL),
(547, NULL, NULL, NULL, 1091, 'russian', NULL, 1092, NULL, 531, '俄罗斯菜', NULL, NULL),
(548, NULL, NULL, NULL, 1093, 'bulgarian', NULL, 1094, NULL, 531, '保加利亚菜', NULL, NULL),
(549, NULL, NULL, NULL, 1095, 'vegan', NULL, 1096, NULL, 531, '全素', NULL, NULL),
(550, NULL, NULL, NULL, 1097, 'caribbean', NULL, 1098, NULL, 531, '加勒比菜', NULL, NULL),
(551, NULL, NULL, NULL, 1099, 'hungarian', NULL, 1100, NULL, 531, '匈牙利菜', NULL, NULL),
(552, NULL, NULL, NULL, 1101, 'scandinavian', NULL, 1102, NULL, 531, '北欧菜', NULL, NULL),
(553, NULL, NULL, NULL, 1103, 'kebab', NULL, 1104, NULL, 531, '卡巴串烧', NULL, NULL),
(554, NULL, NULL, NULL, 1105, 'indonesian', NULL, 1106, NULL, 531, '印尼菜', NULL, NULL),
(555, NULL, NULL, NULL, 1107, 'indpak', NULL, 1108, NULL, 531, '印度菜', NULL, NULL),
(556, NULL, NULL, NULL, 1109, 'cuban', NULL, 1110, NULL, 531, '古巴菜', NULL, NULL),
(557, NULL, NULL, NULL, 1111, 'taiwanese', NULL, 1112, NULL, 531, '台湾菜', NULL, NULL),
(558, NULL, NULL, NULL, 1113, 'cafes', NULL, 1114, NULL, 531, '咖啡室', NULL, NULL),
(559, NULL, NULL, NULL, 1115, 'himalayan', NULL, 1116, NULL, 531, '喜马拉雅山／尼泊尔', NULL, NULL),
(560, NULL, NULL, NULL, 1117, 'international', NULL, 1118, NULL, 531, '国际菜', NULL, NULL),
(561, NULL, NULL, NULL, 1119, 'turkish', NULL, 1120, NULL, 531, '土耳其菜', NULL, NULL),
(562, NULL, NULL, NULL, 1121, 'mediterranean', NULL, 1124, NULL, 531, '地中海菜', NULL, NULL),
(563, NULL, NULL, NULL, 1122, 'falafel', NULL, 1123, NULL, 562, '油炸鹰嘴豆饼', NULL, NULL),
(564, NULL, NULL, NULL, 1125, 'ethiopian', NULL, 1126, NULL, 531, '埃塞俄比亚菜', NULL, NULL),
(565, NULL, NULL, NULL, 1127, 'mexican', NULL, 1128, NULL, 531, '墨西哥菜', NULL, NULL),
(566, NULL, NULL, NULL, 1129, 'sushi', NULL, 1130, NULL, 531, '寿司店', NULL, NULL),
(567, NULL, NULL, NULL, 1131, 'hawaiian', NULL, 1132, NULL, 531, '夏威夷菜', NULL, NULL),
(568, NULL, NULL, NULL, 1133, 'austrian', NULL, 1134, NULL, 531, '奥地利菜', NULL, NULL),
(569, NULL, NULL, NULL, 1135, 'bangladeshi', NULL, 1136, NULL, 531, '孟加拉菜', NULL, NULL),
(570, NULL, NULL, NULL, 1137, 'foodstands', NULL, 1138, NULL, 531, '小食档', NULL, NULL),
(571, NULL, NULL, NULL, 1139, 'bistros', NULL, 1140, NULL, 531, '小馆', NULL, NULL),
(572, NULL, NULL, NULL, 1141, 'pakistani', NULL, 1142, NULL, 531, '巴基斯坦菜', NULL, NULL),
(573, NULL, NULL, NULL, 1143, 'basque', NULL, 1144, NULL, 531, '巴斯克菜', NULL, NULL),
(574, NULL, NULL, NULL, 1145, 'brazilian', NULL, 1146, NULL, 531, '巴西菜', NULL, NULL),
(575, NULL, NULL, NULL, 1147, 'greek', NULL, 1148, NULL, 531, '希腊菜', NULL, NULL),
(576, NULL, NULL, NULL, 1149, 'german', NULL, 1150, NULL, 531, '德国菜', NULL, NULL),
(577, NULL, NULL, NULL, 1151, 'tex-mex', NULL, 1152, NULL, 531, '德州－墨西哥混合菜', NULL, NULL),
(578, NULL, NULL, NULL, 1153, 'hotdogs', NULL, 1154, NULL, 531, '快餐', NULL, NULL),
(579, NULL, NULL, NULL, 1155, 'italian', NULL, 1156, NULL, 531, '意大利菜', NULL, NULL),
(580, NULL, NULL, NULL, 1157, 'irish', NULL, 1158, NULL, 531, '爱尔兰菜', NULL, NULL),
(581, NULL, NULL, NULL, 1159, 'steak', NULL, 1160, NULL, 531, '扒房', NULL, NULL),
(582, NULL, NULL, NULL, 1161, 'latin', NULL, 1162, NULL, 531, '拉丁美洲菜', NULL, NULL),
(583, NULL, NULL, NULL, 1163, 'moroccan', NULL, 1164, NULL, 531, '摩洛哥菜', NULL, NULL),
(584, NULL, NULL, NULL, 1165, 'modern_european', NULL, 1166, NULL, 531, '摩登欧洲菜', NULL, NULL),
(585, NULL, NULL, NULL, 1167, 'srilankan', NULL, 1168, NULL, 531, '斯里兰卡料理', NULL, NULL),
(586, NULL, NULL, NULL, 1169, 'singaporean', NULL, 1170, NULL, 531, '新加坡菜', NULL, NULL),
(587, NULL, NULL, NULL, 1171, 'raw_food', NULL, 1172, NULL, 531, '新鲜／生食食品', NULL, NULL),
(588, NULL, NULL, NULL, 1173, 'japanese', NULL, 1186, NULL, 531, '日本菜', NULL, NULL),
(589, NULL, NULL, NULL, 1174, 'ramen', NULL, 1175, NULL, 588, '拉面', NULL, NULL),
(590, NULL, NULL, NULL, 1176, 'japacurry', NULL, 1177, NULL, 588, '日本咖喱', NULL, NULL),
(591, NULL, NULL, NULL, 1178, 'udon', NULL, 1179, NULL, 588, '乌冬', NULL, NULL),
(592, NULL, NULL, NULL, 1180, 'robatayaki', NULL, 1181, NULL, 588, '炉端烧', NULL, NULL),
(593, NULL, NULL, NULL, 1182, 'conveyorsushi', NULL, 1183, NULL, 588, '回转寿司', NULL, NULL),
(594, NULL, NULL, NULL, 1184, 'teppanyaki', NULL, 1185, NULL, 588, '铁板烧', NULL, NULL),
(595, NULL, NULL, NULL, 1187, 'breakfast_brunch', NULL, 1188, NULL, 531, '早餐及Brunch', NULL, NULL),
(596, NULL, NULL, NULL, 1189, 'cambodian', NULL, 1190, NULL, 531, '柬埔寨菜', NULL, NULL),
(597, NULL, NULL, NULL, 1191, 'belgian', NULL, 1192, NULL, 531, '比利时菜', NULL, NULL),
(598, NULL, NULL, NULL, 1193, 'salad', NULL, 1194, NULL, 531, '沙律', NULL, NULL),
(599, NULL, NULL, NULL, 1195, 'french', NULL, 1196, NULL, 531, '法国菜', NULL, NULL),
(600, NULL, NULL, NULL, 1197, 'creperies', NULL, 1198, NULL, 531, '法式薄饼', NULL, NULL),
(601, NULL, NULL, NULL, 1199, 'brasseries', NULL, 1200, NULL, 531, '法式餐厅', NULL, NULL),
(602, NULL, NULL, NULL, 1201, 'persian', NULL, 1202, NULL, 531, '波斯菜／伊朗菜', NULL, NULL),
(603, NULL, NULL, NULL, 1203, 'polish', NULL, 1204, NULL, 531, '波兰菜', NULL, NULL),
(604, NULL, NULL, NULL, 1205, 'thai', NULL, 1206, NULL, 531, '泰国菜', NULL, NULL),
(605, NULL, NULL, NULL, 1207, 'seafood', NULL, 1208, NULL, 531, '海鲜', NULL, NULL),
(606, NULL, NULL, NULL, 1209, 'halal', NULL, 1210, NULL, 531, '清真', NULL, NULL),
(607, NULL, NULL, NULL, 1211, 'soup', NULL, 1212, NULL, 531, '汤', NULL, NULL),
(608, NULL, NULL, NULL, 1213, 'burgers', NULL, 1214, NULL, 531, '汉堡包', NULL, NULL),
(609, NULL, NULL, NULL, 1215, 'australian', NULL, 1216, NULL, 531, '澳洲菜', NULL, NULL),
(610, NULL, NULL, NULL, 1217, 'hotpot', NULL, 1218, NULL, 531, '火锅', NULL, NULL),
(611, NULL, NULL, NULL, 1219, 'fishnchips', NULL, 1220, NULL, 531, '炸鱼薯条', NULL, NULL),
(612, NULL, NULL, NULL, 1221, 'ukrainian', NULL, 1222, NULL, 531, '乌克兰菜', NULL, NULL),
(613, NULL, NULL, NULL, 1223, 'delis', NULL, 1224, NULL, 531, '熟食档', NULL, NULL),
(614, NULL, NULL, NULL, 1225, 'hotdog', NULL, 1226, NULL, 531, '热狗', NULL, NULL),
(615, NULL, NULL, NULL, 1227, 'bbq', NULL, 1228, NULL, 531, '烧烤', NULL, NULL),
(616, NULL, NULL, NULL, 1229, 'kosher', NULL, 1230, NULL, 531, '犹太教洁食', NULL, NULL),
(617, NULL, NULL, NULL, 1231, 'peruvian', NULL, 1232, NULL, 531, '秘鲁菜', NULL, NULL),
(618, NULL, NULL, NULL, 1233, 'vegetarian', NULL, 1234, NULL, 531, '素食', NULL, NULL),
(619, NULL, NULL, NULL, 1235, 'burmese', NULL, 1236, NULL, 531, '缅甸菜', NULL, NULL),
(620, NULL, NULL, NULL, 1237, 'cajun', NULL, 1238, NULL, 531, '美国南部菜', NULL, NULL),
(621, NULL, NULL, NULL, 1239, 'tradamerican', NULL, 1240, NULL, 531, '美国菜（传统）', NULL, NULL),
(622, NULL, NULL, NULL, 1241, 'laotian', NULL, 1242, NULL, 531, '老挝菜', NULL, NULL),
(623, NULL, NULL, NULL, 1243, 'buffets', NULL, 1244, NULL, 531, '自助餐', NULL, NULL),
(624, NULL, NULL, NULL, 1245, 'fondue', NULL, 1246, NULL, 531, '芝士火锅', NULL, NULL),
(625, NULL, NULL, NULL, 1247, 'british', NULL, 1248, NULL, 531, '英国菜', NULL, NULL),
(626, NULL, NULL, NULL, 1249, 'gastropubs', NULL, 1250, NULL, 531, '英式酒吧餐馆', NULL, NULL),
(627, NULL, NULL, NULL, 1251, 'hkcafe', NULL, 1252, NULL, 531, '茶餐厅', NULL, NULL),
(628, NULL, NULL, NULL, 1253, 'filipino', NULL, 1254, NULL, 531, '菲律宾菜', NULL, NULL),
(629, NULL, NULL, NULL, 1255, 'portuguese', NULL, 1256, NULL, 531, '葡萄牙菜', NULL, NULL),
(630, NULL, NULL, NULL, 1257, 'mongolian', NULL, 1258, NULL, 531, '蒙古菜', NULL, NULL),
(631, NULL, NULL, NULL, 1259, 'pizza', NULL, 1260, NULL, 531, '薄饼', NULL, NULL),
(632, NULL, NULL, NULL, 1261, 'tapasmallplates', NULL, 1262, NULL, 531, '西班牙小食', NULL, NULL),
(633, NULL, NULL, NULL, 1263, 'tapas', NULL, 1264, NULL, 531, '西班牙小食酒吧', NULL, NULL),
(634, NULL, NULL, NULL, 1265, 'spanish', NULL, 1266, NULL, 531, '西班牙菜', NULL, NULL),
(635, NULL, NULL, NULL, 1267, 'diners', NULL, 1268, NULL, 531, '西餐馆', NULL, NULL),
(636, NULL, NULL, NULL, 1269, 'vietnamese', NULL, 1270, NULL, 531, '越南菜', NULL, NULL),
(637, NULL, NULL, NULL, 1271, 'afghani', NULL, 1272, NULL, 531, '阿富汗菜', NULL, NULL),
(638, NULL, NULL, NULL, 1273, 'arabian', NULL, 1274, NULL, 531, '阿拉伯菜', NULL, NULL),
(639, NULL, NULL, NULL, 1275, 'argentine', NULL, 1276, NULL, 531, '阿根廷菜', NULL, NULL),
(640, NULL, NULL, NULL, 1277, 'chickenshop', NULL, 1278, NULL, 531, '鸡肉专门店', NULL, NULL),
(641, NULL, NULL, NULL, 1279, 'african', NULL, 1280, NULL, 531, '非洲菜', NULL, NULL),
(642, NULL, NULL, NULL, 1281, 'korean', NULL, 1282, NULL, 531, '韩国菜', NULL, NULL),
(643, NULL, NULL, NULL, 1283, 'cafeteria', NULL, 1284, NULL, 531, '食堂', NULL, NULL),
(644, NULL, NULL, NULL, 1285, 'malaysian', NULL, 1286, NULL, 531, '马来西亚菜', NULL, NULL),
(645, NULL, NULL, NULL, 1288, 'active', NULL, 1413, NULL, 1, '体育消闲', NULL, NULL),
(646, NULL, NULL, NULL, 1289, 'flyboarding', NULL, 1290, NULL, 645, 'Flyboarding', NULL, NULL),
(647, NULL, NULL, NULL, 1291, 'amusementparks', NULL, 1292, NULL, 645, '主题公园', NULL, NULL),
(648, NULL, NULL, NULL, 1293, 'bowling', NULL, 1294, NULL, 645, '保龄', NULL, NULL),
(649, NULL, NULL, NULL, 1295, 'fitness', NULL, 1316, NULL, 645, '健身及教学', NULL, NULL),
(650, NULL, NULL, NULL, 1296, 'gyms', NULL, 1297, NULL, 649, '健身房', NULL, NULL),
(651, NULL, NULL, NULL, 1298, 'taichi', NULL, 1299, NULL, 649, '太极', NULL, NULL),
(652, NULL, NULL, NULL, 1300, 'healthtrainers', NULL, 1301, NULL, 649, '导师', NULL, NULL),
(653, NULL, NULL, NULL, 1302, 'pilates', NULL, 1303, NULL, 649, '彼拉提健康运动', NULL, NULL),
(654, NULL, NULL, NULL, 1304, 'boxing', NULL, 1305, NULL, 649, '拳击', NULL, NULL),
(655, NULL, NULL, NULL, 1306, 'martialarts', NULL, 1307, NULL, 649, '武术', NULL, NULL),
(656, NULL, NULL, NULL, 1308, 'swimminglessons', NULL, 1309, NULL, 649, '游泳课程／学校', NULL, NULL),
(657, NULL, NULL, NULL, 1310, 'yoga', NULL, 1311, NULL, 649, '瑜伽', NULL, NULL),
(658, NULL, NULL, NULL, 1312, 'meditationcenters', NULL, 1313, NULL, 649, '禅修中心', NULL, NULL),
(659, NULL, NULL, NULL, 1314, 'dancestudio', NULL, 1315, NULL, 649, '舞蹈室', NULL, NULL),
(660, NULL, NULL, NULL, 1317, 'kids_activities', NULL, 1318, NULL, 645, '儿童活动', NULL, NULL),
(661, NULL, NULL, NULL, 1319, 'publicplazas', NULL, 1320, NULL, 645, '公共空间', NULL, NULL),
(662, NULL, NULL, NULL, 1321, 'parks', NULL, 1326, NULL, 645, '公园／郊野公园', NULL, NULL),
(663, NULL, NULL, NULL, 1322, 'skate_parks', NULL, 1323, NULL, 662, '滑板公园', NULL, NULL),
(664, NULL, NULL, NULL, 1324, 'dog_parks', NULL, 1325, NULL, 662, '狗公园', NULL, NULL),
(665, NULL, NULL, NULL, 1327, 'boating', NULL, 1328, NULL, 645, '划船', NULL, NULL),
(666, NULL, NULL, NULL, 1329, 'rafting', NULL, 1330, NULL, 645, '划艇／独木舟', NULL, NULL),
(667, NULL, NULL, NULL, 1331, 'fencing', NULL, 1332, NULL, 645, '剑击俱乐部', NULL, NULL),
(668, NULL, NULL, NULL, 1333, 'zoos', NULL, 1334, NULL, 645, '动物园', NULL, NULL),
(669, NULL, NULL, NULL, 1335, 'bikerentals', NULL, 1336, NULL, 645, '单车租赁', NULL, NULL),
(670, NULL, NULL, NULL, 1337, 'cyclingclasses', NULL, 1338, NULL, 645, '单车课堂', NULL, NULL),
(671, NULL, NULL, NULL, 1339, 'squash', NULL, 1340, NULL, 645, '壁球', NULL, NULL),
(672, NULL, NULL, NULL, 1341, 'summer_camps', NULL, 1342, NULL, 645, '夏令营', NULL, NULL),
(673, NULL, NULL, NULL, 1343, 'archery', NULL, 1344, NULL, 645, '射箭', NULL, NULL),
(674, NULL, NULL, NULL, 1345, 'recreation', NULL, 1346, NULL, 645, '康乐中心', NULL, NULL),
(675, NULL, NULL, NULL, 1347, 'paintball', NULL, 1348, NULL, 645, '彩弹射击', NULL, NULL),
(676, NULL, NULL, NULL, 1349, 'challengecourses', NULL, 1350, NULL, 645, '挑战活动课程', NULL, NULL),
(677, NULL, NULL, NULL, 1351, 'climbing', NULL, 1352, NULL, 645, '攀石', NULL, NULL),
(678, NULL, NULL, NULL, 1353, 'leisure_centers', NULL, 1354, NULL, 645, '文娱中心', NULL, NULL),
(679, NULL, NULL, NULL, 1355, 'amateursportsteams', NULL, 1356, NULL, 645, '业余运动队', NULL, NULL),
(680, NULL, NULL, NULL, 1357, 'gun_ranges', NULL, 1358, NULL, 645, '枪／步枪靶场', NULL, NULL),
(681, NULL, NULL, NULL, 1359, 'jetskis', NULL, 1360, NULL, 645, '水上电单车', NULL, NULL),
(682, NULL, NULL, NULL, 1361, 'aquariums', NULL, 1362, NULL, 645, '水族公司', NULL, NULL),
(683, NULL, NULL, NULL, 1363, 'beaches', NULL, 1364, NULL, 645, '海滩', NULL, NULL),
(684, NULL, NULL, NULL, 1365, 'swimmingpools', NULL, 1366, NULL, 645, '游泳池', NULL, NULL),
(685, NULL, NULL, NULL, 1367, 'lakes', NULL, 1368, NULL, 645, '湖', NULL, NULL),
(686, NULL, NULL, NULL, 1369, 'skatingrinks', NULL, 1370, NULL, 645, '溜冰场', NULL, NULL),
(687, NULL, NULL, NULL, 1371, 'diving', NULL, 1376, NULL, 645, '潜水', NULL, NULL),
(688, NULL, NULL, NULL, 1372, 'freediving', NULL, 1373, NULL, 687, '徒手潜水', NULL, NULL),
(689, NULL, NULL, NULL, 1374, 'scuba', NULL, 1375, NULL, 687, '水肺潜水', NULL, NULL),
(690, NULL, NULL, NULL, 1377, 'hot_air_balloons', NULL, 1378, NULL, 645, '热气球', NULL, NULL),
(691, NULL, NULL, NULL, 1379, 'basketballcourts', NULL, 1380, NULL, 645, '篮球场', NULL, NULL),
(692, NULL, NULL, NULL, 1381, 'tennis', NULL, 1382, NULL, 645, '网球', NULL, NULL),
(693, NULL, NULL, NULL, 1383, 'badminton', NULL, 1384, NULL, 645, '羽毛球', NULL, NULL),
(694, NULL, NULL, NULL, 1385, 'sailing', NULL, 1386, NULL, 645, '航行', NULL, NULL),
(695, NULL, NULL, NULL, 1387, 'hiking', NULL, 1388, NULL, 645, '行山', NULL, NULL),
(696, NULL, NULL, NULL, 1389, 'mountainbiking', NULL, 1390, NULL, 645, '越野单车', NULL, NULL),
(697, NULL, NULL, NULL, 1391, 'football', NULL, 1392, NULL, 645, '足球', NULL, NULL),
(698, NULL, NULL, NULL, 1393, 'skydiving', NULL, 1394, NULL, 645, '跳伞', NULL, NULL),
(699, NULL, NULL, NULL, 1395, 'mini_golf', NULL, 1396, NULL, 645, '迷你高尔夫', NULL, NULL),
(700, NULL, NULL, NULL, 1397, 'playgrounds', NULL, 1398, NULL, 645, '游乐场', NULL, NULL),
(701, NULL, NULL, NULL, 1399, 'fishing', NULL, 1400, NULL, 645, '钓鱼', NULL, NULL),
(702, NULL, NULL, NULL, 1401, 'lasertag', NULL, 1402, NULL, 645, '镭射室内射击', NULL, NULL),
(703, NULL, NULL, NULL, 1403, 'discgolf', NULL, 1404, NULL, 645, '飞盘高尔夫', NULL, NULL),
(704, NULL, NULL, NULL, 1405, 'horsebackriding', NULL, 1406, NULL, 645, '马厩及骑术', NULL, NULL),
(705, NULL, NULL, NULL, 1407, 'sports_clubs', NULL, 1408, NULL, 645, '体育会', NULL, NULL),
(706, NULL, NULL, NULL, 1409, 'gokarts', NULL, 1410, NULL, 645, '高卡车', NULL, NULL),
(707, NULL, NULL, NULL, 1411, 'golf', NULL, 1412, NULL, 645, '高尔夫球', NULL, NULL);

-- --------------------------------------------------------

--
-- 表的结构 `shop_category_links`
--

CREATE TABLE IF NOT EXISTS `shop_category_links` (
  `shop_id` int(11) NOT NULL,
  `categorys_id` int(11) NOT NULL,
  PRIMARY KEY (`shop_id`,`categorys_id`),
  KEY `FK_iqqax2sc2b75jraesjgmyston` (`categorys_id`)
) ENGINE=InnoDB DEFAULT CHARSET=utf8;

--
-- 转存表中的数据 `shop_category_links`
--

INSERT INTO `shop_category_links` (`shop_id`, `categorys_id`) VALUES
(199, 269),
(199, 278),
(199, 534);

-- --------------------------------------------------------

--
-- 表的结构 `shop_image`
--

CREATE TABLE IF NOT EXISTS `shop_image` (
  `id` bigint(20) NOT NULL AUTO_INCREMENT,
  `addDate` datetime DEFAULT NULL,
  `url` varchar(100) DEFAULT NULL,
  `shopid` int(11) DEFAULT NULL,
  `userid` bigint(20) DEFAULT NULL,
  `messages` varchar(1000) DEFAULT NULL,
  `num` int(11) NOT NULL,
  PRIMARY KEY (`id`),
  KEY `FK_pclopcrjjy3ffiqkk9sktn4vl` (`shopid`),
  KEY `FK_tou0x9ebvvdox8k3ygu66ij8x` (`userid`)
) ENGINE=InnoDB DEFAULT CHARSET=utf8 AUTO_INCREMENT=1 ;

-- --------------------------------------------------------

--
-- 表的结构 `shop_review`
--

CREATE TABLE IF NOT EXISTS `shop_review` (
  `id` bigint(20) NOT NULL AUTO_INCREMENT,
  `addDate` datetime DEFAULT NULL,
  `lastDate` datetime DEFAULT NULL,
  `score` int(11) DEFAULT NULL,
  `shopid` int(11) DEFAULT NULL,
  `userid` bigint(20) DEFAULT NULL,
  `alcohol` varchar(255) DEFAULT NULL,
  `ambience` varchar(255) DEFAULT NULL,
  `bikeparking` varchar(255) DEFAULT NULL,
  `businessacceptscreditcards` varchar(255) DEFAULT NULL,
  `businessparking` varchar(255) DEFAULT NULL,
  `caters` varchar(255) DEFAULT NULL,
  `comment` varchar(255) DEFAULT NULL,
  `goodforkids` varchar(255) DEFAULT NULL,
  `goodformeal_breakfast` varchar(255) DEFAULT NULL,
  `hastv` varchar(255) DEFAULT NULL,
  `noiselevel` varchar(255) DEFAULT NULL,
  `outdoorseating` varchar(255) DEFAULT NULL,
  `pricescore` int(11) DEFAULT NULL,
  `reservations` varchar(255) DEFAULT NULL,
  `restaurantsattire` varchar(255) DEFAULT NULL,
  `restaurantsdelivery` varchar(255) DEFAULT NULL,
  `restaurantsgoodforgroups` varchar(255) DEFAULT NULL,
  `restaurantstableservice` varchar(255) DEFAULT NULL,
  `restaurantstakeout` varchar(255) DEFAULT NULL,
  `servicescore` int(11) DEFAULT NULL,
  `wifi` varchar(255) DEFAULT NULL,
  PRIMARY KEY (`id`),
  KEY `FK_cq37vhafq17wu3ungahyk0wha` (`shopid`),
  KEY `FK_iwmy3huiy8rl1bn7k5q6285i2` (`userid`)
) ENGINE=InnoDB  DEFAULT CHARSET=utf8 AUTO_INCREMENT=9 ;

--
-- 转存表中的数据 `shop_review`
--

INSERT INTO `shop_review` (`id`, `addDate`, `lastDate`, `score`, `shopid`, `userid`, `alcohol`, `ambience`, `bikeparking`, `businessacceptscreditcards`, `businessparking`, `caters`, `comment`, `goodforkids`, `goodformeal_breakfast`, `hastv`, `noiselevel`, `outdoorseating`, `pricescore`, `reservations`, `restaurantsattire`, `restaurantsdelivery`, `restaurantsgoodforgroups`, `restaurantstableservice`, `restaurantstakeout`, `servicescore`, `wifi`) VALUES
(1, '2015-06-23 22:36:24', '2015-06-23 22:36:24', NULL, 54, 1, NULL, '时尚之最,贴心,浪漫', NULL, NULL, NULL, NULL, '我让千人千人', NULL, NULL, NULL, NULL, NULL, 5, NULL, NULL, NULL, NULL, NULL, NULL, 5, NULL),
(3, '2015-07-07 16:14:29', '2015-07-07 16:14:29', NULL, 54, 1, NULL, NULL, NULL, NULL, NULL, NULL, '太夸张太夸张！点解我每一次黎，几点都好，都会有一"大"堆人系­门口排队？呢间野可以做得甘成功，我真希望我是他的老板，好似啲­人很乐意地排队比钱甘！\r\n\r\n', NULL, NULL, NULL, NULL, NULL, 5, NULL, NULL, NULL, NULL, NULL, NULL, 5, NULL),
(4, '2015-07-08 14:58:14', '2015-07-08 14:58:14', NULL, 195, 1, NULL, '休閒', NULL, '否', '街道', NULL, 'test 我没有来过，朋友说不错，不知道怎么样', NULL, NULL, NULL, NULL, NULL, 5, NULL, NULL, NULL, NULL, NULL, NULL, 5, NULL),
(5, '2015-07-08 15:36:51', '2015-07-08 15:36:51', NULL, 197, 1, NULL, NULL, NULL, NULL, NULL, NULL, '乌巢就是乌巢，不一样的乌巢', NULL, NULL, NULL, NULL, NULL, 5, NULL, NULL, NULL, NULL, NULL, NULL, 5, NULL),
(6, '2015-07-08 18:29:33', '2015-07-08 18:29:33', NULL, 197, 1, NULL, '休閒,贴心', NULL, NULL, NULL, NULL, '乌巢不是乌巢，难道是华容道？', NULL, NULL, NULL, NULL, NULL, 5, NULL, NULL, NULL, NULL, NULL, NULL, 5, NULL),
(7, '2015-07-22 16:49:47', '2015-07-22 16:49:47', NULL, 197, 7, NULL, NULL, NULL, NULL, NULL, NULL, '我是为了测试一下我的朋友来的', NULL, NULL, NULL, NULL, NULL, 5, NULL, NULL, NULL, NULL, NULL, NULL, 5, NULL),
(8, '2015-07-30 21:10:50', '2015-07-30 21:10:50', NULL, 54, 1, NULL, '旅游景点,时尚之最', NULL, NULL, NULL, NULL, 'hggggggggg', NULL, NULL, NULL, NULL, NULL, 5, NULL, NULL, NULL, NULL, NULL, NULL, 4, NULL);

-- --------------------------------------------------------

--
-- 表的结构 `shop_review_good`
--

CREATE TABLE IF NOT EXISTS `shop_review_good` (
  `id` bigint(20) NOT NULL AUTO_INCREMENT,
  `addDate` datetime DEFAULT NULL,
  `goodDate` datetime DEFAULT NULL,
  `messages` varchar(255) DEFAULT NULL,
  `shopreviewid` bigint(20) DEFAULT NULL,
  `userid` bigint(20) DEFAULT NULL,
  PRIMARY KEY (`id`),
  KEY `FK_il3s10f41k7getvl9ue83tf33` (`shopreviewid`),
  KEY `FK_h36u1a37xr7mby2b2u56k5gql` (`userid`)
) ENGINE=InnoDB DEFAULT CHARSET=utf8 AUTO_INCREMENT=1 ;

-- --------------------------------------------------------

--
-- 表的结构 `shop_tag`
--

CREATE TABLE IF NOT EXISTS `shop_tag` (
  `id` bigint(20) NOT NULL AUTO_INCREMENT,
  `addDate` datetime DEFAULT NULL,
  `name` varchar(100) DEFAULT NULL,
  `size` int(11) DEFAULT NULL,
  PRIMARY KEY (`id`)
) ENGINE=InnoDB  DEFAULT CHARSET=utf8 AUTO_INCREMENT=92 ;

--
-- 转存表中的数据 `shop_tag`
--

INSERT INTO `shop_tag` (`id`, `addDate`, `name`, `size`) VALUES
(2, '2015-03-18 10:10:13', '酒店', 2193),
(3, '2015-03-18 10:17:37', '酒店1', 1),
(4, '2015-03-18 10:17:50', '酒店2', 1),
(5, '2015-03-18 10:18:37', '酒店3', 6),
(6, '2015-03-18 12:17:41', '美食', 228778),
(7, '2015-03-18 12:17:41', '蛋糕甜品店', 15734),
(8, '2015-03-18 12:17:42', '小吃快餐店', 98900),
(9, '2015-03-18 12:17:42', '中餐厅', 80697),
(10, '2015-03-18 12:20:06', '外国餐厅', 10481),
(11, '2015-03-18 12:40:25', '其他', 3966),
(12, '2015-03-18 12:40:37', '咖啡厅', 6671),
(13, '2015-03-18 12:41:05', '茶座', 3850),
(14, '2015-03-18 12:41:32', '酒吧', 2353),
(15, '2015-03-18 12:51:42', '星级酒店', 482),
(16, '2015-03-18 12:51:42', '快捷酒店', 936),
(17, '2015-03-18 12:52:06', '公寓式酒店', 65),
(18, '2015-03-18 12:55:21', '休闲娱乐', 1460),
(19, '2015-03-18 12:55:21', 'ktv', 166),
(20, '2015-03-18 12:58:04', '游戏场所', 105),
(21, '2015-03-18 13:04:42', '旅游景点', 29),
(22, '2015-03-18 13:04:42', '教堂', 13),
(23, '2015-03-18 13:11:16', '购物', 657),
(24, '2015-03-18 13:11:16', '商铺', 123),
(25, '2015-03-18 13:24:24', '教育培训', 910),
(26, '2015-03-18 13:28:29', '歌舞厅', 56),
(27, '2015-03-18 13:29:19', '农家院', 62),
(28, '2015-03-18 14:02:05', '政府机构', 3),
(29, '2015-03-18 14:02:05', '行政单位', 1),
(30, '2015-03-18 14:02:08', '公司企业', 75),
(31, '2015-03-18 14:04:33', '度假村', 5),
(32, '2015-03-18 20:16:29', '休闲广场', 1),
(33, '2015-03-18 20:50:58', '生活服务', 142),
(34, '2015-03-18 21:05:38', '网吧', 339),
(35, '2015-03-18 21:19:19', '家居建材', 6),
(36, '2015-03-18 21:28:40', '汽车服务', 96),
(37, '2015-03-18 21:28:40', '汽车租赁', 1),
(38, '2015-03-18 21:28:42', '党派团体', 2),
(39, '2015-03-18 21:28:45', '幼儿园', 89),
(40, '2015-03-18 21:54:07', '丽人', 1495),
(41, '2015-03-18 21:54:07', '美发', 171),
(42, '2015-03-18 22:37:05', '医疗', 20),
(43, '2015-03-18 22:37:05', '药店', 1),
(44, '2015-03-18 22:52:37', '集市', 1),
(45, '2015-03-18 22:53:49', '美甲', 82),
(46, '2015-03-18 23:18:32', '游乐园', 1),
(47, '2015-04-14 11:42:58', '金融', 1704),
(48, '2015-04-14 11:42:59', '银行', 1703),
(49, '2015-04-14 11:52:24', '高等院校', 148),
(50, '2015-04-14 11:52:26', '科研机构', 68),
(51, '2015-04-14 11:52:27', '中学', 343),
(52, '2015-04-14 11:52:29', '图书馆', 17),
(53, '2015-04-14 11:52:32', '小学', 176),
(54, '2015-04-14 11:52:47', '成人教育', 7),
(55, '2015-04-14 11:54:43', '留学中介机构', 3),
(56, '2015-04-14 11:54:58', '特殊教育学校', 1),
(57, '2015-04-14 11:56:29', '运动健身', 235),
(58, '2015-04-14 11:56:29', '健身中心', 135),
(59, '2015-04-14 11:56:29', '洗浴按摩', 435),
(60, '2015-04-14 11:56:29', '亲子教育', 1),
(61, '2015-04-14 11:56:29', '体育场馆', 91),
(62, '2015-04-14 11:56:30', '文化传媒', 6),
(63, '2015-04-14 11:56:30', '展览馆', 1),
(64, '2015-04-14 11:56:31', '公司', 57),
(65, '2015-04-14 11:56:36', '美容', 1106),
(66, '2015-04-14 11:56:37', '宠物服务', 36),
(67, '2015-04-14 11:56:43', '专科医院', 17),
(68, '2015-04-14 11:56:44', '汽车美容', 81),
(69, '2015-04-14 11:56:50', '照相馆', 34),
(70, '2015-04-14 11:57:02', '洗衣店', 14),
(71, '2015-04-14 11:57:16', '诊所', 1),
(72, '2015-04-14 11:57:21', '风景区', 4),
(73, '2015-04-14 11:57:25', '培训机构', 4),
(74, '2015-04-14 11:57:31', '交通设施', 1),
(75, '2015-04-14 11:57:31', '停车场', 1),
(76, '2015-04-14 11:57:32', '美体', 32),
(77, '2015-04-14 11:57:39', '家政服务', 6),
(78, '2015-04-14 11:57:50', '房地产', 6),
(79, '2015-04-14 11:57:50', '住宅区', 4),
(80, '2015-04-14 11:58:50', '道路', 1),
(81, '2015-04-14 11:58:56', '出入口', 1),
(82, '2015-04-14 11:58:56', '门', 1),
(83, '2015-04-14 12:00:44', '文物古迹', 3),
(84, '2015-04-14 12:00:45', '文化宫', 5),
(85, '2015-04-14 12:01:16', '写字楼', 2),
(86, '2015-04-14 12:01:30', '博物馆', 1),
(87, '2015-04-14 12:01:56', '行政地标', 2),
(88, '2015-04-14 12:01:56', '村庄', 2),
(89, '2015-04-14 12:05:07', '物流公司', 1),
(90, '2015-04-14 12:07:41', '彩票销售点', 1),
(91, '2015-04-14 12:07:56', '超市', 515);

-- --------------------------------------------------------

--
-- 表的结构 `shop_tag_links`
--

CREATE TABLE IF NOT EXISTS `shop_tag_links` (
  `shop_id` int(11) NOT NULL,
  `tags_id` bigint(20) NOT NULL,
  PRIMARY KEY (`shop_id`,`tags_id`),
  KEY `FK_s3i2eh5glauawieq6mduu3qtr` (`tags_id`)
) ENGINE=InnoDB DEFAULT CHARSET=utf8;

--
-- 转存表中的数据 `shop_tag_links`
--

INSERT INTO `shop_tag_links` (`shop_id`, `tags_id`) VALUES
(4, 1),
(5, 1),
(6, 1),
(7, 1),
(8, 1),
(9, 1),
(10, 1),
(11, 1),
(12, 1),
(13, 1),
(14, 1),
(15, 1),
(16, 1),
(17, 1),
(18, 1),
(19, 1),
(20, 1),
(21, 1),
(22, 1),
(23, 1),
(24, 1),
(25, 1),
(26, 1),
(27, 1),
(28, 1),
(29, 1),
(30, 1),
(31, 1),
(32, 1),
(33, 1),
(34, 1),
(35, 1),
(36, 1),
(37, 1),
(38, 1),
(39, 1),
(40, 1),
(41, 1),
(42, 1),
(43, 1),
(44, 1),
(45, 1),
(46, 1),
(47, 1),
(48, 1),
(49, 1),
(4, 2),
(5, 2),
(6, 2),
(7, 2),
(8, 2),
(9, 2),
(10, 2),
(11, 2),
(12, 2),
(13, 2),
(14, 2),
(15, 2),
(16, 2),
(17, 2),
(18, 2),
(19, 2),
(20, 2),
(21, 2),
(22, 2),
(23, 2),
(24, 2),
(25, 2),
(26, 2),
(27, 2),
(28, 2),
(29, 2),
(30, 2),
(31, 2),
(32, 2),
(33, 2),
(34, 2),
(35, 2),
(36, 2),
(37, 2),
(38, 2),
(39, 2),
(40, 2),
(41, 2),
(42, 2),
(43, 2),
(44, 2),
(45, 2),
(46, 2),
(47, 2),
(48, 2),
(49, 2),
(55, 6),
(56, 6),
(57, 6),
(58, 6),
(59, 6),
(60, 6),
(61, 6),
(62, 6),
(63, 6),
(64, 6),
(65, 6),
(66, 6),
(67, 6),
(68, 6),
(69, 6),
(70, 6),
(71, 6),
(72, 6),
(73, 6),
(74, 6),
(75, 6),
(76, 6),
(77, 6),
(78, 6),
(79, 6),
(80, 6),
(81, 6),
(82, 6),
(83, 6),
(84, 6),
(85, 6),
(86, 6),
(87, 6),
(88, 6),
(89, 6),
(90, 6),
(91, 6),
(92, 6),
(93, 6),
(94, 6),
(95, 6),
(96, 6),
(97, 6),
(98, 6),
(99, 6),
(100, 6),
(101, 6),
(102, 6),
(103, 6),
(104, 6),
(105, 6),
(106, 6),
(107, 6),
(108, 6),
(109, 6),
(110, 6),
(111, 6),
(112, 6),
(113, 6),
(114, 6),
(115, 6),
(116, 6),
(117, 6),
(118, 6),
(119, 6),
(120, 6),
(121, 6),
(122, 6),
(123, 6),
(124, 6),
(125, 6),
(126, 6),
(127, 6),
(128, 6),
(129, 6),
(130, 6),
(131, 6),
(132, 6),
(133, 6),
(134, 6),
(135, 6),
(136, 6),
(137, 6),
(138, 6),
(139, 6),
(140, 6),
(141, 6),
(142, 6),
(143, 6),
(144, 6),
(145, 6),
(146, 6),
(147, 6),
(148, 6),
(149, 6),
(150, 6),
(151, 6),
(152, 6),
(153, 6),
(154, 6),
(155, 6),
(156, 6),
(157, 6),
(158, 6),
(159, 6),
(160, 6),
(161, 6),
(162, 6),
(163, 6),
(164, 6),
(165, 6),
(166, 6),
(167, 6),
(168, 6),
(169, 6),
(170, 6),
(171, 6),
(172, 6),
(173, 6),
(174, 6),
(175, 6),
(176, 6),
(177, 6),
(178, 6),
(179, 6),
(180, 6),
(181, 6),
(182, 6),
(183, 6),
(184, 6),
(185, 6),
(186, 6),
(187, 6),
(188, 6),
(189, 6),
(190, 6),
(191, 6),
(192, 6),
(193, 6),
(194, 6),
(195, 6),
(196, 6),
(197, 6),
(198, 6),
(55, 8),
(56, 8),
(57, 8),
(58, 8),
(59, 8),
(60, 8),
(61, 8),
(62, 8),
(63, 8),
(64, 8),
(65, 8),
(66, 8),
(67, 8),
(68, 8),
(69, 8),
(70, 8),
(71, 8),
(72, 8),
(73, 8),
(74, 8),
(75, 8),
(76, 8),
(77, 8),
(78, 8),
(79, 8),
(80, 8),
(81, 8),
(82, 8),
(83, 8),
(84, 8),
(85, 8),
(86, 8),
(87, 8),
(88, 8),
(89, 8),
(90, 8),
(91, 8),
(92, 8),
(93, 8),
(94, 8),
(95, 8),
(96, 8),
(97, 8),
(98, 8),
(99, 8),
(100, 8),
(101, 8),
(102, 8),
(103, 8),
(104, 8),
(105, 8),
(106, 8),
(107, 8),
(108, 8),
(109, 8),
(110, 8),
(111, 8),
(112, 8),
(113, 8),
(114, 8),
(115, 8),
(116, 8),
(117, 8),
(118, 8),
(119, 8),
(120, 8),
(121, 8),
(122, 8),
(123, 8),
(124, 8),
(125, 8),
(126, 8),
(127, 8),
(128, 8),
(129, 8),
(130, 8),
(131, 8),
(132, 8),
(133, 8),
(134, 8),
(135, 8),
(136, 8),
(137, 8),
(138, 8),
(139, 8),
(140, 8),
(141, 8),
(142, 8),
(143, 8),
(144, 8),
(145, 8),
(146, 8),
(147, 8),
(148, 8),
(149, 8),
(150, 8),
(151, 8),
(152, 8),
(153, 8),
(154, 8),
(155, 8),
(156, 8),
(157, 8),
(158, 8),
(159, 8),
(160, 8),
(161, 8),
(162, 8),
(163, 8),
(164, 8),
(165, 8),
(166, 8),
(167, 8),
(168, 8),
(169, 8),
(170, 8),
(171, 8),
(172, 8),
(173, 8),
(174, 8),
(175, 8),
(176, 8),
(177, 8),
(178, 8),
(179, 8),
(180, 8),
(181, 8),
(182, 8),
(183, 8),
(184, 8),
(185, 8),
(186, 8),
(187, 8),
(188, 8),
(189, 8),
(190, 8),
(191, 8),
(192, 8),
(193, 8),
(194, 8),
(195, 8),
(196, 8),
(197, 8),
(198, 8);

-- --------------------------------------------------------

--
-- 表的结构 `talk`
--

CREATE TABLE IF NOT EXISTS `talk` (
  `id` int(11) NOT NULL AUTO_INCREMENT,
  `adddate` datetime DEFAULT NULL,
  `message` varchar(6000) DEFAULT NULL,
  `replies` int(11) DEFAULT NULL,
  `subscribe` int(11) DEFAULT NULL,
  `topic` varchar(100) DEFAULT NULL,
  `areaid` int(11) DEFAULT NULL,
  `userid` bigint(20) DEFAULT NULL,
  PRIMARY KEY (`id`),
  KEY `FK_11dvgdurqwk2y9xm7521t97r8` (`areaid`),
  KEY `FK_m7g5gbklp6sb5df67vmklfmkw` (`userid`)
) ENGINE=InnoDB  DEFAULT CHARSET=utf8 AUTO_INCREMENT=22 ;

--
-- 转存表中的数据 `talk`
--

INSERT INTO `talk` (`id`, `adddate`, `message`, `replies`, `subscribe`, `topic`, `areaid`, `userid`) VALUES
(3, '2015-05-17 16:34:18', 'fghgfhgf', 0, 1, 'ghgfhgfh', 4, 1),
(4, '2015-05-17 17:37:57', '维吾尔完成热舞', 0, 1, '成为人味儿', 5, 1),
(5, '2015-05-17 17:39:25', '刷分刷分懂发', 0, 1, '发生刷', 6, 1),
(6, '2015-06-19 12:03:37', '下面介绍一下RelativeLayout用到的一些重要的属性：\r\n\r\n    第一类:属性值为true或false\r\n    android:layout_centerHrizontal                                           水平居中\r\n    android:layout_centerVertical                                            垂直居中\r\n    android:layout_centerInparent                                           相对于父元素完全居中\r\n    android:layout_alignParentBottom                                     贴紧父元素的下边缘\r\n    android:layout_alignParentLeft                                          贴紧父元素的左边缘\r\n    android:layout_alignParentRight                                        贴紧父元素的右边缘\r\n    android:layout_alignParentTop                                          贴紧父元素的上边缘\r\n    android:layout_alignWithParentIfMissing                            如果对应的兄弟元素找不到的话就以父元素做参照物\r\n\r\n    第二类：属性值必须为id的引用名“@id/id-name”\r\n    android:layout_below                          在某元素的下方\r\n    android:layout_above                          在某元素的的上方\r\n    android:layout_toLeftOf                       在某元素的左边\r\n    android:layout_toRightOf                     在某元素的右边\r\n\r\n    android:layout_alignTop                      本元素的上边缘和某元素的的上边缘对齐\r\n    android:layout_alignLeft                      本元素的左边缘和某元素的的左边缘对齐\r\n    android:layout_alignBottom                 本元素的下边缘和某元素的的下边缘对齐\r\n    android:layout_alignRight                    本元素的右边缘和某元素的的右边缘对齐\r\n\r\n    第三类：属性值为具体的像素值，如30dip，40px\r\n    android:layout_marginBottom              离某元素底边缘的距离\r\n    android:layout_marginLeft                   离某元素左边缘的距离\r\n    android:layout_marginRight                 离某元素右边缘的距离\r\n    android:layout_marginTop                   离某元素上边缘的距离\r\n\r\n\r\n', 0, 1, 'RelativeLayout常用属性介绍 ', 7, 1),
(7, '2015-06-23 22:35:38', '东方神稻', 0, 1, '却成为热任务', 8, 1),
(8, '2015-06-25 09:55:01', '扥刮风', 0, 1, '费等扽跟等等', 9, 1),
(9, '2015-06-25 10:00:36', '打打分', 0, 1, '而', 10, 4),
(10, '2015-06-28 23:17:28', '网站什么时候运营网站什么时候运营网站什么时候运营网站什么时候运营网站什么时候运营网站什么时候运营网站什么时候运营网站什么时候运营网站什么时候运营网站什么时候运营网站什么时候运营网站什么时候运营网站什么时候运营网站什么时候运营网站什么时候运营网站什么时候运营网站什么时候运营网站什么时候运营网站什么时候运营网站什么时候运营网站什么时候运营网站什么时候运营网站什么时候运营网站什么时候运营网站什么时候运营网站什么时候运营', 0, 1, '网站什么时候运营', 11, 1),
(11, '2015-06-30 23:14:10', '西安钟楼，建于明太祖朱元璋洪武十七年（公元1384年），初建在今广济街口，与鼓楼相对，明神宗万历十年（公元1582年）整体迁移于今址。现位于中国陕西省西安市的市中心，城内东西南北四条大街的交汇处（属碑林区管辖）。\r\n钟楼建在方型基座之上，为砖木结构，重楼三层檐，四角攒顶的形式，总高36米，每边长35.5米，占地面积1377平方米，内有楼梯可盘旋而上。在檐上覆盖有深绿色琉璃瓦，楼内贴金彩绘，画栋雕梁，顶部有鎏金宝顶，金碧辉煌，体现了古代汉族劳动人民的聪明智慧和高超的建筑技艺。\r\n西安钟楼是中国古代遗留下来众多钟楼中形制最大、保存最完整的一座。西安是明代西北军政重镇，所以无论从建筑规模、历史价值或艺术价值各方面来说，它都居全国同类建筑之首。', 8, 1, '西安钟楼编辑', 11, 1),
(12, '2015-07-05 23:52:14', '莹莹莹莹莹莹莹莹', 1, 1, '听日听', 12, 1),
(13, '2015-07-07 16:12:19', 'yuytuytu', 3, 1, '什么时候正式版发布', 13, 1),
(14, '2015-07-08 15:07:08', '赛百味是不是不好吃？', 0, 1, '赛百味是不是不好吃？', 14, 1),
(15, '2015-07-09 13:52:56', 'hello，is it yelp？', 3, 1, '头像好丑', 15, 8),
(16, '2015-07-09 14:21:56', '什么时候到下一页', 13, 1, '什么时候到下一页', 12, 8),
(17, '2015-07-09 14:23:23', '是不是没有下一页', 12, 1, '是不是没有下一页', 12, 8),
(18, '2015-07-09 14:50:28', 'vc', 1, 1, 'fgf', 11, 5),
(19, '2015-07-09 15:55:34', '\r\n到百度首页\r\n添加百度到桌面，搜索更便捷！\r\n百度首页消息(1)设置cng1985\r\n网页新闻贴吧知道音乐图片视频地图文库更多»\r\n展开\r\n其他人还搜\r\n微信公众号\r\n查工资\r\n福利\r\n低俗内容\r\n展开\r\n相关网站\r\n大众点评网\r\n职友集\r\n美团网\r\n猎聘网\r\n展开\r\n相关术语\r\n团购\r\n搜索引擎\r\n微信营销\r\n人才市场\r\n给百度提建议\r\n收起工具时间不限所有网页和文件站点内检索\r\n搜索工具\r\n百度为您找到相关结果约1,990,000个\r\n连真真的点评 - 妈妈网\r\n连真真关注发信息 河南省郑州市 妈妈圈积分: 208 24关注 1粉丝 0帖子 主页 关注的人 粉丝 品牌根据地 妈妈圈 同龄圈 问答 我的点评 收藏 点评 ...\r\nwww.mama.cn/u/27198267... \r\n - 百度快照 - 78%好评\r\n优漫卡通真真姐姐点评_百度影视\r\n优漫卡通真真姐姐点评内容来源:酷6网 播放:323189次 手机看片更爽 帮助反馈 优漫卡通真真姐姐点评 正在播放 优漫卡通真真姐姐点评 播放:323189次 嘉宾点评 韩...\r\nv.baidu.com/watch/0456... \r\n - 百度快照\r\n我爱真真哪哪点评_旅游频道_新浪网\r\n我爱真真哪哪 女江苏 常州她的微博:http://weibo.com/3939110841 国家0 城市0 景点0 足迹:目的地 游记 喜欢 问答 点评 目的地| 游记| 资讯 她还没有点评过...\r\ntravel.sina.com.cn/new... \r\n - 百度快照 - 85%好评\r\n优漫卡通真真姐姐点评 在线观看 - 酷6视频\r\n优漫卡通真真姐姐点评主题精选 Channel Me 精选全部评论 条评论 我来说点啥 验证码: 同步到: 猜你喜欢 上升最快 导演我来了 视频 酷6制造 Channel V...\r\nv.ku6.com/show/xN6j-nh... \r\n - 百度快照 - 65%好评\r\n应城真真客栈点评_应城真真客栈怎么样_评论-阳光旅行网\r\n应城真真客栈点评,应城真真客栈怎么样,应城真真客栈好不好,入住感受应城真真客栈到底好不好,看看阳光旅行网住过的客人怎么说!\r\nwww.sunnychina.com/hot... \r\n - 百度快照 - 81%好评\r\n真真美甲怎么样,好不好的默认点评-衢州-大众点评网\r\n大众点评网为您提供8条真真美甲的点评信息,真真美甲怎么样,好不好?通过查看网友的客观评价马上就知道啦。另外还可以分享您在真真美甲的消费感受。\r\nwww.dianping.com/shop/... \r\n - 百度快照 - 78%好评\r\n真真收藏_点评查询【中国收藏热线】\r\n店名:真真收藏 辽宁-大连 网址: 28107.7788.com 加入收藏夹商店首页 商品 零售 大众拍卖 专场拍卖 预告 论坛 评价 资料 积分 链接 点评 销售 关注 拍卖 投诉 客...\r\nwww.997788.com/28107/s... \r\n - 百度快照 - 80%好评\r\n...统揭发你们的恶心 你们要五星我可以给你们五星...”-大众点评网\r\n> 居居真真的点评 居居真真 款式0(很差) 质量0(很差) 服务0(很差) 按星数排列误导那么多MM啊 OK啊 删啊 微薄微信我统统揭发你们的恶心 你们要五星我...\r\nwww.dianping.com/revie... \r\n - 百度快照 - 78%好评\r\n上海真真美容美发管理有限公司|上海真真美容美发管理有限公司公司...\r\n上海真真美容美发管理有限公司,美容保健行业民营公司公司,公司规模11-50人.查看更多上海真真美容美发管理有限公司公司点评信息上若邻网.\r\nwww.wealink.com/gongsi... \r\n - 百度快照 - 63%好评\r\n关于真真妇科医院的点评-消费点评\r\n真真妇科医院的点评全部点评 朋友的点评 默认点评 25%0封 25%1封 25%0封 25%2封 25%1封 我来点评蘑菇大王007 来自大众点评网 ...\r\nwww.fumubang.com/shop/... \r\n - 百度快照 - 评价\r\n相关搜索\r\n真真老老		假假真真		黄真真\r\n华真真		韩真真		何真真\r\n真真男子汉		杨真真		徐真真\r\n12345678910下一页>\r\n帮助举报给百度提建议\r\n', 5, 1, '真真点评', 7, 1),
(20, '2015-07-09 17:17:23', '太夸张太夸张！点解我每一次黎，几点都好，都会有一"大"堆人系­门口排队？呢间野可以做得甘成功，我真希望我是他的老板，好似啲­人很乐意地排队比钱甘！\r\n\r\n排队起码要一个钟先有位，但系啲人仲系好愿意排！讲真，我很佩服­他们！\r\n\r\n今日佣人生日，我同家姐约左佢食lunch。知道佢未饮过茶，知­道佢一早会去中环，所以想带佢试下呢间，我已经提早半个小时去排­队，但实在太夸张，我太赶时间，所以最后买外卖去IFC花园平台­食。\r\n\r\n点心唔贵，而且好食！所以先甘多人排队。我其中最中意食系叉烧包­，同出面普通饮茶地方既叉烧包唔同！肠粉好滑好好味！虾饺，糯米­鸡，鲍汁凤爪都系好味既点心！其实样样出品都好味好新鲜，只不过­你愿意排至少一个小时黎食吗？你自己睇时间吧！要不是买外卖也不­错的！ ', 0, 1, '点心唔贵，而且好食！所以先甘多人排队。', 16, 1),
(21, '2015-07-30 21:18:05', 'fgfdfdgdfg', 2, 1, 'dfggdfgdfg', 12, 1);

-- --------------------------------------------------------

--
-- 表的结构 `talk_category`
--

CREATE TABLE IF NOT EXISTS `talk_category` (
  `id` int(11) NOT NULL AUTO_INCREMENT,
  `name` varchar(255) DEFAULT NULL,
  `icon` varchar(255) DEFAULT NULL,
  `ids` varchar(255) DEFAULT NULL,
  `levelinfo` int(11) DEFAULT NULL,
  `lft` int(11) DEFAULT NULL,
  `path` varchar(255) DEFAULT NULL,
  `rgt` int(11) DEFAULT NULL,
  `sortnum` int(11) DEFAULT NULL,
  `pid` int(11) DEFAULT NULL,
  PRIMARY KEY (`id`),
  KEY `FK_j0prpopcjomh7g8telvmj8s5q` (`pid`)
) ENGINE=InnoDB  DEFAULT CHARSET=utf8 AUTO_INCREMENT=32 ;

--
-- 转存表中的数据 `talk_category`
--

INSERT INTO `talk_category` (`id`, `name`, `icon`, `ids`, `levelinfo`, `lft`, `path`, `rgt`, `sortnum`, `pid`) VALUES
(1, '讨论分类', NULL, NULL, NULL, 1, NULL, 32, NULL, NULL),
(17, '本地问答', NULL, NULL, NULL, 2, NULL, 3, 0, 1),
(18, '活动', NULL, NULL, NULL, 4, NULL, 7, 0, 1),
(19, '食品', NULL, NULL, NULL, 8, NULL, 9, 0, 1),
(20, '购物及产品', NULL, NULL, NULL, 10, NULL, 11, 0, 1),
(21, '旅游', NULL, NULL, NULL, 12, NULL, 13, 0, 1),
(22, '拍拖约会', NULL, NULL, NULL, 14, NULL, 15, 0, 1),
(23, '另类幽默', NULL, NULL, NULL, 16, NULL, 17, 0, 1),
(24, '娱乐及流行文化', NULL, NULL, NULL, 18, NULL, 19, 0, 1),
(25, '体育', NULL, NULL, NULL, 20, NULL, 21, 0, 1),
(26, '新闻及政治', NULL, NULL, NULL, 22, NULL, 23, 0, 1),
(27, '家庭与育婴', NULL, NULL, NULL, 24, NULL, 25, 0, 1),
(28, '交流', NULL, NULL, NULL, 26, NULL, 27, 0, 1),
(29, '网站的问题及更新', NULL, NULL, NULL, 28, NULL, 29, 0, 1),
(30, '其他', NULL, NULL, NULL, 30, NULL, 31, 0, 1),
(31, '同城活动', NULL, NULL, NULL, 5, NULL, 6, 0, 18);

-- --------------------------------------------------------

--
-- 表的结构 `talk_category_area`
--

CREATE TABLE IF NOT EXISTS `talk_category_area` (
  `id` int(11) NOT NULL AUTO_INCREMENT,
  `addDate` datetime DEFAULT NULL,
  `lastDate` datetime DEFAULT NULL,
  `size` int(11) DEFAULT NULL,
  `areaid` int(11) DEFAULT NULL,
  `talkcategoryid` int(11) DEFAULT NULL,
  PRIMARY KEY (`id`),
  KEY `FK_oppn8rwilu0j1a03a90kyylee` (`areaid`),
  KEY `FK_m8qgnp0g7p3r01rrrr30hlak8` (`talkcategoryid`)
) ENGINE=InnoDB  DEFAULT CHARSET=utf8 AUTO_INCREMENT=17 ;

--
-- 转存表中的数据 `talk_category_area`
--

INSERT INTO `talk_category_area` (`id`, `addDate`, `lastDate`, `size`, `areaid`, `talkcategoryid`) VALUES
(4, '2015-05-17 16:34:18', '2015-05-17 16:34:18', 1, 111, 28),
(5, '2015-05-17 17:37:57', '2015-05-17 17:37:57', 1, 111, 18),
(6, '2015-05-17 17:39:25', '2015-05-17 17:39:25', 1, 40, 30),
(7, '2015-06-19 12:03:37', '2015-07-09 15:55:34', 2, 111, 30),
(8, '2015-06-23 22:35:38', '2015-06-23 22:35:38', 1, 135, 29),
(9, '2015-06-25 09:55:01', '2015-06-25 09:55:01', 1, 136, 29),
(10, '2015-06-25 10:00:36', '2015-06-25 10:00:36', 1, 137, 29),
(11, '2015-06-28 23:17:28', '2015-07-09 14:50:28', 3, 111, 17),
(12, '2015-07-05 23:52:14', '2015-07-30 21:18:05', 4, 111, 29),
(13, '2015-07-07 16:12:19', '2015-07-07 16:12:19', 1, 111, 27),
(14, '2015-07-08 15:07:08', '2015-07-08 15:07:08', 1, 111, 19),
(15, '2015-07-09 13:52:56', '2015-07-09 13:52:56', 1, 111, 26),
(16, '2015-07-09 17:17:23', '2015-07-09 17:17:23', 1, 111, 20);

-- --------------------------------------------------------

--
-- 表的结构 `talk_reply`
--

CREATE TABLE IF NOT EXISTS `talk_reply` (
  `id` int(11) NOT NULL AUTO_INCREMENT,
  `adddate` datetime DEFAULT NULL,
  `message` varchar(6000) DEFAULT NULL,
  `replies` int(11) DEFAULT NULL,
  `subscribe` int(11) DEFAULT NULL,
  `topic` varchar(100) DEFAULT NULL,
  `talkid` int(11) DEFAULT NULL,
  `userid` bigint(20) DEFAULT NULL,
  PRIMARY KEY (`id`),
  KEY `FK_i1ylik0lt7pvka2xlnwhft8va` (`talkid`),
  KEY `FK_ccshr7kw92u3usut5dl5im9dp` (`userid`)
) ENGINE=InnoDB  DEFAULT CHARSET=utf8 AUTO_INCREMENT=49 ;

--
-- 转存表中的数据 `talk_reply`
--

INSERT INTO `talk_reply` (`id`, `adddate`, `message`, `replies`, `subscribe`, `topic`, `talkid`, `userid`) VALUES
(1, '2015-06-30 23:14:14', '西安钟楼，建于明太祖朱元璋洪武十七年（公元1384年），初建在今广济街口，与鼓楼相对，明神宗万历十年（公元1582年）整体迁移于今址。现位于中国陕西省西安市的市中心，城内东西南北四条大街的交汇处（属碑林区管辖）。\r\n钟楼建在方型基座之上，为砖木结构，重楼三层檐，四角攒顶的形式，总高36米，每边长35.5米，占地面积1377平方米，内有楼梯可盘旋而上。在檐上覆盖有深绿色琉璃瓦，楼内贴金彩绘，画栋雕梁，顶部有鎏金宝顶，金碧辉煌，体现了古代汉族劳动人民的聪明智慧和高超的建筑技艺。\r\n西安钟楼是中国古代遗留下来众多钟楼中形制最大、保存最完整的一座。西安是明代西北军政重镇，所以无论从建筑规模、历史价值或艺术价值各方面来说，它都居全国同类建筑之首。', 0, 1, NULL, 11, 1),
(2, '2015-06-30 23:14:26', '西安钟楼，建于明太祖朱元璋洪武十七年（公元1384年），初建在今广济街口，与鼓楼相对，明神宗万历十年（公元1582年）整体迁移于今址。现位于中国陕西省西安市的市中心，城内东西南北四条大街的交汇处（属碑林区管辖）。\r\n钟楼建在方型基座之上，为砖木结构，重楼三层檐，四角攒顶的形式，总高36米，每边长35.5米，占地面积1377平方米，内有楼梯可盘旋而上。在檐上覆盖有深绿色琉璃瓦，楼内贴金彩绘，画栋雕梁，顶部有鎏金宝顶，金碧辉煌，体现了古代汉族劳动人民的聪明智慧和高超的建筑技艺。\r\n西安钟楼是中国古代遗留下来众多钟楼中形制最大、保存最完整的一座。西安是明代西北军政重镇，所以无论从建筑规模、历史价值或艺术价值各方面来说，它都居全国同类建筑之首。', 0, 1, NULL, 11, 1),
(3, '2015-06-30 23:21:59', '<script>alert("fff")</script>', 0, 1, NULL, 11, 1),
(4, '2015-06-30 23:23:49', '54645', 0, 1, NULL, 11, 1),
(5, '2015-06-30 23:23:56', '456456546', 0, 1, NULL, 11, 1),
(6, '2015-06-30 23:24:16', '\r\n网页下载工具\r\n网络爬虫\r\n网站抓取精灵\r\n火车头采集器\r\n展开\r\n相关术语 ', 0, 1, NULL, 11, 1),
(7, '2015-06-30 23:25:24', '西安是明代的全国军政重镇，无论从建筑规模、历史价值或艺术价值各方面衡量，都居全国同类建筑之冠。\r\n钟楼构建于方型基座之上，为砖木结构，重楼三层檐，四角攒顶的形式，总高36米。基座高8.6米，每边长35.5米，面积约1377.4平方米，内有楼梯可盘旋而上。\r\n在檐上覆盖有深绿色琉璃瓦，楼内贴金彩绘，画栋雕梁，顶部有鎏金宝顶，金碧辉煌。以它为中心辐射出东、南、西、北四条大街并分别与明城墙东、南、西、北四门相接。\r\n钟楼始建于明太祖朱元璋洪武十七年（公元1384年），因楼上悬挂铁钟一口而得名。初建时，地址在今广济街口，与鼓楼对峙。明神宗万历十年（公元1582年）由巡抚御使龚懋贤主持，将钟楼整体迁移于今址。钟楼呈典型明代建筑艺术风格，重檐斗拱，攒顶高耸，屋檐微翘，华丽庄严。\r\n据说，明太祖朱元璋登基后不久，关中一带连连发生地震，民间相传城下有条暗河，河里有条蛟龙，蛟龙在翻身，长安在震动。朱元璋怕了，心里感觉不踏实，于是想办法要压着它。道人术士们给他出了个主意，让在西安的城中心修一座钟楼，钟乃天地之音，可镇住蛟龙。为此，朱元璋专门修了一个全国最大的钟楼，并调来“天下第一名钟”景云钟前来助阵。\r\n钟楼夜景灯光\r\n钟楼夜景灯光(2张)\r\n钟楼修了，朱元璋又派他的二儿子镇守西安，这就是著名的秦藩王，秦藩王的王府就在今天的西安新城。碑林博物馆正门口那两个铜狮子，就是秦藩王王府的东西。\r\n明王朝定都南京后，其间还有一次迁都之议。有大臣主张迁都西安。朱元璋曾有些心动，专门派太子朱标赴西安实地勘察，选择宫室基址，并绘制陕西地图进献。太子朱标从陕西回到南京后，呈献了陕西地图给父亲朱元璋，并详细介绍了西安的地理优势，认为：“举天下莫关中若也，天下山川惟秦地号为险固”，提议迁都西安。此时朱元璋已经年迈，太子朱标不久以后英年早逝，这位晚年丧子的老人心力憔悴，迁都之事不了了之，西安在历史上最后一次错失了重温国都旧梦的机会，但西安钟鼓楼已按照皇家建筑级别建成，西安钟楼的重檐攒尖式屋顶和故宫中和殿相同，鼓楼的重檐歇山式屋顶和天安门城楼一样。不仅是房顶屋檐，西安钟鼓楼描龙画凤的和玺彩绘，同样只使用于皇家建筑当中，非比寻常。\r\n西安钟楼是我国古代遗留下来众多钟楼中形制最大、保存最完整的一座。[1] \r\n2建筑特色\r\n编辑\r\n形制\r\n西安钟楼远景\r\n西安钟楼远景\r\n西安钟楼下部为砖石结构的正方形基座，表面用青砖砌成，基座之上为两层木结构楼体。自地面至楼顶高36米，其中基座高8.6米。每边长35.5米，建筑面积约1,377.4平方米，内有楼梯可盘旋而上。整体呈典型明代建筑艺术风格，顶部为三重四面攒尖顶结构，由斗栱支撑，顶尖部为真金铂包裹木质内心的“金顶”。在微翘的屋檐上覆盖有深绿色琉璃瓦，楼内贴金彩绘，画栋雕梁。基座四面正中各有高约6米的十字相交的券洞，过去是东南西北四条大街交会的通道，人流车辆从券洞通过。随着城市建设的发展，券洞无法适应交通流量需要，而券洞早已封闭。钟楼周围建有公路转盘，地下有专供人行的环行通道。\r\n门窗浮雕\r\n西安钟楼的门扇槁窗雕楼精美繁复，表现出明清盛行的装饰艺术。每一层的门扇上均有8幅浮雕，每一幅浮雕均蕴含了一个古代典故。\r\n浮雕艺术\r\n西安钟楼\r\n西安钟楼\r\n第一层北门，自西向东依次为“虬髯客”“木兰从军”“文姬归汉”“吹箫引凤”“红叶题诗”“班昭读书”“博浪沙椎秦”“唱筹量沙”。\r\n第一层东门，自北向南依次为“长生殿盟誓”“连环计”“黠鼠夜扰”“挂角读书”“卞庄刺虎”“嫦娥奔月”“东坡题壁”“李白邀月”。', 0, 1, NULL, 11, 1),
(8, '2015-07-05 23:58:02', '有', 0, 1, NULL, 12, 1),
(9, '2015-07-07 16:12:57', 'jjjjjjjjjjjjjjjjjjjjjjjjjjjjjj', 0, 1, NULL, 13, 1),
(10, '2015-07-08 15:07:39', '额，这是几个意思？', 0, 1, NULL, 13, 1),
(11, '2015-07-09 13:53:40', '？？？？', 0, 1, NULL, 15, 8),
(12, '2015-07-09 13:55:18', '我没有盆友好么', 0, 1, NULL, 15, 8),
(13, '2015-07-09 14:00:33', '这都过去多久了还是刚刚', 0, 1, NULL, 15, 8),
(14, '2015-07-09 14:22:21', '....又是这样\r\n', 0, 1, NULL, 16, 8),
(15, '2015-07-09 14:38:03', '兔兔兔兔兔兔兔兔他', 0, 1, NULL, 17, 1),
(16, '2015-07-09 14:44:53', 'df', 0, 1, NULL, 11, 5),
(17, '2015-07-09 15:09:25', '天天', 0, 1, NULL, 13, 1),
(18, '2015-07-09 15:12:22', '11', 0, 1, NULL, 17, 1),
(19, '2015-07-09 15:12:32', '7876876', 0, 1, NULL, 17, 1),
(20, '2015-07-09 15:12:37', '678678', 0, 1, NULL, 17, 1),
(21, '2015-07-09 15:12:37', '678678', 0, 1, NULL, 17, 1),
(22, '2015-07-09 15:12:42', '678768', 0, 1, NULL, 17, 1),
(23, '2015-07-09 15:12:48', '67876876', 0, 1, NULL, 17, 1),
(24, '2015-07-09 15:12:52', '678768', 0, 1, NULL, 17, 1),
(25, '2015-07-09 15:12:58', '678678', 0, 1, NULL, 17, 1),
(26, '2015-07-09 15:13:02', '678678', 0, 1, NULL, 17, 1),
(27, '2015-07-09 15:13:09', '678768', 0, 1, NULL, 17, 1),
(28, '2015-07-09 15:13:14', '678678', 0, 1, NULL, 17, 1),
(29, '2015-07-09 15:49:18', '分', 0, 1, NULL, 18, 1),
(30, '2015-07-09 15:51:25', '${siteurl}user_details.htm?id=${item.user.id}${siteurl}user_details.htm?id=${item.user.id}${siteurl}user_details.htm?id=${item.user.id}${siteurl}user_details.htm?id=${item.user.id}${siteurl}user_details.htm?id=${item.user.id}${siteurl}user_details.htm?id=${item.user.id}${siteurl}user_details.htm?id=${item.user.id}${siteurl}user_details.htm?id=${item.user.id}${siteurl}user_details.htm?id=${item.user.id}${siteurl}user_details.htm?id=${item.user.id}${siteurl}user_details.htm?id=${item.user.id}${sit', 0, 1, NULL, 16, 1),
(31, '2015-07-09 15:52:23', '2014年3月31日 - 在input标签中,只需要设置maxlength=”***”即可,但是在textarea标签中,IE9及IE9以下浏览器是不支持的,IE10、IE11则支持,估计后续的版本应该都会支持...2014年3月31日 - 在input标签中,只需要设置maxlength=”***”即可,但是在textarea标签中,IE9及IE9以下浏览器是不支持的,IE10、IE11则支持,估计后续的版本应该都会支持...2014年3月31日 - 在input标签中,只需要设置maxlength=”***”即可,但是在textarea标签中,IE9及IE9以下浏览器是不支持的,IE10、IE11则支持,估计后续的版本应该都会支持...2014年3月31日 - 在input标签中,只需要设置maxlength=”***”即可,但是在textarea标签中,IE9及IE9以下浏览器是不支持的,IE10、IE11则支持,估计后续的版本应该都会支持...2014年3月31日 - 在input标签中,只需要设置maxlength=”***”即可,但是在textarea标签中,IE9及IE9', 0, 1, NULL, 16, 1),
(32, '2015-07-09 15:52:32', '2014年3月31日 - 在input标签中,只需要设置maxlength=”***”即可,但是在textarea标签中,IE9及IE9以下浏览器是不支持的,IE10、IE11则支持,估计后续的版本应该都会支持...2014年3月31日 - 在input标签中,只需要设置maxlength=”***”即可,但是在textarea标签中,IE9及IE9以下浏览器是不支持的,IE10、IE11则支持,估计后续的版本应该都会支持...2014年3月31日 - 在input标签中,只需要设置maxlength=”***”即可,但是在textarea标签中,IE9及IE9以下浏览器是不支持的,IE10、IE11则支持,估计后续的版本应该都会支持...2014年3月31日 - 在input标签中,只需要设置maxlength=”***”即可,但是在textarea标签中,IE9及IE9以下浏览器是不支持的,IE10、IE11则支持,估计后续的版本应该都会支持...2014年3月31日 - 在input标签中,只需要设置maxlength=”***”即可,但是在textarea标签中,IE9及IE9', 0, 1, NULL, 16, 1),
(33, '2015-07-09 15:52:39', '2014年3月31日 - 在input标签中,只需要设置maxlength=”***”即可,但是在textarea标签中,IE9及IE9以下浏览器是不支持的,IE10、IE11则支持,估计后续的版本应该都会支持...2014年3月31日 - 在input标签中,只需要设置maxlength=”***”即可,但是在textarea标签中,IE9及IE9以下浏览器是不支持的,IE10、IE11则支持,估计后续的版本应该都会支持...2014年3月31日 - 在input标签中,只需要设置maxlength=”***”即可,但是在textarea标签中,IE9及IE9以下浏览器是不支持的,IE10、IE11则支持,估计后续的版本应该都会支持...2014年3月31日 - 在input标签中,只需要设置maxlength=”***”即可,但是在textarea标签中,IE9及IE9以下浏览器是不支持的,IE10、IE11则支持,估计后续的版本应该都会支持...2014年3月31日 - 在input标签中,只需要设置maxlength=”***”即可,但是在textarea标签中,IE9及IE9', 0, 1, NULL, 16, 1),
(34, '2015-07-09 15:52:48', '2014年3月31日 - 在input标签中,只需要设置maxlength=”***”即可,但是在textarea标签中,IE9及IE9以下浏览器是不支持的,IE10、IE11则支持,估计后续的版本应该都会支持...2014年3月31日 - 在input标签中,只需要设置maxlength=”***”即可,但是在textarea标签中,IE9及IE9以下浏览器是不支持的,IE10、IE11则支持,估计后续的版本应该都会支持...2014年3月31日 - 在input标签中,只需要设置maxlength=”***”即可,但是在textarea标签中,IE9及IE9以下浏览器是不支持的,IE10、IE11则支持,估计后续的版本应该都会支持...2014年3月31日 - 在input标签中,只需要设置maxlength=”***”即可,但是在textarea标签中,IE9及IE9以下浏览器是不支持的,IE10、IE11则支持,估计后续的版本应该都会支持...2014年3月31日 - 在input标签中,只需要设置maxlength=”***”即可,但是在textarea标签中,IE9及IE9', 0, 1, NULL, 16, 1),
(35, '2015-07-09 15:52:53', '2014年3月31日 - 在input标签中,只需要设置maxlength=”***”即可,但是在textarea标签中,IE9及IE9以下浏览器是不支持的,IE10、IE11则支持,估计后续的版本应该都会支持...2014年3月31日 - 在input标签中,只需要设置maxlength=”***”即可,但是在textarea标签中,IE9及IE9以下浏览器是不支持的,IE10、IE11则支持,估计后续的版本应该都会支持...2014年3月31日 - 在input标签中,只需要设置maxlength=”***”即可,但是在textarea标签中,IE9及IE9以下浏览器是不支持的,IE10、IE11则支持,估计后续的版本应该都会支持...2014年3月31日 - 在input标签中,只需要设置maxlength=”***”即可,但是在textarea标签中,IE9及IE9以下浏览器是不支持的,IE10、IE11则支持,估计后续的版本应该都会支持...2014年3月31日 - 在input标签中,只需要设置maxlength=”***”即可,但是在textarea标签中,IE9及IE9', 0, 1, NULL, 16, 1),
(36, '2015-07-09 15:53:02', '2014年3月31日 - 在input标签中,只需要设置maxlength=”***”即可,但是在textarea标签中,IE9及IE9以下浏览器是不支持的,IE10、IE11则支持,估计后续的版本应该都会支持...2014年3月31日 - 在input标签中,只需要设置maxlength=”***”即可,但是在textarea标签中,IE9及IE9以下浏览器是不支持的,IE10、IE11则支持,估计后续的版本应该都会支持...2014年3月31日 - 在input标签中,只需要设置maxlength=”***”即可,但是在textarea标签中,IE9及IE9以下浏览器是不支持的,IE10、IE11则支持,估计后续的版本应该都会支持...2014年3月31日 - 在input标签中,只需要设置maxlength=”***”即可,但是在textarea标签中,IE9及IE9以下浏览器是不支持的,IE10、IE11则支持,估计后续的版本应该都会支持...2014年3月31日 - 在input标签中,只需要设置maxlength=”***”即可,但是在textarea标签中,IE9及IE9', 0, 1, NULL, 16, 1),
(37, '2015-07-09 15:53:10', '2014年3月31日 - 在input标签中,只需要设置maxlength=”***”即可,但是在textarea标签中,IE9及IE9以下浏览器是不支持的,IE10、IE11则支持,估计后续的版本应该都会支持...2014年3月31日 - 在input标签中,只需要设置maxlength=”***”即可,但是在textarea标签中,IE9及IE9以下浏览器是不支持的,IE10、IE11则支持,估计后续的版本应该都会支持...2014年3月31日 - 在input标签中,只需要设置maxlength=”***”即可,但是在textarea标签中,IE9及IE9以下浏览器是不支持的,IE10、IE11则支持,估计后续的版本应该都会支持...2014年3月31日 - 在input标签中,只需要设置maxlength=”***”即可,但是在textarea标签中,IE9及IE9以下浏览器是不支持的,IE10、IE11则支持,估计后续的版本应该都会支持...2014年3月31日 - 在input标签中,只需要设置maxlength=”***”即可,但是在textarea标签中,IE9及IE9', 0, 1, NULL, 16, 1),
(38, '2015-07-09 15:53:17', '2014年3月31日 - 在input标签中,只需要设置maxlength=”***”即可,但是在textarea标签中,IE9及IE9以下浏览器是不支持的,IE10、IE11则支持,估计后续的版本应该都会支持...2014年3月31日 - 在input标签中,只需要设置maxlength=”***”即可,但是在textarea标签中,IE9及IE9以下浏览器是不支持的,IE10、IE11则支持,估计后续的版本应该都会支持...', 0, 1, NULL, 16, 1),
(39, '2015-07-09 15:53:24', '2014年3月31日 - 在input标签中,只需要设置maxlength=”***”即可,但是在textarea标签中,IE9及IE9以下浏览器是不支持的,IE10、IE11则支持,估计后续的版本应该都会支持...', 0, 1, NULL, 16, 1),
(40, '2015-07-09 15:53:30', '2014年3月31日 - 在input标签中,只需要设置maxlength=”***”即可,但是在textarea标签中,IE9及IE9以下浏览器是不支持的,IE10、IE11则支持,估计后续的版本应该都会支持...', 0, 1, NULL, 16, 1),
(41, '2015-07-09 15:53:35', '2014年3月31日 - 在input标签中,只需要设置maxlength=”***”即可,但是在textarea标签中,IE9及IE9以下浏览器是不支持的,IE10、IE11则支持,估计后续的版本应该都会支持...', 0, 1, NULL, 16, 1),
(42, '2015-07-09 15:55:53', '\r\n到百度首页\r\n添加百度到桌面，搜索更便捷！\r\n百度首页消息(1)设置cng1985\r\n网页新闻贴吧知道音乐图片视频地图文库更多»\r\n展开\r\n其他人还搜\r\n微信公众号\r\n查工资\r\n福利\r\n低俗内容\r\n展开\r\n相关网站\r\n大众点评网\r\n职友集\r\n美团网\r\n猎聘网\r\n展开\r\n相关术语\r\n团购\r\n搜索引擎\r\n微信营销\r\n人才市场\r\n给百度提建议\r\n收起工具时间不限所有网页和文件站点内检索\r\n搜索工具\r\n百度为您找到相关结果约1,990,000个\r\n连真真的点评 - 妈妈网\r\n连真真关注发信息 河南省郑州市 妈妈圈积分: 208 24关注 1粉丝 0帖子 主页 关注的人 粉丝 品牌根据地 妈妈圈 同龄圈 问答 我的点评 收藏 点评 ...\r\nwww.mama.cn/u/27198267... \r\n - 百度快照 - 78%好评\r\n优漫卡通真真姐姐点评_百度影视\r\n优漫卡通真真姐姐点评内容来源:酷6网 播放:323189次 手机看片更爽 帮助反馈 优漫卡通真真姐姐点评 正在播放 优漫卡通真真姐姐点评 播放:323189次 嘉宾点评 韩...\r\nv.baidu.com/watch/0456... \r\n - 百度快照\r\n我爱真真哪哪点评_旅游频道_新浪网\r\n我爱真真哪', 0, 1, NULL, 19, 1),
(43, '2015-07-09 15:56:01', '++1', 0, 1, NULL, 19, 1),
(44, '2015-07-09 15:59:18', '<div class="logo"><h1><a target="_self" title="百度翻译" class="logo-image" href="/"><img width="132" height="42" alt="" src="/static/i18n/zh/widget/translate/head/logo/logo_16ea8bb7.png"></a></h1></div><div class="logo"><h1><a target="_self" title="百度翻译" class="logo-image" href="/"><img width="132" height="42" alt="" src="/static/i18n/zh/widget/translate/head/logo/logo_16ea8bb7.png"></a></h1></div><div class="logo"><h1><a target="_self" title="百度翻译" class="logo-image" href="/"><img width="132" heig', 0, 1, NULL, 19, 1),
(45, '2015-07-09 15:59:28', '', 0, 1, NULL, 19, 1),
(46, '2015-07-09 15:59:40', '百度翻译', 0, 1, NULL, 19, 1),
(47, '2015-07-30 21:18:11', 'fgfdgfdg', 0, 1, NULL, 21, 1),
(48, '2015-07-30 21:18:17', 'fgfgdfgdf', 0, 1, NULL, 21, 1);

-- --------------------------------------------------------

--
-- 表的结构 `users_role_links`
--

CREATE TABLE IF NOT EXISTS `users_role_links` (
  `user_info_id` bigint(20) NOT NULL,
  `roles_id` bigint(20) NOT NULL,
  PRIMARY KEY (`user_info_id`,`roles_id`),
  KEY `FK_6x680ioicgfhv366wuqjdmc48` (`roles_id`)
) ENGINE=InnoDB DEFAULT CHARSET=utf8;

-- --------------------------------------------------------

--
-- 表的结构 `user_city`
--

CREATE TABLE IF NOT EXISTS `user_city` (
  `id` bigint(20) NOT NULL AUTO_INCREMENT,
  `addDate` datetime DEFAULT NULL,
  `address` varchar(150) DEFAULT NULL,
  `lastDate` datetime DEFAULT NULL,
  `name` varchar(100) DEFAULT NULL,
  `state` int(11) DEFAULT NULL,
  `areaid` int(11) DEFAULT NULL,
  `userid` bigint(20) DEFAULT NULL,
  PRIMARY KEY (`id`),
  KEY `FK_5lip8rupyruno5s4rk0jhd2cl` (`areaid`),
  KEY `FK_tdshywn9hvtpdn1hhkmgkxjj3` (`userid`)
) ENGINE=InnoDB  DEFAULT CHARSET=utf8 AUTO_INCREMENT=2 ;

--
-- 转存表中的数据 `user_city`
--

INSERT INTO `user_city` (`id`, `addDate`, `address`, `lastDate`, `name`, `state`, `areaid`, `userid`) VALUES
(1, '2015-04-18 18:31:26', '西安市莲湖区青年路2-1', '2015-04-18 18:31:26', '西安市莲湖区', NULL, 111, 1);

-- --------------------------------------------------------

--
-- 表的结构 `user_compliment`
--

CREATE TABLE IF NOT EXISTS `user_compliment` (
  `id` bigint(20) NOT NULL AUTO_INCREMENT,
  `addDate` datetime DEFAULT NULL,
  `messages` varchar(255) DEFAULT NULL,
  `state` int(11) DEFAULT NULL,
  `type` varchar(255) DEFAULT NULL,
  `complimentid` bigint(20) DEFAULT NULL,
  `userid` bigint(20) DEFAULT NULL,
  PRIMARY KEY (`id`),
  KEY `FK_aifn6691av3lsckbwsjhmaan1` (`complimentid`),
  KEY `FK_cewwt87jf4q755l4f4sr6ugdj` (`userid`)
) ENGINE=InnoDB  DEFAULT CHARSET=utf8 AUTO_INCREMENT=3 ;

--
-- 转存表中的数据 `user_compliment`
--

INSERT INTO `user_compliment` (`id`, `addDate`, `messages`, `state`, `type`, `complimentid`, `userid`) VALUES
(1, '2015-05-29 12:42:41', 'jkhjk', 1, 'writer', 1, 1);

-- --------------------------------------------------------

--
-- 表的结构 `user_follow`
--

CREATE TABLE IF NOT EXISTS `user_follow` (
  `id` bigint(20) NOT NULL AUTO_INCREMENT,
  `addDate` datetime DEFAULT NULL,
  `friendid` bigint(20) DEFAULT NULL,
  `userid` bigint(20) DEFAULT NULL,
  PRIMARY KEY (`id`),
  UNIQUE KEY `UK_irpc5lbqffyltd4bctevix828` (`friendid`),
  UNIQUE KEY `UK_b2ny4gkt33dtem561w4wq209t` (`userid`)
) ENGINE=InnoDB  DEFAULT CHARSET=utf8 AUTO_INCREMENT=68 ;

--
-- 转存表中的数据 `user_follow`
--

INSERT INTO `user_follow` (`id`, `addDate`, `friendid`, `userid`) VALUES
(18, '2015-07-10 12:55:32', 9, 1),
(32, '2015-07-22 15:49:06', 8, 8);

-- --------------------------------------------------------

--
-- 表的结构 `user_friend`
--

CREATE TABLE IF NOT EXISTS `user_friend` (
  `id` bigint(20) NOT NULL AUTO_INCREMENT,
  `addDate` datetime DEFAULT NULL,
  `lastDate` datetime DEFAULT NULL,
  `name` varchar(255) DEFAULT NULL,
  `note` varchar(255) DEFAULT NULL,
  `friendid` bigint(20) DEFAULT NULL,
  `userid` bigint(20) DEFAULT NULL,
  PRIMARY KEY (`id`),
  KEY `FK_e5dyqan2ha40wsfpnyjha3u2r` (`friendid`),
  KEY `FK_ladm174uvd416a09qt2oecsho` (`userid`)
) ENGINE=InnoDB DEFAULT CHARSET=utf8 AUTO_INCREMENT=1 ;

-- --------------------------------------------------------

--
-- 表的结构 `user_friend_request`
--

CREATE TABLE IF NOT EXISTS `user_friend_request` (
  `id` bigint(20) NOT NULL AUTO_INCREMENT,
  `addDate` datetime DEFAULT NULL,
  `lastDate` datetime DEFAULT NULL,
  `name` varchar(255) DEFAULT NULL,
  `note` varchar(255) DEFAULT NULL,
  `friendid` bigint(20) DEFAULT NULL,
  `userid` bigint(20) DEFAULT NULL,
  PRIMARY KEY (`id`),
  KEY `FK_e34iertu1s5nu9wxy4eip0mqv` (`friendid`),
  KEY `FK_drnm2rxnn3q5tq778qbmmshu5` (`userid`)
) ENGINE=InnoDB DEFAULT CHARSET=utf8 AUTO_INCREMENT=1 ;

-- --------------------------------------------------------

--
-- 表的结构 `user_info`
--

CREATE TABLE IF NOT EXISTS `user_info` (
  `id` bigint(20) NOT NULL AUTO_INCREMENT,
  `addDate` datetime DEFAULT NULL,
  `email` varchar(255) DEFAULT NULL,
  `lastDate` datetime DEFAULT NULL,
  `logintimes` int(11) DEFAULT NULL,
  `macaddress` varchar(255) DEFAULT NULL,
  `name` varchar(255) DEFAULT NULL,
  `password` varchar(255) DEFAULT NULL,
  `phonenum` varchar(255) DEFAULT NULL,
  `salt` varchar(255) DEFAULT NULL,
  `username` varchar(255) DEFAULT NULL,
  `headerImg` varchar(255) DEFAULT NULL,
  `headimg` varchar(255) DEFAULT NULL,
  `comments` int(11) DEFAULT NULL,
  `friends` int(11) DEFAULT NULL,
  `goods` int(11) DEFAULT NULL,
  PRIMARY KEY (`id`)
) ENGINE=InnoDB  DEFAULT CHARSET=utf8 AUTO_INCREMENT=13 ;

--
-- 转存表中的数据 `user_info`
--

INSERT INTO `user_info` (`id`, `addDate`, `email`, `lastDate`, `logintimes`, `macaddress`, `name`, `password`, `phonenum`, `salt`, `username`, `headerImg`, `headimg`, `comments`, `friends`, `goods`) VALUES
(1, NULL, NULL, NULL, NULL, NULL, 'ada图', '4810b5ef76915343db77565560f0dcd1f11b7a5f', NULL, '9345a051977c0438', 'ada', 'http://7xiowm.com1.z0.glb.clouddn.com/c1e90103035d4b5da2bef45dbd87f1fe', 'http://7xiowm.com1.z0.glb.clouddn.com/a53df1d385684cf093a03ba7b4e980fb', NULL, NULL, NULL),
(2, '2015-05-03 16:55:31', '', '2015-05-03 16:55:31', NULL, NULL, 'ddd', '33e81800fc8a5a074d0c2b3c092a5f674658a42d', NULL, '69ed7bae0aa77546', 'cng1985', NULL, NULL, NULL, NULL, NULL),
(3, '2015-06-05 13:38:51', '', '2015-06-05 13:38:51', NULL, NULL, 'test', '870b4026233a573574336ed5d5d7a6f43f9180db', NULL, 'ccb22b5ebcc47aa1', 'test', NULL, NULL, NULL, NULL, NULL),
(4, '2015-06-25 09:57:39', '', '2015-06-25 09:57:39', NULL, NULL, '无所谓', '3a1d81898383f212c70e6e8429963fd0299fd978', NULL, '627e8c222787fac5', '无所谓', NULL, NULL, NULL, NULL, NULL),
(5, '2015-06-29 17:09:23', '', '2015-06-29 17:09:23', NULL, NULL, 'kris', '22dce94174378f6b0ac043a874ccadff45476cb9', NULL, '7533515ddb92e421', 'kris ', NULL, NULL, NULL, NULL, NULL),
(6, '2015-06-30 16:18:59', '', '2015-06-30 16:18:59', NULL, NULL, 'jennifer_wangg', '95985135f0238f5256413cb2543f5a76240e6cab', NULL, 'ac408f9d35c64cae', 'jennifer_wangg', NULL, NULL, NULL, NULL, NULL),
(7, '2015-07-08 09:32:47', '', '2015-07-08 09:32:47', NULL, NULL, '树苗变大树', '90c05720b430a20139abb4878686382a4a8d66e4', NULL, 'e09105b40bf29a6d', '13619211534', NULL, NULL, NULL, NULL, NULL),
(8, '2015-07-09 13:14:39', '', '2015-07-09 13:14:39', NULL, NULL, 'connie', '5baa5895d7868269931df734fc819260c7f18e75', NULL, '9ef0942c954f4195', 'lezhai365', NULL, NULL, NULL, NULL, NULL),
(9, '2015-07-09 17:24:56', '', '2015-07-09 17:24:56', NULL, NULL, 'wdq', '1d7450480a84df7d80a0fa2334122b1172ab416b', NULL, 'f11628e1866d0d44', 'wdq', NULL, NULL, NULL, NULL, NULL),
(10, '2015-07-14 17:16:32', '', '2015-07-14 17:16:32', NULL, NULL, 'ffff', '04ac91f808d4e8599d378905f025981d690fe328', NULL, '6aff9b2dc2d56683', 'ffff', NULL, NULL, NULL, NULL, NULL),
(11, '2015-07-19 10:15:09', '', '2015-07-19 10:15:09', NULL, NULL, 'admin', '6447e33eeb04f371ad69178d5fb98db28b8f77a6', NULL, '5254e2d76a811e08', 'admin', NULL, NULL, NULL, NULL, NULL),
(12, '2015-08-04 16:34:38', '', '2015-08-04 16:34:38', NULL, NULL, 'ada_young', 'afe30ebacc5302fd8e2c3b84f67cfa6950d8df2d', NULL, '3ea1cef7788dfdeb', 'ada2012', NULL, NULL, NULL, NULL, NULL);

-- --------------------------------------------------------

--
-- 表的结构 `user_points`
--

CREATE TABLE IF NOT EXISTS `user_points` (
  `id` bigint(20) NOT NULL AUTO_INCREMENT,
  `addshop` int(11) DEFAULT NULL,
  `commentposts` int(11) DEFAULT NULL,
  `commentshop` int(11) DEFAULT NULL,
  `points` int(11) DEFAULT NULL,
  `user_id` bigint(20) DEFAULT NULL,
  PRIMARY KEY (`id`),
  KEY `FK_ggd0nyg3ybldqllq11w0y5mev` (`user_id`)
) ENGINE=InnoDB DEFAULT CHARSET=utf8 AUTO_INCREMENT=1 ;

-- --------------------------------------------------------

--
-- 表的结构 `user_profile`
--

CREATE TABLE IF NOT EXISTS `user_profile` (
  `id` bigint(20) NOT NULL AUTO_INCREMENT,
  `blog` varchar(100) DEFAULT NULL,
  `book` varchar(100) DEFAULT NULL,
  `concert` varchar(100) DEFAULT NULL,
  `crush` varchar(100) DEFAULT NULL,
  `donttell` varchar(100) DEFAULT NULL,
  `film` varchar(100) DEFAULT NULL,
  `find_me_in` varchar(100) DEFAULT NULL,
  `first_name` varchar(100) DEFAULT NULL,
  `hometown` varchar(100) DEFAULT NULL,
  `last_name` varchar(100) DEFAULT NULL,
  `lastmeal` varchar(100) DEFAULT NULL,
  `love_name` varchar(100) DEFAULT NULL,
  `nickname` varchar(100) DEFAULT NULL,
  `notyelp` varchar(100) DEFAULT NULL,
  `primary_locale` varchar(100) DEFAULT NULL,
  `recentdiscovery` varchar(100) DEFAULT NULL,
  `reviews` varchar(100) DEFAULT NULL,
  `secondsite` varchar(100) DEFAULT NULL,
  `tagline` varchar(200) DEFAULT NULL,
  `userid` bigint(20) DEFAULT NULL,
  PRIMARY KEY (`id`),
  UNIQUE KEY `UK_kcoq7jicvcj9akokmq0kxe4ik` (`userid`)
) ENGINE=InnoDB  DEFAULT CHARSET=utf8 AUTO_INCREMENT=3 ;

--
-- 转存表中的数据 `user_profile`
--

INSERT INTO `user_profile` (`id`, `blog`, `book`, `concert`, `crush`, `donttell`, `film`, `find_me_in`, `first_name`, `hometown`, `last_name`, `lastmeal`, `love_name`, `nickname`, `notyelp`, `primary_locale`, `recentdiscovery`, `reviews`, `secondsite`, `tagline`, `userid`) VALUES
(1, '', '', '', '周润发、刘德华、周星驰', '', '', '', 'good', '西安', '', '', '踢足球', '', '', 'zh_HK', '', '', '', '', 1),
(2, '', '', '', '', '', '', '家里', 'connie', '黑龙江，佳木斯', '赵', '', '睡觉', '吃吃吃', '', 'zh_HK', '', '', '', '呃', 8);

-- --------------------------------------------------------

--
-- 表的结构 `user_relation`
--

CREATE TABLE IF NOT EXISTS `user_relation` (
  `id` bigint(20) NOT NULL AUTO_INCREMENT,
  `addDate` datetime DEFAULT NULL,
  `lastDate` datetime DEFAULT NULL,
  `message` varchar(500) DEFAULT NULL,
  `state` int(11) DEFAULT NULL,
  `friendid` bigint(20) DEFAULT NULL,
  `userid` bigint(20) DEFAULT NULL,
  PRIMARY KEY (`id`),
  UNIQUE KEY `UK_7yevi8p0wtvtaupalfeb3a729` (`friendid`),
  UNIQUE KEY `UK_ff29saffflatj52pqibq11ynt` (`userid`)
) ENGINE=InnoDB DEFAULT CHARSET=utf8 AUTO_INCREMENT=1 ;

-- --------------------------------------------------------

--
-- 表的结构 `user_role`
--

CREATE TABLE IF NOT EXISTS `user_role` (
  `id` bigint(20) NOT NULL AUTO_INCREMENT,
  `description` varchar(255) NOT NULL,
  `name` varchar(100) NOT NULL,
  PRIMARY KEY (`id`)
) ENGINE=InnoDB DEFAULT CHARSET=utf8 AUTO_INCREMENT=1 ;

--
-- 限制导出的表
--

--
-- 限制表 `area`
--
ALTER TABLE `area`
  ADD CONSTRAINT `FK_b1fm7qk6b3kqescrgun3nsh5w` FOREIGN KEY (`pid`) REFERENCES `area` (`id`);

--
-- 限制表 `area_hot`
--
ALTER TABLE `area_hot`
  ADD CONSTRAINT `FK_1r4opky92krlim5312eth1pcn` FOREIGN KEY (`areaid`) REFERENCES `area` (`id`);

--
-- 限制表 `attachmentfile`
--
ALTER TABLE `attachmentfile`
  ADD CONSTRAINT `FK_oot4npknk6ik0k1u5tedh1wte` FOREIGN KEY (`userid`) REFERENCES `user_info` (`id`);

--
-- 限制表 `channel`
--
ALTER TABLE `channel`
  ADD CONSTRAINT `FK_5kprc8vubs3h5aj0cg6d73g26` FOREIGN KEY (`pid`) REFERENCES `channel` (`id`);

--
-- 限制表 `content`
--
ALTER TABLE `content`
  ADD CONSTRAINT `FK_p9gwtr9yo2dobasuqo5v23016` FOREIGN KEY (`content_count_id`) REFERENCES `content_count` (`id`);

--
-- 限制表 `content_tags`
--
ALTER TABLE `content_tags`
  ADD CONSTRAINT `FK_jatjdemo0app2txxximtgbwt7` FOREIGN KEY (`contents_id`) REFERENCES `content` (`id`),
  ADD CONSTRAINT `FK_q156i2hjb8lytg8uouyssm1o1` FOREIGN KEY (`tags_id`) REFERENCES `content_tag` (`id`);

--
-- 限制表 `eventinfo_category`
--
ALTER TABLE `eventinfo_category`
  ADD CONSTRAINT `FK_kmfhs62nbithe9w5vx5ek0p0u` FOREIGN KEY (`pid`) REFERENCES `eventinfo_category` (`id`);

--
-- 限制表 `eventinfo_comment`
--
ALTER TABLE `eventinfo_comment`
  ADD CONSTRAINT `FK_e0m00aj71vhnndw2owhxs1jqd` FOREIGN KEY (`userid`) REFERENCES `user_info` (`id`),
  ADD CONSTRAINT `FK_1ew83pil96va5gnibvqg1glx4` FOREIGN KEY (`eventInfoid`) REFERENCES `eventinfo_entity` (`id`);

--
-- 限制表 `eventinfo_entity`
--
ALTER TABLE `eventinfo_entity`
  ADD CONSTRAINT `FK_1g113hhxc74n5r2awxmea0rsv` FOREIGN KEY (`userid`) REFERENCES `user_info` (`id`),
  ADD CONSTRAINT `FK_7inv0a93spw9islvfciuqa9kt` FOREIGN KEY (`categoryid`) REFERENCES `eventinfo_category` (`id`),
  ADD CONSTRAINT `FK_nscomr4etbxv32x4qnmofwqp3` FOREIGN KEY (`areaid`) REFERENCES `area` (`id`);

--
-- 限制表 `eventinfo_good`
--
ALTER TABLE `eventinfo_good`
  ADD CONSTRAINT `FK_bt1ravtefvimapu1yrugocsls` FOREIGN KEY (`userinfoid`) REFERENCES `user_info` (`id`),
  ADD CONSTRAINT `FK_k0mfhgm9hnrb701ao0veu2hgp` FOREIGN KEY (`eventinfoid`) REFERENCES `eventinfo_entity` (`id`);

--
-- 限制表 `eventinfo_join`
--
ALTER TABLE `eventinfo_join`
  ADD CONSTRAINT `FK_5dpaw0avy9kkt0wvqgsyi2q5g` FOREIGN KEY (`userid`) REFERENCES `user_info` (`id`),
  ADD CONSTRAINT `FK_damwy33qg76xcaseufqlwvh5p` FOREIGN KEY (`eventInfoid`) REFERENCES `eventinfo_entity` (`id`);

--
-- 限制表 `eventinfo_photo`
--
ALTER TABLE `eventinfo_photo`
  ADD CONSTRAINT `FK_dbye1wi6kwjch5erq0i1qhsnt` FOREIGN KEY (`userinfoid`) REFERENCES `user_info` (`id`),
  ADD CONSTRAINT `FK_20ssswbojyivkyi8siv8q5jic` FOREIGN KEY (`eventinfoid`) REFERENCES `eventinfo_entity` (`id`);

--
-- 限制表 `menu`
--
ALTER TABLE `menu`
  ADD CONSTRAINT `FK_g3j78mw4mbi5gtex1tod3q57h` FOREIGN KEY (`pid`) REFERENCES `menu` (`id`);

--
-- 限制表 `messages`
--
ALTER TABLE `messages`
  ADD CONSTRAINT `FK_2i36b53kmdel9k9f1ac2dhwud` FOREIGN KEY (`touserid`) REFERENCES `user_info` (`id`),
  ADD CONSTRAINT `FK_thufh35ur5mjgeyik6y0n1sti` FOREIGN KEY (`fromuserid`) REFERENCES `user_info` (`id`);

--
-- 限制表 `messages_reply`
--
ALTER TABLE `messages_reply`
  ADD CONSTRAINT `FK_bbhymd1i7kpa24ko9ai44mt4a` FOREIGN KEY (`userid`) REFERENCES `user_info` (`id`),
  ADD CONSTRAINT `FK_nqyjlffsaby8jmygug185uadj` FOREIGN KEY (`messageid`) REFERENCES `messages` (`id`);

--
-- 限制表 `notification_info`
--
ALTER TABLE `notification_info`
  ADD CONSTRAINT `FK_l6khgp977fu7mgdq4n9c9yrtu` FOREIGN KEY (`userid`) REFERENCES `user_info` (`id`),
  ADD CONSTRAINT `FK_inlv3a66uwhcmkhn399jtb205` FOREIGN KEY (`fromid`) REFERENCES `user_info` (`id`);

--
-- 限制表 `photo`
--
ALTER TABLE `photo`
  ADD CONSTRAINT `FK_a4sr1js983mgwvhta2olerm3n` FOREIGN KEY (`eventInfoid`) REFERENCES `eventinfo` (`id`),
  ADD CONSTRAINT `FK_lxfebujme3v7aq8133as5b6q1` FOREIGN KEY (`userinfoid`) REFERENCES `user_info` (`id`),
  ADD CONSTRAINT `FK_phb60qvan486w5xil6htgfxv7` FOREIGN KEY (`shopid`) REFERENCES `shop` (`id`);

--
-- 限制表 `postaction`
--
ALTER TABLE `postaction`
  ADD CONSTRAINT `FK_7kkpw3v1hi6rj811bj2gbkkgy` FOREIGN KEY (`userid`) REFERENCES `user_info` (`id`);

--
-- 限制表 `shop`
--
ALTER TABLE `shop`
  ADD CONSTRAINT `FK_4djnvirqpr2nbq20uk90qacoc` FOREIGN KEY (`userid`) REFERENCES `user_info` (`id`),
  ADD CONSTRAINT `FK_c0y4cy8a635nuogxq427i6l4m` FOREIGN KEY (`categoryid`) REFERENCES `shop_category` (`id`),
  ADD CONSTRAINT `FK_d3k2fgcy8pjxu1s4gkjhjaxoh` FOREIGN KEY (`areaid`) REFERENCES `area` (`id`);

--
-- 限制表 `shop_attr`
--
ALTER TABLE `shop_attr`
  ADD CONSTRAINT `FK_ctevx80reb5m5rnolmglg9aek` FOREIGN KEY (`shopid`) REFERENCES `shop` (`id`);

--
-- 限制表 `shop_bookmarks`
--
ALTER TABLE `shop_bookmarks`
  ADD CONSTRAINT `FK_ay406jtx4ykapbpt8176yse9p` FOREIGN KEY (`userid`) REFERENCES `user_info` (`id`),
  ADD CONSTRAINT `FK_qq5yup9w35o9rexngyuls6akm` FOREIGN KEY (`shopid`) REFERENCES `shop` (`id`);

--
-- 限制表 `shop_category`
--
ALTER TABLE `shop_category`
  ADD CONSTRAINT `FK_kf4vftcc7owwdpxmlwsfskqrk` FOREIGN KEY (`pid`) REFERENCES `shop_category` (`id`);

--
-- 限制表 `shop_category_links`
--
ALTER TABLE `shop_category_links`
  ADD CONSTRAINT `FK_i1293yprhng18wpbcmg5506bi` FOREIGN KEY (`shop_id`) REFERENCES `shop` (`id`),
  ADD CONSTRAINT `FK_iqqax2sc2b75jraesjgmyston` FOREIGN KEY (`categorys_id`) REFERENCES `shop_category` (`id`);

--
-- 限制表 `shop_image`
--
ALTER TABLE `shop_image`
  ADD CONSTRAINT `FK_pclopcrjjy3ffiqkk9sktn4vl` FOREIGN KEY (`shopid`) REFERENCES `shop` (`id`),
  ADD CONSTRAINT `FK_tou0x9ebvvdox8k3ygu66ij8x` FOREIGN KEY (`userid`) REFERENCES `user_info` (`id`);

--
-- 限制表 `shop_review`
--
ALTER TABLE `shop_review`
  ADD CONSTRAINT `FK_cq37vhafq17wu3ungahyk0wha` FOREIGN KEY (`shopid`) REFERENCES `shop` (`id`),
  ADD CONSTRAINT `FK_iwmy3huiy8rl1bn7k5q6285i2` FOREIGN KEY (`userid`) REFERENCES `user_info` (`id`);

--
-- 限制表 `shop_review_good`
--
ALTER TABLE `shop_review_good`
  ADD CONSTRAINT `FK_h36u1a37xr7mby2b2u56k5gql` FOREIGN KEY (`userid`) REFERENCES `user_info` (`id`),
  ADD CONSTRAINT `FK_il3s10f41k7getvl9ue83tf33` FOREIGN KEY (`shopreviewid`) REFERENCES `shop_review` (`id`);

--
-- 限制表 `shop_tag_links`
--
ALTER TABLE `shop_tag_links`
  ADD CONSTRAINT `FK_2g4md1h1fcvjghoi9knt9brb9` FOREIGN KEY (`shop_id`) REFERENCES `shop` (`id`),
  ADD CONSTRAINT `FK_s3i2eh5glauawieq6mduu3qtr` FOREIGN KEY (`tags_id`) REFERENCES `shop_tag` (`id`);

--
-- 限制表 `talk`
--
ALTER TABLE `talk`
  ADD CONSTRAINT `FK_11dvgdurqwk2y9xm7521t97r8` FOREIGN KEY (`areaid`) REFERENCES `talk_category_area` (`id`),
  ADD CONSTRAINT `FK_m7g5gbklp6sb5df67vmklfmkw` FOREIGN KEY (`userid`) REFERENCES `user_info` (`id`);

--
-- 限制表 `talk_category`
--
ALTER TABLE `talk_category`
  ADD CONSTRAINT `FK_j0prpopcjomh7g8telvmj8s5q` FOREIGN KEY (`pid`) REFERENCES `talk_category` (`id`);

--
-- 限制表 `talk_category_area`
--
ALTER TABLE `talk_category_area`
  ADD CONSTRAINT `FK_m8qgnp0g7p3r01rrrr30hlak8` FOREIGN KEY (`talkcategoryid`) REFERENCES `talk_category` (`id`),
  ADD CONSTRAINT `FK_oppn8rwilu0j1a03a90kyylee` FOREIGN KEY (`areaid`) REFERENCES `area` (`id`);

--
-- 限制表 `talk_reply`
--
ALTER TABLE `talk_reply`
  ADD CONSTRAINT `FK_ccshr7kw92u3usut5dl5im9dp` FOREIGN KEY (`userid`) REFERENCES `user_info` (`id`),
  ADD CONSTRAINT `FK_i1ylik0lt7pvka2xlnwhft8va` FOREIGN KEY (`talkid`) REFERENCES `talk` (`id`);

--
-- 限制表 `users_role_links`
--
ALTER TABLE `users_role_links`
  ADD CONSTRAINT `FK_6x680ioicgfhv366wuqjdmc48` FOREIGN KEY (`roles_id`) REFERENCES `user_role` (`id`),
  ADD CONSTRAINT `FK_8v43jsm00l32hdbx27dx63dc0` FOREIGN KEY (`user_info_id`) REFERENCES `user_info` (`id`);

--
-- 限制表 `user_city`
--
ALTER TABLE `user_city`
  ADD CONSTRAINT `FK_5lip8rupyruno5s4rk0jhd2cl` FOREIGN KEY (`areaid`) REFERENCES `area` (`id`),
  ADD CONSTRAINT `FK_tdshywn9hvtpdn1hhkmgkxjj3` FOREIGN KEY (`userid`) REFERENCES `user_info` (`id`);

--
-- 限制表 `user_compliment`
--
ALTER TABLE `user_compliment`
  ADD CONSTRAINT `FK_aifn6691av3lsckbwsjhmaan1` FOREIGN KEY (`complimentid`) REFERENCES `user_info` (`id`),
  ADD CONSTRAINT `FK_cewwt87jf4q755l4f4sr6ugdj` FOREIGN KEY (`userid`) REFERENCES `user_info` (`id`);

--
-- 限制表 `user_follow`
--
ALTER TABLE `user_follow`
  ADD CONSTRAINT `FK_b2ny4gkt33dtem561w4wq209t` FOREIGN KEY (`userid`) REFERENCES `user_info` (`id`),
  ADD CONSTRAINT `FK_irpc5lbqffyltd4bctevix828` FOREIGN KEY (`friendid`) REFERENCES `user_info` (`id`);

--
-- 限制表 `user_friend`
--
ALTER TABLE `user_friend`
  ADD CONSTRAINT `FK_ladm174uvd416a09qt2oecsho` FOREIGN KEY (`userid`) REFERENCES `user_info` (`id`),
  ADD CONSTRAINT `FK_e5dyqan2ha40wsfpnyjha3u2r` FOREIGN KEY (`friendid`) REFERENCES `user_info` (`id`);

--
-- 限制表 `user_friend_request`
--
ALTER TABLE `user_friend_request`
  ADD CONSTRAINT `FK_drnm2rxnn3q5tq778qbmmshu5` FOREIGN KEY (`userid`) REFERENCES `user_info` (`id`),
  ADD CONSTRAINT `FK_e34iertu1s5nu9wxy4eip0mqv` FOREIGN KEY (`friendid`) REFERENCES `user_info` (`id`);

--
-- 限制表 `user_points`
--
ALTER TABLE `user_points`
  ADD CONSTRAINT `FK_ggd0nyg3ybldqllq11w0y5mev` FOREIGN KEY (`user_id`) REFERENCES `user_info` (`id`);

--
-- 限制表 `user_profile`
--
ALTER TABLE `user_profile`
  ADD CONSTRAINT `FK_kcoq7jicvcj9akokmq0kxe4ik` FOREIGN KEY (`userid`) REFERENCES `user_info` (`id`);

--
-- 限制表 `user_relation`
--
ALTER TABLE `user_relation`
  ADD CONSTRAINT `FK_7yevi8p0wtvtaupalfeb3a729` FOREIGN KEY (`friendid`) REFERENCES `user_info` (`id`),
  ADD CONSTRAINT `FK_ff29saffflatj52pqibq11ynt` FOREIGN KEY (`userid`) REFERENCES `user_info` (`id`);

/*!40101 SET CHARACTER_SET_CLIENT=@OLD_CHARACTER_SET_CLIENT */;
/*!40101 SET CHARACTER_SET_RESULTS=@OLD_CHARACTER_SET_RESULTS */;
/*!40101 SET COLLATION_CONNECTION=@OLD_COLLATION_CONNECTION */;
